{"type":"FeatureCollection","name":"maplibre-us-states-atlas","source":"U.S. Census Bureau TIGERweb Generalized_ACS2023 State_County MapServer layer 7, public domain/CC0 via data.gov metadata","features":[{"type":"Feature","properties":{"id":"utah","name":"Utah","state":"UT","fips":"49","source":"U.S. Census TIGERweb ACS2023 generalized state layer"},"geometry":{"type":"Polygon","coordinates":[[[-114.053,37.5928],[-114.0506,37.0004],[-109.0452,36.9991],[-109.0501,41.0007],[-111.0467,40.998],[-111.0467,42.0017],[-114.0415,41.9939],[-114.053,37.5928]]]}},{"type":"Feature","properties":{"id":"oklahoma","name":"Oklahoma","state":"OK","fips":"40","source":"U.S. Census TIGERweb ACS2023 generalized state layer"},"geometry":{"type":"Polygon","coordinates":[[[-103.0026,36.5266],[-100.0004,36.4997],[-100.0004,34.5605],[-99.9232,34.5746],[-99.695,34.3783],[-99.403,34.3735],[-99.3696,34.4587],[-99.2069,34.3383],[-99.1895,34.2143],[-98.757,34.1246],[-98.5998,34.1606],[-98.4863,34.0626],[-98.3656,34.157],[-98.1095,34.1541],[-98.0882,34.0055],[-97.9457,33.9898],[-97.9678,33.8824],[-97.8343,33.8577],[-97.6718,33.9914],[-97.4265,33.8194],[-97.2109,33.9161],[-97.1261,33.7169],[-96.9813,33.9564],[-96.7616,33.8244],[-96.6672,33.9169],[-96.5879,33.8948],[-96.6293,33.8455],[-96.3483,33.6864],[-96.1481,33.8378],[-95.7706,33.8453],[-95.5938,33.943],[-95.5452,33.8803],[-95.2893,33.8731],[-95.2176,33.9626],[-94.8693,33.7459],[-94.4875,33.6289],[-94.4307,35.3925],[-94.6179,36.4994],[-94.618,36.9989],[-103.0022,37.0001],[-103.0026,36.5266]]]}},{"type":"Feature","properties":{"id":"tennessee","name":"Tennessee","state":"TN","fips":"47","source":"U.S. Census TIGERweb ACS2023 generalized state layer"},"geometry":{"type":"Polygon","coordinates":[[[-90.3105,35.0027],[-84.3219,34.9884],[-84.2902,35.2256],[-84.0526,35.27],[-84.023,35.4117],[-83.8801,35.5187],[-83.4983,35.563],[-83.1592,35.7649],[-82.9921,35.7739],[-82.92,35.9284],[-82.805,35.9272],[-82.6372,36.0658],[-82.5579,35.9539],[-82.3552,36.1156],[-82.0331,36.1204],[-81.9081,36.302],[-81.7074,36.3352],[-81.6469,36.6119],[-83.6907,36.5826],[-88.0705,36.6781],[-88.0532,36.4971],[-89.5392,36.4979],[-89.5132,36.3599],[-89.6203,36.323],[-89.5347,36.2526],[-89.7053,36.2399],[-89.5922,36.1501],[-89.7331,36.0008],[-89.6436,35.8897],[-89.7431,35.9112],[-89.6965,35.8206],[-89.9583,35.7266],[-89.8512,35.6574],[-89.9579,35.5873],[-89.9046,35.5193],[-90.0345,35.5526],[-90.0033,35.4296],[-90.0543,35.3893],[-90.1077,35.4769],[-90.1793,35.3852],[-90.0807,35.3857],[-90.1688,35.2791],[-90.0652,35.1394],[-90.3105,35.0027]]]}},{"type":"Feature","properties":{"id":"wyoming","name":"Wyoming","state":"WY","fips":"56","source":"U.S. Census TIGERweb ACS2023 generalized state layer"},"geometry":{"type":"Polygon","coordinates":[[[-111.0546,45.001],[-111.0467,40.998],[-104.0532,41.0014],[-104.0579,44.9976],[-111.0546,45.001]]]}},{"type":"Feature","properties":{"id":"indiana","name":"Indiana","state":"IN","fips":"18","source":"U.S. Census TIGERweb ACS2023 generalized state layer"},"geometry":{"type":"Polygon","coordinates":[[[-88.0978,37.904],[-88.0259,37.8327],[-88.09,37.8168],[-87.9526,37.7717],[-87.8981,37.9275],[-87.6154,37.832],[-87.59,37.9755],[-87.111,37.7824],[-87.0342,37.9063],[-86.8201,37.9994],[-86.6383,37.8427],[-86.5066,37.9307],[-86.4632,38.1193],[-86.3238,38.1384],[-86.3577,38.1988],[-86.2672,38.0568],[-86.0423,37.9582],[-85.9257,38.0218],[-85.8292,38.2765],[-85.6836,38.2955],[-85.6045,38.4408],[-85.4224,38.5329],[-85.4363,38.7285],[-85.173,38.688],[-84.8129,38.7861],[-84.7852,38.8804],[-84.877,38.909],[-84.8299,38.9694],[-84.8969,39.0575],[-84.8202,39.1055],[-84.8059,41.7602],[-86.8248,41.7602],[-87.299,41.6191],[-87.5242,41.7083],[-87.5316,39.3481],[-87.6205,39.3071],[-87.5746,39.2184],[-87.6587,39.136],[-87.5122,38.9544],[-87.4961,38.7421],[-87.839,38.2823],[-87.9876,38.2574],[-87.9114,38.1617],[-88.0421,38.0463],[-88.0152,37.8908],[-88.0978,37.904]]]}},{"type":"Feature","properties":{"id":"delaware","name":"Delaware","state":"DE","fips":"10","source":"U.S. Census TIGERweb ACS2023 generalized state layer"},"geometry":{"type":"MultiPolygon","coordinates":[[[[-75.7887,39.6596],[-75.6937,38.4601],[-75.0489,38.4513],[-75.092,38.8039],[-75.3041,38.9132],[-75.409,39.2641],[-75.5923,39.4676],[-75.6132,39.621],[-75.4234,39.8066],[-75.6628,39.8211],[-75.7887,39.6596]]],[[[-75.5675,39.5102],[-75.5655,39.5094],[-75.5613,39.5195],[-75.5675,39.5102]]],[[[-75.5708,39.6268],[-75.5562,39.6064],[-75.5594,39.6298],[-75.5708,39.6268]]],[[[-75.5797,39.5979],[-75.5721,39.5859],[-75.5649,39.589],[-75.5797,39.5979]]]]}},{"type":"Feature","properties":{"id":"georgia","name":"Georgia","state":"GA","fips":"13","source":"U.S. Census TIGERweb ACS2023 generalized state layer"},"geometry":{"type":"MultiPolygon","coordinates":[[[[-85.6052,34.9847],[-85.1844,32.8613],[-84.963,32.4242],[-85.0071,32.3284],[-84.8891,32.2609],[-85.0611,32.1341],[-85.1418,31.8393],[-85.0413,31.541],[-85.1075,31.1865],[-84.9135,30.7523],[-82.2148,30.5686],[-82.1618,30.3579],[-82.0368,30.3779],[-82.0448,30.7285],[-81.9495,30.8279],[-81.4441,30.7097],[-81.4034,30.9579],[-81.4937,30.9775],[-81.2905,31.2177],[-81.2943,31.3686],[-81.1787,31.5182],[-81.2983,31.5335],[-81.1604,31.5704],[-81.1311,31.6958],[-81.2036,31.7194],[-80.8435,32.0236],[-81.1154,32.1147],[-81.187,32.4636],[-81.4181,32.6283],[-81.4923,33.0093],[-81.7541,33.1505],[-81.9397,33.3449],[-81.9263,33.4629],[-82.5568,33.9454],[-82.8588,34.4552],[-83.3426,34.683],[-83.3067,34.8148],[-83.1029,34.9973],[-85.6052,34.9847]]],[[[-81.2794,31.3079],[-81.2719,31.3041],[-81.2707,31.3105],[-81.2794,31.3079]]]]}},{"type":"Feature","properties":{"id":"new-york","name":"New York","state":"NY","fips":"36","source":"U.S. Census TIGERweb ACS2023 generalized state layer"},"geometry":{"type":"MultiPolygon","coordinates":[[[[-79.7622,42.2431],[-79.7614,41.9991],[-75.3596,41.9994],[-75.2605,41.8638],[-75.0722,41.8137],[-75.0746,41.6057],[-74.9833,41.4809],[-74.7385,41.4306],[-73.8936,40.9972],[-74.0417,40.6264],[-73.8792,40.5747],[-73.9405,40.544],[-73.055,40.6664],[-71.8565,41.071],[-72.1022,40.9915],[-72.2759,41.0366],[-72.3392,41.115],[-72.2788,41.1587],[-72.6356,40.982],[-73.1184,40.9773],[-73.2284,40.906],[-73.4021,40.9544],[-73.3576,40.893],[-73.4854,40.9464],[-73.4694,40.8664],[-73.6331,40.9027],[-73.7562,40.7664],[-73.8142,40.8259],[-73.6563,40.9797],[-73.7278,41.1007],[-73.4827,41.2128],[-73.551,41.2954],[-73.5081,42.0863],[-73.265,42.7459],[-73.2416,43.535],[-73.3062,43.628],[-73.4312,43.5883],[-73.3506,43.7719],[-73.4377,44.045],[-73.2936,44.4406],[-73.3902,44.6184],[-73.3431,45.0108],[-74.8266,45.0158],[-75.2831,44.8492],[-75.913,44.3681],[-76.3126,44.199],[-76.3707,44.1005],[-76.2814,43.9609],[-76.2016,44.079],[-76.1188,44.0345],[-76.1998,43.9683],[-76.0591,43.9857],[-76.2974,43.8559],[-76.2132,43.7535],[-76.2099,43.5601],[-76.7841,43.3123],[-77.5395,43.2351],[-77.7602,43.3412],[-78.4859,43.3749],[-79.0705,43.2625],[-79.0745,43.0779],[-78.8535,42.784],[-79.7622,42.2431]]],[[[-72.0377,41.2513],[-71.9226,41.2923],[-72.0231,41.2748],[-72.0377,41.2513]]],[[[-72.1429,41.0978],[-72.087,41.059],[-72.0779,41.0999],[-72.1429,41.0978]]],[[[-72.2114,41.1766],[-72.1973,41.1655],[-72.1618,41.1903],[-72.2114,41.1766]]],[[[-73.7724,40.8595],[-73.7698,40.845],[-73.7656,40.8557],[-73.7724,40.8595]]],[[[-73.7724,40.8848],[-73.7677,40.881],[-73.7671,40.886],[-73.7724,40.8848]]],[[[-73.7923,40.8554],[-73.783,40.8375],[-73.7822,40.8467],[-73.7923,40.8554]]],[[[-74.0263,40.6863],[-74.0121,40.6907],[-74.0195,40.6934],[-74.0263,40.6863]]],[[[-74.0399,40.7008],[-74.0422,40.7],[-74.039,40.6976],[-74.0399,40.7008]]],[[[-74.0471,40.6911],[-74.0457,40.6886],[-74.0432,40.6893],[-74.0471,40.6911]]],[[[-74.1615,40.6442],[-74.1613,40.6418],[-74.1572,40.643],[-74.1615,40.6442]]],[[[-74.2556,40.5079],[-74.1354,40.5304],[-74.0715,40.6428],[-74.1877,40.6426],[-74.2556,40.5079]]],[[[-76.1474,43.9428],[-76.145,43.9409],[-76.142,43.9428],[-76.1474,43.9428]]],[[[-76.1873,44.0138],[-76.1766,44.0172],[-76.1697,44.0249],[-76.1873,44.0138]]],[[[-76.2179,43.8956],[-76.2172,43.8924],[-76.2109,43.8958],[-76.2179,43.8956]]],[[[-76.2264,43.8877],[-76.2238,43.8856],[-76.221,43.8885],[-76.2264,43.8877]]],[[[-76.3365,44.0345],[-76.3213,44.0312],[-76.3176,44.0503],[-76.3365,44.0345]]],[[[-76.356,43.8801],[-76.3271,43.8819],[-76.3029,43.9172],[-76.356,43.8801]]],[[[-76.374,43.8753],[-76.3673,43.8757],[-76.3644,43.8789],[-76.374,43.8753]]],[[[-76.3817,44.0396],[-76.3609,44.0336],[-76.3418,44.052],[-76.3817,44.0396]]],[[[-76.3988,43.8848],[-76.3958,43.8829],[-76.3923,43.8879],[-76.3988,43.8848]]],[[[-76.446,43.8903],[-76.3794,43.9211],[-76.4064,43.9207],[-76.446,43.8903]]]]}},{"type":"Feature","properties":{"id":"connecticut","name":"Connecticut","state":"CT","fips":"09","source":"U.S. Census TIGERweb ACS2023 generalized state layer"},"geometry":{"type":"MultiPolygon","coordinates":[[[[-73.7278,41.1007],[-73.6568,40.9877],[-73.103,41.1514],[-72.9131,41.2967],[-72.7061,41.2439],[-71.8575,41.3208],[-71.7977,41.4167],[-71.8006,42.0236],[-73.4873,42.0496],[-73.551,41.2954],[-73.4827,41.2128],[-73.7278,41.1007]]],[[[-72.2259,41.2938],[-72.2239,41.2935],[-72.2238,41.2949],[-72.2259,41.2938]]],[[[-72.7614,41.2423],[-72.7403,41.2565],[-72.7589,41.2538],[-72.7614,41.2423]]],[[[-72.7643,41.2592],[-72.7612,41.259],[-72.7623,41.2604],[-72.7643,41.2592]]],[[[-73.2172,41.1439],[-73.2153,41.1426],[-73.215,41.1445],[-73.2172,41.1439]]],[[[-73.3642,41.0889],[-73.3698,41.0888],[-73.3551,41.0835],[-73.3642,41.0889]]],[[[-73.3942,41.0674],[-73.3862,41.0584],[-73.3813,41.0707],[-73.3942,41.0674]]],[[[-73.4169,41.0539],[-73.4222,41.0476],[-73.3991,41.061],[-73.4169,41.0539]]],[[[-73.6134,40.9889],[-73.6125,40.9875],[-73.6076,40.9904],[-73.6134,40.9889]]],[[[-73.6306,40.9807],[-73.6219,40.9825],[-73.6295,40.9836],[-73.6306,40.9807]]],[[[-73.6458,40.996],[-73.6391,40.9895],[-73.6384,40.9941],[-73.6458,40.996]]]]}},{"type":"Feature","properties":{"id":"north-dakota","name":"North Dakota","state":"ND","fips":"38","source":"U.S. Census TIGERweb ACS2023 generalized state layer"},"geometry":{"type":"Polygon","coordinates":[[[-104.0487,48.8638],[-104.0454,45.9453],[-96.5625,45.9371],[-96.5998,46.3304],[-96.7979,46.6291],[-96.7533,46.9246],[-96.8395,47.0067],[-96.8511,47.5979],[-97.1467,48.1432],[-97.1753,48.5625],[-97.0903,48.6845],[-97.2287,49.0006],[-104.0487,48.9999],[-104.0487,48.8638]]]}},{"type":"Feature","properties":{"id":"maryland","name":"Maryland","state":"MD","fips":"24","source":"U.S. Census TIGERweb ACS2023 generalized state layer"},"geometry":{"type":"MultiPolygon","coordinates":[[[[-79.4876,39.28],[-79.4732,39.2021],[-79.1032,39.476],[-78.9568,39.4403],[-78.7658,39.6485],[-78.7602,39.5822],[-78.5659,39.5194],[-78.1766,39.696],[-77.838,39.6061],[-77.8889,39.5559],[-77.766,39.4957],[-77.7596,39.3373],[-77.4602,39.2284],[-77.5273,39.1462],[-77.4614,39.0752],[-77.1198,38.9343],[-77.041,38.9951],[-76.9094,38.8928],[-77.2377,38.5519],[-77.2502,38.3828],[-77.0164,38.4456],[-76.9239,38.2897],[-76.8421,38.2545],[-76.8271,38.3474],[-76.7786,38.2285],[-76.5943,38.2158],[-76.4733,38.103],[-76.4389,38.1608],[-76.3222,38.0379],[-76.375,38.2994],[-76.4763,38.3135],[-76.3815,38.3853],[-76.506,38.5046],[-76.56,38.7626],[-76.4802,38.9777],[-76.3945,39.0127],[-76.5865,39.2613],[-76.4425,39.1954],[-76.4088,39.3117],[-76.3292,39.315],[-76.3571,39.3941],[-76.2817,39.2997],[-76.2415,39.4613],[-76.227,39.3499],[-76.0605,39.4483],[-76.0961,39.5369],[-75.9449,39.593],[-76.041,39.3942],[-75.9861,39.3795],[-76.1704,39.3321],[-76.2746,39.1655],[-76.216,39.01],[-76.2078,39.0963],[-76.1343,39.1043],[-76.164,38.9995],[-76.3053,39.0389],[-76.3617,38.9392],[-76.3682,38.8361],[-76.21,38.9463],[-76.1553,38.7723],[-76.255,38.8623],[-76.3397,38.6706],[-76.2246,38.7604],[-76.0265,38.5668],[-76.2861,38.6257],[-76.2202,38.5319],[-76.3335,38.4821],[-76.2264,38.31],[-76.1257,38.239],[-76.2253,38.3951],[-76.032,38.2167],[-76.0114,38.3768],[-75.9703,38.2338],[-75.8503,38.3664],[-75.9203,38.2644],[-75.8013,38.2537],[-75.9596,38.1371],[-75.7885,38.1458],[-75.8788,38.0761],[-75.7737,38.0771],[-75.8728,38.032],[-75.885,37.9117],[-75.7468,37.9877],[-75.2425,38.027],[-75.0546,38.4148],[-75.6937,38.4601],[-75.7886,39.7222],[-79.4767,39.7211],[-79.4876,39.28]]],[[[-76.05,37.9901],[-75.9939,37.9535],[-75.9801,38.0049],[-76.05,37.9901]]],[[[-76.0542,38.0943],[-76.0127,38.0721],[-76.0147,38.1316],[-76.0542,38.0943]]],[[[-76.0654,38.1298],[-76.0645,38.1255],[-76.0611,38.1269],[-76.0654,38.1298]]],[[[-76.0888,38.1631],[-76.0224,38.1738],[-76.0638,38.205],[-76.0888,38.1631]]],[[[-76.0897,38.1468],[-76.0856,38.1386],[-76.0844,38.1454],[-76.0897,38.1468]]],[[[-76.0903,38.1197],[-76.0859,38.1167],[-76.0845,38.1227],[-76.0903,38.1197]]],[[[-76.0921,39.5352],[-76.0903,39.5338],[-76.0882,39.536],[-76.0921,39.5352]]],[[[-76.2492,38.9089],[-76.2458,38.9051],[-76.2431,38.9121],[-76.2492,38.9089]]],[[[-76.2644,38.342],[-76.2545,38.3249],[-76.2546,38.3407],[-76.2644,38.342]]],[[[-76.2723,39.2746],[-76.258,39.2878],[-76.2604,39.2925],[-76.2723,39.2746]]],[[[-76.3257,39.314],[-76.3241,39.3126],[-76.3214,39.3129],[-76.3257,39.314]]],[[[-76.3855,39.2476],[-76.3715,39.238],[-76.3438,39.2573],[-76.3855,39.2476]]],[[[-76.3907,38.7663],[-76.3633,38.7466],[-76.3752,38.7826],[-76.3907,38.7663]]],[[[-76.3953,39.2333],[-76.3934,39.2319],[-76.3903,39.2347],[-76.3953,39.2333]]],[[[-76.7473,38.2156],[-76.745,38.2072],[-76.7423,38.209],[-76.7473,38.2156]]],[[[-76.7964,38.2382],[-76.7931,38.2352],[-76.7898,38.2384],[-76.7964,38.2382]]],[[[-76.8122,38.2523],[-76.8089,38.2509],[-76.8109,38.2529],[-76.8122,38.2523]]]]}},{"type":"Feature","properties":{"id":"kansas","name":"Kansas","state":"KS","fips":"20","source":"U.S. Census TIGERweb ACS2023 generalized state layer"},"geometry":{"type":"Polygon","coordinates":[[[-102.0517,40.0031],[-102.0421,36.993],[-94.618,36.9989],[-94.5884,39.1499],[-94.8238,39.2099],[-94.885,39.3898],[-95.1093,39.5423],[-94.9653,39.7391],[-94.8629,39.743],[-94.9439,39.8981],[-95.0902,39.8631],[-95.3083,40.0],[-102.0517,40.0031]]]}},{"type":"Feature","properties":{"id":"idaho","name":"Idaho","state":"ID","fips":"16","source":"U.S. Census TIGERweb ACS2023 generalized state layer"},"geometry":{"type":"Polygon","coordinates":[[[-117.2427,44.3965],[-117.1981,44.2738],[-116.8941,44.1602],[-117.0329,43.83],[-117.0262,41.9999],[-111.0467,42.0017],[-111.049,44.4741],[-111.3851,44.7549],[-111.5162,44.6441],[-111.4683,44.539],[-112.286,44.5686],[-112.3873,44.4476],[-112.7798,44.4846],[-112.8551,44.36],[-113.0051,44.4537],[-113.1318,44.773],[-113.4551,44.8654],[-113.452,45.0592],[-113.6925,45.2634],[-113.7666,45.5209],[-113.8345,45.5211],[-113.8074,45.6028],[-113.9353,45.6943],[-114.3296,45.46],[-114.565,45.5578],[-114.4954,45.7031],[-114.5665,45.7733],[-114.3873,45.8878],[-114.5271,46.1462],[-114.4441,46.1693],[-114.3211,46.6475],[-114.6053,46.6358],[-114.6646,46.7391],[-114.7673,46.6972],[-115.3201,47.2567],[-115.7593,47.4239],[-115.63,47.4796],[-115.7557,47.5483],[-115.6885,47.5943],[-115.7228,47.6947],[-116.0491,47.9768],[-116.0491,49.0008],[-117.0324,48.9992],[-117.0626,46.3525],[-116.9219,46.1678],[-116.982,46.0849],[-116.8598,45.9073],[-116.5466,45.751],[-116.4636,45.6028],[-116.8479,45.0226],[-116.8524,44.8876],[-117.0623,44.7271],[-117.2427,44.3965]]]}},{"type":"Feature","properties":{"id":"alaska","name":"Alaska","state":"AK","fips":"02","source":"U.S. Census TIGERweb ACS2023 generalized state layer"},"geometry":{"type":"MultiPolygon","coordinates":[[[[-168.1202,65.6479],[-167.465,65.4135],[-166.3606,65.2886],[-166.6315,65.1254],[-166.5444,65.1194],[-166.9201,65.1466],[-166.8426,65.2788],[-166.9516,65.1609],[-166.4203,64.8796],[-166.4723,64.7246],[-166.1999,64.5789],[-165.0084,64.4345],[-164.3073,64.5615],[-163.6491,64.568],[-163.1499,64.398],[-163.0303,64.5144],[-163.3607,64.5856],[-163.1357,64.6489],[-163.0456,64.5405],[-162.837,64.4894],[-162.7877,64.3248],[-162.6314,64.3854],[-162.5434,64.5315],[-162.1811,64.6781],[-161.6693,64.7885],[-161.4263,64.759],[-161.1749,64.9281],[-160.7816,64.7155],[-160.8003,64.6121],[-161.09,64.5395],[-161.0123,64.5017],[-161.3845,64.533],[-161.5334,64.4143],[-161.2658,64.3979],[-160.9707,64.23],[-160.9392,64.057],[-160.768,63.8353],[-160.801,63.7363],[-161.1398,63.5019],[-162.1385,63.429],[-162.0061,63.4843],[-162.3138,63.5417],[-162.2725,63.485],[-162.6626,63.2272],[-163.231,63.0376],[-163.7566,63.2152],[-164.3669,63.2313],[-164.5853,63.1247],[-164.5343,63.0309],[-164.8113,62.9106],[-164.8725,62.7337],[-164.7663,62.6017],[-164.8523,62.5699],[-164.7799,62.5384],[-164.8426,62.4735],[-164.8439,62.5319],[-165.0724,62.5307],[-165.6679,62.1554],[-165.7598,62.0019],[-165.6234,61.8447],[-166.1032,61.8119],[-166.0108,61.7201],[-165.7538,61.6752],[-166.151,61.6327],[-166.1459,61.7064],[-166.1493,61.5119],[-165.7815,61.5136],[-165.7663,61.4597],[-165.9233,61.3898],[-165.8471,61.3114],[-165.5974,61.2899],[-165.5982,61.1094],[-165.3747,61.0819],[-165.3001,61.1811],[-164.9524,61.0693],[-165.1924,60.9667],[-164.9262,60.9483],[-164.9588,60.8968],[-164.8685,60.8332],[-165.0341,60.7867],[-164.9949,60.6989],[-165.4184,60.5554],[-165.3779,60.5108],[-164.9713,60.5396],[-165.1406,60.4446],[-164.8863,60.3122],[-164.669,60.3072],[-164.3883,60.0773],[-164.1259,59.9926],[-164.2214,59.9443],[-164.1414,59.8452],[-163.9466,59.8055],[-163.3567,59.8166],[-162.5561,59.9783],[-162.4781,60.0301],[-162.49,60.1457],[-162.3726,60.1691],[-161.7012,59.4984],[-162.0564,59.271],[-161.8218,59.0506],[-161.7589,58.7933],[-161.8892,58.6545],[-162.1752,58.6499],[-161.8209,58.6287],[-161.7701,58.5513],[-161.3051,58.6792],[-161.3742,58.7027],[-160.9658,58.8748],[-160.8238,58.8291],[-160.3302,59.0743],[-160.2533,58.9851],[-160.3289,58.9441],[-159.998,58.8756],[-159.9099,58.7683],[-159.7512,58.8431],[-159.7427,58.9255],[-159.6161,58.9338],[-159.651,58.8398],[-159.4498,58.7982],[-159.0615,58.4264],[-158.892,58.3943],[-158.6969,58.4922],[-158.9048,58.747],[-158.8028,58.736],[-158.7772,58.8799],[-158.4249,59.0669],[-158.3436,59.0464],[-158.4817,58.9994],[-158.5633,58.8046],[-158.2029,58.6144],[-157.1059,58.8677],[-156.9293,58.9738],[-157.0518,58.7119],[-157.4519,58.5056],[-157.5346,58.3893],[-157.5362,58.2716],[-157.3883,58.2053],[-157.5806,58.1233],[-157.7043,57.7154],[-157.5877,57.4938],[-157.7565,57.5539],[-158.3796,57.2465],[-158.6795,56.9908],[-158.6493,56.8028],[-158.8931,56.8073],[-158.95,56.8443],[-158.8388,56.89],[-158.891,56.8812],[-160.3504,56.2835],[-160.5869,55.9797],[-160.2437,55.8522],[-160.3188,55.8175],[-160.2518,55.7678],[-160.7932,55.886],[-160.6516,55.7393],[-160.6854,55.6959],[-161.0238,55.897],[-160.8545,55.9303],[-160.8681,55.9971],[-161.2852,55.9712],[-161.0955,56.0153],[-162.0577,55.7888],[-162.5913,55.4527],[-162.5045,55.4628],[-162.5219,55.3668],[-162.6417,55.3926],[-162.8993,55.27],[-162.8679,55.1802],[-163.0844,55.1763],[-163.002,55.2476],[-163.4208,55.0675],[-163.2998,55.11],[-163.2967,54.9743],[-163.2187,54.9337],[-163.3396,54.9527],[-163.3572,54.8108],[-163.0266,54.9476],[-163.2162,55.0283],[-163.1846,55.0977],[-163.0073,55.0805],[-162.8811,54.9337],[-162.5535,54.9571],[-162.5881,55.1413],[-162.7245,55.2172],[-162.6398,55.3047],[-162.348,55.1066],[-162.521,55.1154],[-162.413,55.0316],[-162.2205,55.0266],[-162.1707,55.155],[-162.0558,55.0718],[-161.964,55.1041],[-162.0393,55.227],[-161.8783,55.2237],[-161.5876,55.6198],[-161.3588,55.6106],[-161.4922,55.4868],[-161.5039,55.3609],[-161.2421,55.3562],[-160.9079,55.5248],[-160.6696,55.4609],[-160.6621,55.5192],[-160.7711,55.5433],[-160.5952,55.6087],[-160.5034,55.4764],[-160.3554,55.6079],[-160.4216,55.6611],[-160.1344,55.6622],[-160.1529,55.7387],[-160.0555,55.6964],[-160.0322,55.7872],[-159.8732,55.7838],[-159.821,55.8562],[-159.6063,55.8105],[-159.7076,55.6589],[-159.6294,55.6087],[-159.7472,55.602],[-159.5958,55.5648],[-159.4944,55.7658],[-159.532,55.8867],[-159.4541,55.8962],[-159.4197,55.7868],[-159.355,55.8768],[-158.9131,55.9154],[-158.8437,56.0154],[-158.6679,55.9507],[-158.64,56.0197],[-158.7255,56.0494],[-158.6484,56.0886],[-158.7241,56.1558],[-158.6365,56.1132],[-158.5502,56.1716],[-158.6219,56.202],[-158.4552,56.1901],[-158.5984,56.0488],[-158.4925,56.0703],[-158.554,56.0215],[-158.4314,55.9928],[-158.4918,56.1133],[-158.4003,56.0619],[-158.4427,56.1382],[-158.3854,56.1879],[-158.3487,56.1244],[-158.1145,56.2393],[-158.3991,56.2038],[-158.1958,56.286],[-158.4954,56.3343],[-158.4053,56.4537],[-158.1301,56.4609],[-158.1354,56.5221],[-157.863,56.4729],[-157.84,56.5666],[-158.1338,56.5403],[-157.7637,56.6792],[-157.6778,56.6082],[-157.4668,56.6228],[-157.5618,56.706],[-157.4016,56.7629],[-157.4369,56.8585],[-157.2007,56.7644],[-156.9236,56.9625],[-156.8064,56.905],[-156.7745,57.0337],[-156.558,56.977],[-156.6109,57.049],[-156.3178,57.1873],[-156.4037,57.2231],[-156.3285,57.3176],[-156.5335,57.3285],[-156.1957,57.4801],[-156.0233,57.4339],[-156.0332,57.5683],[-155.7315,57.5443],[-155.7777,57.6385],[-155.5881,57.6643],[-155.5976,57.7851],[-155.3014,57.7248],[-155.3389,57.8255],[-155.0841,57.8737],[-155.1167,57.946],[-155.0289,58.0],[-154.5684,58.0238],[-154.6143,58.118],[-154.4628,58.0803],[-154.4845,58.1922],[-154.3181,58.0832],[-154.3384,58.1571],[-154.2128,58.1349],[-154.2995,58.1947],[-154.1465,58.2116],[-154.2309,58.2595],[-154.1057,58.2771],[-154.3527,58.2854],[-154.0011,58.3764],[-154.0778,58.4761],[-153.9331,58.4949],[-153.8972,58.6062],[-153.5927,58.6338],[-153.251,58.8512],[-153.7101,59.0854],[-154.1609,59.0207],[-154.1744,59.121],[-154.2657,59.1404],[-153.9446,59.3615],[-154.1408,59.371],[-153.7275,59.4353],[-153.7674,59.5391],[-153.5558,59.5966],[-153.7041,59.6365],[-153.5997,59.6971],[-153.5612,59.6234],[-153.4773,59.6438],[-153.4532,59.7729],[-153.3365,59.7214],[-153.4263,59.6423],[-153.2201,59.6354],[-153.049,59.6956],[-152.9914,59.8105],[-153.1973,59.8579],[-152.6988,59.9204],[-152.573,60.0785],[-152.885,60.2423],[-152.5576,60.2223],[-152.408,60.2921],[-152.2365,60.3946],[-152.3224,60.4292],[-152.3091,60.5072],[-151.963,60.7196],[-151.7104,60.7127],[-151.8002,60.8548],[-151.4935,61.0111],[-151.1647,61.0468],[-151.0256,61.1754],[-150.6559,61.2936],[-149.9859,61.2375],[-149.7574,61.4468],[-149.4011,61.5175],[-149.2827,61.4747],[-149.7024,61.3821],[-150.0746,61.1563],[-149.6083,60.9845],[-149.1874,60.9436],[-149.0049,60.8317],[-149.7671,60.9682],[-150.0083,60.8619],[-150.3772,61.0391],[-151.4093,60.7206],[-151.2639,60.5468],[-151.2962,60.3923],[-151.3773,60.3655],[-151.4217,60.2129],[-151.7029,60.0323],[-151.8714,59.7703],[-151.4151,59.5993],[-151.4914,59.635],[-150.9273,59.7934],[-151.2007,59.6447],[-151.1643,59.587],[-151.4403,59.5422],[-151.4336,59.461],[-151.8878,59.4248],[-151.7603,59.3241],[-151.9202,59.3605],[-151.9771,59.2556],[-151.5923,59.1621],[-151.4145,59.2585],[-151.1235,59.2115],[-151.313,59.3103],[-151.0915,59.2692],[-151.0272,59.3248],[-150.9648,59.1967],[-150.8894,59.2672],[-150.9522,59.3073],[-150.5812,59.4452],[-150.6644,59.5415],[-150.5212,59.6064],[-150.5708,59.5304],[-150.4787,59.4585],[-150.2235,59.7449],[-150.4034,59.4624],[-150.3447,59.4384],[-150.4338,59.3967],[-150.2954,59.4167],[-150.2654,59.5335],[-150.1771,59.5344],[-150.2128,59.5784],[-150.0834,59.578],[-150.1649,59.6194],[-150.0998,59.6113],[-150.1341,59.6938],[-150.0344,59.6125],[-149.9212,59.6911],[-150.0779,59.7621],[-150.0794,59.8443],[-149.7399,59.6386],[-149.7602,59.7932],[-149.8722,59.8535],[-149.7487,59.8235],[-149.6921,59.9521],[-149.6164,59.8787],[-149.6535,59.7738],[-149.5734,59.7587],[-149.6409,59.7379],[-149.5251,59.7051],[-149.6262,59.8182],[-149.3865,59.9838],[-149.4243,60.1228],[-149.2884,60.0127],[-149.2862,59.8672],[-149.2085,60.0065],[-149.0707,60.0554],[-149.1248,59.9648],[-148.6348,59.9157],[-148.5461,60.0321],[-148.4446,59.9426],[-148.3343,60.176],[-148.1831,60.0705],[-148.3161,60.0281],[-148.1504,60.0353],[-148.0428,60.1969],[-148.1178,60.1311],[-148.1413,60.2396],[-148.2148,60.1464],[-148.1877,60.2137],[-148.2951,60.2086],[-148.215,60.2606],[-148.4549,60.1784],[-148.3394,60.2354],[-148.4074,60.2732],[-148.3159,60.245],[-148.1532,60.3907],[-147.9593,60.4182],[-148.0039,60.5384],[-148.1473,60.5824],[-148.2823,60.4312],[-148.2662,60.4878],[-148.4477,60.5455],[-148.7159,60.4596],[-148.4986,60.5697],[-148.3239,60.5251],[-148.1903,60.6076],[-148.2456,60.6921],[-148.1258,60.6397],[-148.1034,60.7371],[-148.2695,60.7574],[-148.4301,60.615],[-148.3621,60.7663],[-148.524,60.7642],[-148.687,60.6466],[-148.6699,60.7192],[-148.4524,60.7998],[-148.7184,60.7861],[-148.3397,60.8069],[-148.4016,60.8455],[-148.3063,60.835],[-148.3184,60.9535],[-148.1924,60.9692],[-148.1649,61.0702],[-148.432,60.9715],[-148.3575,61.0351],[-148.4089,61.0511],[-148.1411,61.1262],[-148.0674,61.0041],[-147.7306,61.2738],[-147.7634,61.2059],[-147.6206,61.2289],[-147.949,61.0717],[-148.1444,60.7971],[-147.9195,60.811],[-147.9489,60.8959],[-147.7325,60.8157],[-147.8133,60.8682],[-147.7334,60.9398],[-147.6004,60.8501],[-147.5947,60.9546],[-147.6732,60.9588],[-147.5483,61.1497],[-147.4807,61.0697],[-147.552,60.9009],[-147.4084,61.0114],[-147.4721,60.9568],[-147.3913,60.9659],[-147.4562,60.9218],[-147.3831,60.8714],[-147.2221,61.0082],[-147.1386,60.9411],[-147.0869,61.1553],[-146.9973,61.1451],[-147.062,61.1186],[-146.97,60.9703],[-147.0515,60.9444],[-146.9784,60.93],[-146.6068,61.142],[-146.2902,61.1279],[-146.234,61.087],[-146.657,61.0678],[-146.5612,61.0198],[-146.7201,60.9667],[-146.5993,60.9226],[-146.7634,60.9484],[-146.635,60.8179],[-146.0919,60.8365],[-146.701,60.7434],[-146.6651,60.6935],[-146.0501,60.7893],[-146.0229,60.7458],[-146.2584,60.6263],[-145.9296,60.7012],[-146.0101,60.6175],[-145.8445,60.6902],[-145.8989,60.6275],[-145.8127,60.6411],[-145.9027,60.6136],[-145.6276,60.666],[-145.9635,60.4669],[-145.5954,60.447],[-145.2194,60.3015],[-144.8072,60.4619],[-144.9666,60.3063],[-144.7318,60.264],[-144.9293,60.2283],[-144.2339,60.181],[-144.3123,60.1635],[-144.0416,60.0435],[-144.2553,60.0238],[-143.8812,59.9866],[-142.6984,60.0933],[-141.5954,59.9619],[-141.3681,60.024],[-141.5493,60.1703],[-141.3801,60.1589],[-141.3438,60.0838],[-141.1685,60.1752],[-141.1557,60.1212],[-141.3285,60.0582],[-141.2883,59.9328],[-141.4837,59.9134],[-140.875,59.7388],[-140.3148,59.6927],[-139.7802,59.8265],[-139.5359,60.0432],[-139.4894,59.9921],[-139.6357,59.8737],[-139.4819,59.6955],[-139.6379,59.5689],[-139.7129,59.6182],[-139.732,59.5465],[-139.857,59.5347],[-138.2071,59.0256],[-137.667,58.6145],[-137.0933,58.3814],[-136.8442,58.3682],[-136.8679,58.3101],[-136.6769,58.2971],[-136.7308,58.2668],[-136.6798,58.2096],[-136.567,58.2448],[-136.596,58.3537],[-136.483,58.2833],[-136.3698,58.3028],[-136.3826,58.3736],[-136.2817,58.3149],[-136.038,58.382],[-136.3133,58.6709],[-136.3584,58.597],[-136.5344,58.6],[-136.3507,58.6878],[-136.5854,58.7627],[-136.4883,58.7943],[-136.5603,58.8313],[-136.9997,58.9029],[-137.134,58.8379],[-136.9172,58.9354],[-137.0426,59.0653],[-136.6704,58.8932],[-136.7112,59.0019],[-136.5904,58.9076],[-136.5586,58.9599],[-136.489,58.8383],[-136.2349,58.7508],[-136.1515,58.754],[-136.1118,58.9762],[-136.0131,58.8553],[-136.0863,58.8106],[-135.8444,58.5991],[-135.9958,58.5923],[-135.9309,58.5169],[-135.9965,58.4692],[-135.8727,58.463],[-135.9215,58.3821],[-135.4753,58.3758],[-135.4976,58.5033],[-135.3143,58.2458],[-135.0543,58.1906],[-135.1077,58.265],[-135.0541,58.3482],[-135.214,58.6191],[-135.1416,58.6209],[-135.4011,58.9733],[-135.3797,59.0978],[-135.634,59.2636],[-135.3008,59.0854],[-135.5444,59.31],[-135.4011,59.2874],[-135.3552,59.4804],[-135.3731,59.2682],[-135.2062,59.0768],[-135.1535,58.8541],[-135.0236,58.7323],[-134.9607,58.8301],[-134.9205,58.6805],[-134.9905,58.6763],[-134.7873,58.4948],[-134.7749,58.3914],[-134.6083,58.341],[-134.6704,58.2794],[-134.1475,58.2007],[-134.1437,58.3038],[-134.0134,58.404],[-133.9668,58.3178],[-134.0811,58.2797],[-134.0526,58.0618],[-133.8877,57.9735],[-133.7693,58.0569],[-133.6916,57.9468],[-133.853,57.9472],[-133.7192,57.8],[-133.6315,57.7909],[-133.5832,57.927],[-133.5849,57.7615],[-133.0594,57.5252],[-133.6521,57.7162],[-133.6187,57.5782],[-133.4622,57.5769],[-133.5274,57.4922],[-133.4221,57.4124],[-133.4663,57.3631],[-133.1903,57.3253],[-133.5226,57.3056],[-133.4974,57.222],[-133.5744,57.1848],[-133.1989,57.1379],[-132.9992,57.012],[-132.8248,57.1075],[-132.7879,56.9756],[-132.9534,56.9848],[-132.5305,56.7542],[-132.5657,56.6286],[-132.3195,56.6377],[-132.362,56.5315],[-132.1704,56.3684],[-132.3889,56.4898],[-132.3654,56.283],[-132.2358,56.1975],[-132.3976,56.2381],[-132.4194,56.3479],[-132.5294,56.3386],[-132.7169,56.2169],[-132.6421,56.0325],[-132.3798,56.0343],[-132.4637,55.9751],[-132.3125,55.8416],[-132.3076,55.9206],[-132.1313,55.9474],[-132.2265,56.0801],[-132.0991,56.1033],[-132.1884,56.1688],[-132.0738,56.116],[-131.9299,56.2355],[-131.6483,56.1998],[-131.9732,56.1731],[-131.9585,55.9728],[-132.0668,55.944],[-132.0965,55.8506],[-132.0288,55.7977],[-132.2873,55.7617],[-132.1857,55.5878],[-131.969,55.4969],[-131.932,55.5835],[-132.0354,55.6782],[-131.8857,55.6007],[-131.817,55.6715],[-131.8725,55.7381],[-131.7621,55.8137],[-131.9174,55.8639],[-131.6168,55.9396],[-131.4872,55.8463],[-131.7114,55.8362],[-131.4901,55.7863],[-131.7334,55.7308],[-131.7232,55.6346],[-131.6303,55.5996],[-131.8334,55.4551],[-131.7123,55.3652],[-131.8808,55.3794],[-131.7812,55.1402],[-131.7103,55.1937],[-131.7588,55.2519],[-131.6136,55.2871],[-131.6987,55.3549],[-131.5397,55.2932],[-131.3884,55.3543],[-131.4834,55.3],[-131.351,55.2596],[-131.2346,55.4082],[-131.1893,55.3609],[-131.3267,55.2431],[-131.2042,55.1898],[-131.0636,55.2601],[-131.0339,55.4036],[-130.9706,55.3914],[-130.9599,55.6932],[-131.2537,55.971],[-131.3558,55.956],[-131.1181,56.0581],[-131.2145,55.9802],[-130.9457,55.811],[-130.8763,55.5604],[-130.8094,55.5486],[-130.9233,55.4376],[-130.8551,55.2938],[-131.0926,55.1927],[-131.0765,55.1294],[-130.7062,55.124],[-131.0126,55.0467],[-130.9346,54.8007],[-130.8426,54.7621],[-130.7804,54.8258],[-130.6475,54.7261],[-129.9742,55.2819],[-130.1279,55.581],[-130.1524,55.7663],[-130.0038,55.9073],[-130.1038,56.1228],[-130.426,56.1416],[-130.4679,56.2431],[-131.5811,56.6122],[-131.8353,56.5992],[-131.8729,56.806],[-132.1236,56.8736],[-132.0452,57.0451],[-132.369,57.0915],[-132.2479,57.2113],[-133.4615,58.3877],[-133.3773,58.4305],[-133.8405,58.7294],[-134.2581,58.861],[-134.4834,59.1316],[-134.7007,59.249],[-134.9599,59.2809],[-135.0305,59.3463],[-134.9897,59.3871],[-135.101,59.4275],[-135.0289,59.5637],[-135.2337,59.6961],[-135.4792,59.798],[-136.3539,59.5998],[-136.2385,59.5243],[-136.4772,59.4658],[-136.4692,59.2841],[-136.5815,59.1649],[-136.8266,59.1584],[-137.5264,58.9068],[-137.6074,59.2438],[-138.6262,59.7686],[-138.7074,59.9063],[-139.1988,60.0883],[-139.0748,60.3525],[-139.693,60.3352],[-139.9811,60.182],[-140.4582,60.3081],[-140.5204,60.2198],[-141.002,60.3064],[-141.0006,69.6463],[-141.2932,69.6878],[-141.2065,69.6728],[-141.3777,69.6346],[-141.4768,69.7029],[-141.3547,69.6812],[-141.6268,69.7656],[-143.2696,70.1538],[-144.9601,69.958],[-145.8545,70.1623],[-147.6798,70.1994],[-147.8475,70.2363],[-147.7901,70.2911],[-148.4867,70.309],[-148.5861,70.3971],[-149.462,70.5165],[-150.3401,70.4099],[-150.5189,70.4831],[-150.9507,70.4596],[-151.1999,70.3733],[-151.8891,70.432],[-151.9523,70.4584],[-151.7021,70.5518],[-152.5619,70.5611],[-152.0688,70.5646],[-152.4644,70.6358],[-152.4794,70.6905],[-152.228,70.8265],[-153.2158,70.9205],[-153.9436,70.8764],[-154.1819,70.7683],[-154.5634,70.8216],[-154.5772,70.9987],[-155.0722,71.1529],[-155.0745,71.0703],[-155.2646,71.0661],[-155.1748,70.98],[-155.363,70.9968],[-155.608,70.8241],[-155.8768,70.8292],[-156.0758,70.9566],[-155.7277,70.9832],[-155.5185,71.075],[-155.5675,71.1625],[-156.085,71.1694],[-156.0292,71.2015],[-156.0793,71.2389],[-156.5687,71.3526],[-157.841,70.861],[-159.3456,70.7813],[-159.115,70.8174],[-159.3073,70.8525],[-158.7662,70.9041],[-159.2091,70.8701],[-159.6489,70.7951],[-160.8018,70.3764],[-162.0463,70.2807],[-163.0097,69.8127],[-163.1466,69.63],[-163.2073,69.338],[-163.6831,69.0755],[-164.3084,68.9255],[-166.2166,68.8815],[-166.1967,68.6949],[-166.3276,68.4443],[-166.836,68.3408],[-166.237,68.2731],[-164.1544,67.6215],[-163.8644,67.406],[-163.702,67.1094],[-162.4337,66.9855],[-161.6917,67.0247],[-161.4759,66.9488],[-161.7049,66.9395],[-161.8816,66.7181],[-161.543,66.5517],[-161.2935,66.5241],[-161.1421,66.6363],[-160.9395,66.6561],[-160.384,66.6191],[-160.2048,66.5082],[-160.2274,66.3872],[-160.7789,66.3629],[-161.1776,66.5335],[-161.5822,66.44],[-162.0704,66.6481],[-162.0198,66.7807],[-162.4691,66.9504],[-162.622,66.8565],[-162.4979,66.7333],[-162.2017,66.6984],[-161.8856,66.5178],[-161.9427,66.3227],[-161.5156,66.397],[-161.1335,66.3367],[-160.9546,66.2207],[-161.4994,66.2583],[-161.798,65.9656],[-162.1335,66.0755],[-163.6339,66.0564],[-163.9004,66.193],[-164.0871,66.1911],[-163.8378,66.2607],[-163.8732,66.3865],[-163.7326,66.4893],[-163.9276,66.574],[-163.6331,66.5661],[-164.401,66.5814],[-165.8948,66.3056],[-168.1202,65.6479]]],[[[-131.6176,54.948],[-131.5339,54.955],[-131.5887,54.9704],[-131.6176,54.948]]],[[[-131.6482,55.0465],[-131.3856,55.0118],[-131.3264,55.1698],[-131.5724,55.2861],[-131.6097,55.1827],[-131.532,55.1376],[-131.6482,55.0465]]],[[[-131.6593,55.3319],[-131.6134,55.3064],[-131.5941,55.3075],[-131.6593,55.3319]]],[[[-131.7123,55.1175],[-131.7064,55.1135],[-131.7079,55.1191],[-131.7123,55.1175]]],[[[-131.7128,55.8613],[-131.5872,55.8665],[-131.6487,55.9129],[-131.7128,55.8613]]],[[[-131.718,55.5306],[-131.7122,55.5343],[-131.7161,55.5337],[-131.718,55.5306]]],[[[-131.7287,55.5548],[-131.7205,55.5362],[-131.7045,55.5616],[-131.7287,55.5548]]],[[[-131.7407,55.1258],[-131.7307,55.1206],[-131.7309,55.1245],[-131.7407,55.1258]]],[[[-131.7436,55.112],[-131.7398,55.1095],[-131.7356,55.1127],[-131.7436,55.112]]],[[[-131.8067,55.484],[-131.8011,55.4852],[-131.8046,55.4868],[-131.8067,55.484]]],[[[-131.8414,55.8526],[-131.8303,55.8457],[-131.8138,55.8506],[-131.8414,55.8526]]],[[[-131.851,55.5255],[-131.8238,55.4802],[-131.7528,55.5415],[-131.851,55.5255]]],[[[-131.9776,55.1456],[-131.9606,55.1433],[-131.9588,55.1541],[-131.9776,55.1456]]],[[[-132.0001,55.0554],[-131.9978,55.0525],[-131.9902,55.0573],[-132.0001,55.0554]]],[[[-132.0163,55.0664],[-132.0154,55.0608],[-132.0088,55.0663],[-132.0163,55.0664]]],[[[-132.0491,55.9916],[-132.0456,55.9824],[-132.0446,55.9918],[-132.0491,55.9916]]],[[[-132.061,56.0577],[-132.0325,55.9776],[-131.9834,56.0145],[-132.061,56.0577]]],[[[-132.0785,55.0573],[-132.071,55.0528],[-132.0705,55.0573],[-132.0785,55.0573]]],[[[-132.0798,56.1051],[-132.0728,56.1019],[-132.0695,56.107],[-132.0798,56.1051]]],[[[-132.0839,55.2942],[-132.0743,55.2938],[-132.072,55.3012],[-132.0839,55.2942]]],[[[-132.0983,56.0778],[-132.0915,56.0812],[-132.0956,56.0819],[-132.0983,56.0778]]],[[[-132.1172,56.0334],[-132.0955,56.0239],[-132.0946,56.0531],[-132.1172,56.0334]]],[[[-132.1223,55.227],[-132.1195,55.225],[-132.1123,55.2294],[-132.1223,55.227]]],[[[-132.1287,55.9318],[-132.1262,55.9295],[-132.1238,55.9331],[-132.1287,55.9318]]],[[[-132.1469,56.1512],[-132.1469,56.1491],[-132.142,56.149],[-132.1469,56.1512]]],[[[-132.147,55.4462],[-132.1272,55.4373],[-132.11,55.4432],[-132.147,55.4462]]],[[[-132.1481,56.0643],[-132.145,56.0592],[-132.1378,56.06],[-132.1481,56.0643]]],[[[-132.1931,55.9209],[-132.1585,55.923],[-132.1665,55.9251],[-132.1931,55.9209]]],[[[-132.2131,55.4035],[-132.2063,55.3976],[-132.1628,55.3981],[-132.2131,55.4035]]],[[[-132.3822,55.5035],[-132.3208,55.4914],[-132.3474,55.5053],[-132.3822,55.5035]]],[[[-132.3849,55.5156],[-132.3827,55.5133],[-132.3808,55.5164],[-132.3849,55.5156]]],[[[-132.4145,55.92],[-132.4084,55.9174],[-132.4085,55.9213],[-132.4145,55.92]]],[[[-132.4775,56.5197],[-132.4385,56.5266],[-132.4704,56.5455],[-132.4775,56.5197]]],[[[-132.4825,56.5701],[-132.4402,56.5679],[-132.4008,56.6069],[-132.4825,56.5701]]],[[[-132.4899,56.5009],[-132.4754,56.5002],[-132.4856,56.505],[-132.4899,56.5009]]],[[[-132.5025,56.0554],[-132.4995,56.0519],[-132.4937,56.0554],[-132.5025,56.0554]]],[[[-132.5183,55.5863],[-132.5156,55.5799],[-132.514,55.5813],[-132.5183,55.5863]]],[[[-132.5293,55.5881],[-132.528,55.5823],[-132.5252,55.5819],[-132.5293,55.5881]]],[[[-132.5455,55.5844],[-132.5377,55.5848],[-132.5388,55.5903],[-132.5455,55.5844]]],[[[-132.5618,56.3936],[-132.4018,56.3849],[-132.4926,56.4403],[-132.5618,56.3936]]],[[[-132.5667,56.5303],[-132.5365,56.5135],[-132.5194,56.5602],[-132.5667,56.5303]]],[[[-132.6166,56.5063],[-132.5904,56.4872],[-132.5579,56.4956],[-132.6166,56.5063]]],[[[-132.6535,56.4813],[-132.5777,56.453],[-132.6191,56.4878],[-132.6535,56.4813]]],[[[-132.6979,55.0927],[-132.6924,55.0866],[-132.6917,55.0941],[-132.6979,55.0927]]],[[[-132.7193,56.1174],[-132.7148,56.1124],[-132.7107,56.1144],[-132.7193,56.1174]]],[[[-132.7411,54.9804],[-132.7162,54.9772],[-132.7234,54.9889],[-132.7411,54.9804]]],[[[-132.7718,56.4948],[-132.7671,56.4918],[-132.7634,56.4937],[-132.7718,56.4948]]],[[[-132.8295,54.9211],[-132.6109,54.7664],[-132.6951,54.8449],[-132.6264,54.8445],[-132.6538,54.9081],[-132.8295,54.9211]]],[[[-132.8486,54.9712],[-132.8474,54.9618],[-132.8374,54.9631],[-132.8486,54.9712]]],[[[-132.8684,54.971],[-132.8508,54.9593],[-132.8641,54.9763],[-132.8684,54.971]]],[[[-132.8769,54.9544],[-132.8695,54.9492],[-132.8603,54.9512],[-132.8769,54.9544]]],[[[-132.8901,56.1734],[-132.89,56.169],[-132.8788,56.1626],[-132.8901,56.1734]]],[[[-132.916,56.8932],[-132.916,56.8876],[-132.9063,56.8871],[-132.916,56.8932]]],[[[-132.9248,56.193],[-132.9126,56.2003],[-132.9247,56.2029],[-132.9248,56.193]]],[[[-132.9374,55.0689],[-132.9134,55.0438],[-132.8918,55.0908],[-132.9374,55.0689]]],[[[-132.9408,56.1293],[-132.8485,56.1147],[-132.8792,56.1466],[-132.9408,56.1293]]],[[[-132.9446,56.8966],[-132.9303,56.8883],[-132.9332,56.8976],[-132.9446,56.8966]]],[[[-132.9482,56.1424],[-132.9463,56.138],[-132.9428,56.1384],[-132.9482,56.1424]]],[[[-133.0039,56.1979],[-132.8927,56.1577],[-132.9635,56.1986],[-133.0039,56.1979]]],[[[-133.0053,56.258],[-132.9669,56.25],[-132.9605,56.2713],[-133.0053,56.258]]],[[[-133.0078,56.2247],[-132.9151,56.2079],[-132.9605,56.2409],[-133.0078,56.2247]]],[[[-133.0127,56.1863],[-133.0014,56.1545],[-132.9707,56.1535],[-133.0127,56.1863]]],[[[-133.0144,55.1628],[-132.989,55.1577],[-132.9657,55.173],[-133.0144,55.1628]]],[[[-133.0268,56.2362],[-133.025,56.2334],[-133.0216,56.2372],[-133.0268,56.2362]]],[[[-133.0701,56.3552],[-132.8585,56.2327],[-132.6591,56.2759],[-132.6218,56.3903],[-132.9277,56.4582],[-133.0701,56.3552]]],[[[-133.0745,56.517],[-133.0706,56.5078],[-133.0669,56.5081],[-133.0745,56.517]]],[[[-133.0805,56.0886],[-132.9769,56.0739],[-133.0591,56.1341],[-133.0805,56.0886]]],[[[-133.0817,56.0557],[-133.0686,56.047],[-133.0753,56.0605],[-133.0817,56.0557]]],[[[-133.0962,56.5191],[-133.0889,56.5158],[-133.0896,56.5215],[-133.0962,56.5191]]],[[[-133.1207,55.4444],[-133.1155,55.4344],[-133.1022,55.4303],[-133.1207,55.4444]]],[[[-133.1264,56.4622],[-133.112,56.4495],[-133.0551,56.4629],[-133.1264,56.4622]]],[[[-133.1807,55.4992],[-133.1631,55.4778],[-133.159,55.4913],[-133.1807,55.4992]]],[[[-133.1848,55.5584],[-133.1771,55.5508],[-133.1699,55.5602],[-133.1848,55.5584]]],[[[-133.2674,55.1764],[-133.2529,55.1755],[-133.2592,55.1797],[-133.2674,55.1764]]],[[[-133.2885,57.31],[-133.2878,57.3044],[-133.278,57.3017],[-133.2885,57.31]]],[[[-133.3091,56.4602],[-133.3059,56.4569],[-133.2952,56.4597],[-133.3091,56.4602]]],[[[-133.3103,55.5826],[-133.3004,55.5768],[-133.3012,55.5833],[-133.3103,55.5826]]],[[[-133.3243,55.4183],[-133.2539,55.4057],[-133.2313,55.439],[-133.3243,55.4183]]],[[[-133.3546,55.7404],[-133.3508,55.7332],[-133.3398,55.7317],[-133.3546,55.7404]]],[[[-133.3937,55.3552],[-133.391,55.3536],[-133.3874,55.3563],[-133.3937,55.3552]]],[[[-133.4155,55.7161],[-133.4032,55.71],[-133.4025,55.7186],[-133.4155,55.7161]]],[[[-133.4484,55.6643],[-133.4472,55.6573],[-133.435,55.6622],[-133.4484,55.6643]]],[[[-133.4557,55.5322],[-133.3609,55.449],[-133.2798,55.504],[-133.3174,55.5692],[-133.4557,55.5322]]],[[[-133.4751,57.7104],[-133.462,57.7001],[-133.4418,57.6977],[-133.4751,57.7104]]],[[[-133.4956,55.9127],[-133.4755,55.9058],[-133.4812,55.9145],[-133.4956,55.9127]]],[[[-133.5228,55.8874],[-133.491,55.8736],[-133.4848,55.8878],[-133.5228,55.8874]]],[[[-133.5459,57.242],[-133.5117,57.2139],[-133.5321,57.2481],[-133.5459,57.242]]],[[[-133.5521,56.4302],[-133.5488,56.4271],[-133.5445,56.4285],[-133.5521,56.4302]]],[[[-133.5546,54.8469],[-133.5087,54.7466],[-133.5325,54.8576],[-133.5546,54.8469]]],[[[-133.5744,57.2123],[-133.558,57.2202],[-133.5632,57.2224],[-133.5744,57.2123]]],[[[-133.5882,57.4994],[-133.5789,57.497],[-133.5708,57.5013],[-133.5882,57.4994]]],[[[-133.6097,55.6851],[-133.5877,55.6211],[-133.5468,55.6458],[-133.6097,55.6851]]],[[[-133.6214,55.4505],[-133.4257,55.4653],[-133.527,55.529],[-133.6214,55.4505]]],[[[-133.6241,55.6468],[-133.6018,55.6475],[-133.6203,55.6531],[-133.6241,55.6468]]],[[[-133.6286,55.9169],[-133.6162,55.9084],[-133.6224,55.9185],[-133.6286,55.9169]]],[[[-133.633,55.5997],[-133.6217,55.5851],[-133.5997,55.5967],[-133.633,55.5997]]],[[[-133.6495,57.7675],[-133.5977,57.75],[-133.611,57.7606],[-133.6495,57.7675]]],[[[-133.6545,55.6135],[-133.6426,55.6063],[-133.64,55.6194],[-133.6545,55.6135]]],[[[-133.6634,55.4228],[-133.6144,55.4409],[-133.6471,55.438],[-133.6634,55.4228]]],[[[-133.6812,55.6587],[-133.6651,55.6541],[-133.6698,55.6621],[-133.6812,55.6587]]],[[[-133.6837,56.1075],[-133.6788,56.0975],[-133.669,56.1069],[-133.6837,56.1075]]],[[[-133.6903,55.3072],[-133.6145,55.2356],[-133.5774,55.339],[-133.412,55.4195],[-133.5952,55.4303],[-133.6903,55.3072]]],[[[-133.6935,55.8662],[-133.681,55.8518],[-133.6726,55.8728],[-133.6935,55.8662]]],[[[-133.7068,55.8895],[-133.7031,55.879],[-133.6925,55.8828],[-133.7068,55.8895]]],[[[-133.7153,55.6643],[-133.7092,55.6618],[-133.7038,55.6728],[-133.7153,55.6643]]],[[[-133.7167,56.3958],[-133.6977,56.3853],[-133.6898,56.3888],[-133.7167,56.3958]]],[[[-133.7278,55.5994],[-133.6938,55.5842],[-133.7064,55.6053],[-133.7278,55.5994]]],[[[-133.7803,56.5295],[-133.7632,56.5301],[-133.7722,56.5354],[-133.7803,56.5295]]],[[[-133.8166,55.9542],[-133.7138,55.8939],[-133.4801,56.0277],[-133.5055,55.9484],[-133.322,55.814],[-133.7023,55.78],[-133.5361,55.6929],[-133.5131,55.7733],[-133.3486,55.7546],[-133.4054,55.6166],[-133.1311,55.5995],[-133.1485,55.5265],[-133.0822,55.5626],[-133.1485,55.4639],[-132.9945,55.4521],[-133.2925,55.3533],[-133.2284,55.2767],[-133.3546,55.3465],[-133.4708,55.2582],[-133.3348,55.2027],[-133.1197,55.269],[-133.2238,55.238],[-133.1782,55.1575],[-133.2317,55.1237],[-133.1283,55.1025],[-133.2265,55.0564],[-132.8749,54.7048],[-132.6722,54.6745],[-133.0601,55.075],[-132.9717,55.0605],[-133.1076,55.2609],[-132.9393,55.2103],[-132.8564,55.0908],[-132.8939,55.0366],[-132.7556,54.9884],[-132.6888,55.1252],[-132.8329,55.2],[-132.6639,55.1381],[-132.6546,55.2324],[-132.5833,55.167],[-132.6351,55.0543],[-132.5246,55.1089],[-132.6163,54.9713],[-132.3223,54.8337],[-132.5049,54.7755],[-132.0146,54.6913],[-131.9524,54.8031],[-132.0512,54.8956],[-131.9703,54.8649],[-131.9799,55.0379],[-132.23,55.0015],[-131.9931,55.1096],[-132.0588,55.1198],[-131.9766,55.1742],[-131.9924,55.2596],[-132.2681,55.2054],[-132.0947,55.2826],[-132.2655,55.4242],[-132.421,55.4213],[-132.2806,55.4443],[-132.4113,55.5153],[-132.6672,55.4399],[-132.5299,55.6043],[-132.1432,55.4708],[-132.3896,55.6703],[-132.4558,55.6153],[-132.4698,55.7836],[-132.7337,55.984],[-133.0935,56.0463],[-133.134,56.1169],[-133.0379,56.183],[-133.1732,56.3273],[-133.6248,56.3587],[-133.6795,56.2118],[-133.5354,56.1561],[-133.645,56.1199],[-133.5014,56.079],[-133.6978,56.0714],[-133.8166,55.9542]]],[[[-133.8231,55.4443],[-133.6675,55.438],[-133.5843,55.5368],[-133.7328,55.5616],[-133.8231,55.4443]]],[[[-133.8338,56.4226],[-133.8077,56.3949],[-133.7742,56.3921],[-133.8338,56.4226]]],[[[-133.8398,56.4942],[-133.8186,56.4687],[-133.7749,56.464],[-133.8398,56.4942]]],[[[-133.8448,56.5385],[-133.8405,56.5338],[-133.8341,56.5364],[-133.8448,56.5385]]],[[[-133.8766,57.2706],[-133.7903,57.2959],[-133.8559,57.3104],[-133.8766,57.2706]]],[[[-133.9435,55.9013],[-133.8437,55.8671],[-133.8679,55.9368],[-133.9435,55.9013]]],[[[-133.9491,56.8876],[-133.9351,56.8678],[-133.9187,56.8655],[-133.9491,56.8876]]],[[[-133.9933,57.1261],[-133.9853,57.1223],[-133.9712,57.1309],[-133.9933,57.1261]]],[[[-134.0211,57.2923],[-133.9909,57.2865],[-133.9995,57.2988],[-134.0211,57.2923]]],[[[-134.0229,56.9305],[-134.0264,56.9279],[-133.9938,56.9147],[-134.0229,56.9305]]],[[[-134.0549,57.7796],[-134.045,57.774],[-134.0457,57.7888],[-134.0549,57.7796]]],[[[-134.0673,57.8064],[-134.0563,57.8039],[-134.0599,57.8101],[-134.0673,57.8064]]],[[[-134.0675,57.2613],[-134.0622,57.2552],[-134.0547,57.2635],[-134.0675,57.2613]]],[[[-134.1395,55.9517],[-134.1243,55.9279],[-134.0998,55.9841],[-134.1395,55.9517]]],[[[-134.1491,58.1047],[-134.1458,58.0927],[-134.1023,58.0876],[-134.1491,58.1047]]],[[[-134.2194,57.8934],[-134.1894,57.8345],[-134.101,57.778],[-134.2194,57.8934]]],[[[-134.2676,57.8939],[-134.2667,57.8838],[-134.2526,57.8823],[-134.2676,57.8939]]],[[[-134.284,57.9564],[-134.2467,57.9087],[-134.1751,57.909],[-134.284,57.9564]]],[[[-134.367,55.9105],[-134.2821,55.8227],[-134.1186,55.9136],[-134.367,55.9105]]],[[[-134.4211,56.8372],[-134.2785,56.6288],[-134.3201,56.5545],[-134.124,56.4578],[-134.1376,56.3797],[-134.2457,56.4633],[-134.2995,56.2896],[-134.1728,56.3274],[-134.2776,56.2574],[-134.236,56.0693],[-134.1371,56.0014],[-134.1041,56.1429],[-134.1999,56.1801],[-134.0981,56.1744],[-134.0803,56.3133],[-133.9943,56.0798],[-133.8811,56.2232],[-133.9841,56.343],[-133.8766,56.2759],[-133.8315,56.323],[-133.9292,56.3756],[-133.8348,56.4301],[-133.9311,56.4997],[-133.8412,56.5689],[-133.9021,56.6134],[-133.7932,56.5571],[-133.6794,56.6156],[-133.6512,56.4372],[-133.4357,56.5043],[-133.1912,56.4481],[-133.138,56.5363],[-132.7749,56.4996],[-132.5416,56.5863],[-133.1054,57.002],[-134.0121,57.0716],[-134.0505,57.0242],[-133.8904,56.9466],[-133.8681,56.8446],[-133.7233,56.8122],[-133.8923,56.8057],[-133.8992,56.704],[-134.1414,56.9559],[-134.2731,56.9314],[-134.135,56.8498],[-134.3197,56.9072],[-134.4211,56.8372]]],[[[-134.6693,58.3333],[-134.6567,58.3338],[-134.6523,58.344],[-134.6693,58.3333]]],[[[-134.706,58.3548],[-134.6906,58.3478],[-134.6963,58.3626],[-134.706,58.3548]]],[[[-134.7373,58.2614],[-134.7251,58.2458],[-134.7289,58.2755],[-134.7373,58.2614]]],[[[-134.7476,58.3415],[-134.7464,58.3357],[-134.7331,58.3293],[-134.7476,58.3415]]],[[[-134.8944,57.4317],[-134.8679,57.4291],[-134.8839,57.4341],[-134.8944,57.4317]]],[[[-134.9238,58.4773],[-134.843,58.3735],[-134.8088,58.3747],[-134.9238,58.4773]]],[[[-134.9357,58.5776],[-134.9089,58.552],[-134.8952,58.5561],[-134.9357,58.5776]]],[[[-134.9688,58.3712],[-134.8984,58.1941],[-134.7639,58.1001],[-134.8095,58.0454],[-134.6113,57.4701],[-134.4095,57.3782],[-134.5792,57.4003],[-134.5093,57.3171],[-134.6179,57.2722],[-134.5378,57.2284],[-134.6517,57.2311],[-134.6191,57.0156],[-134.1578,57.2059],[-134.0939,57.2808],[-134.1927,57.3894],[-133.9791,57.3045],[-133.875,57.3518],[-133.9301,57.4659],[-133.8391,57.4387],[-133.936,57.6143],[-134.0882,57.6499],[-134.0466,57.6812],[-134.2434,57.8739],[-134.3075,57.8336],[-134.341,57.9974],[-134.2358,57.9703],[-134.3137,58.0372],[-133.8039,57.5764],[-133.8999,57.807],[-134.2179,58.1205],[-134.1759,58.1596],[-134.6907,58.1589],[-134.8038,58.3218],[-134.9688,58.3712]]],[[[-134.9949,58.4633],[-134.9785,58.4544],[-134.9844,58.4628],[-134.9949,58.4633]]],[[[-135.0305,58.5167],[-134.9969,58.4802],[-134.9382,58.4735],[-135.0305,58.5167]]],[[[-135.0436,58.5337],[-135.0369,58.5257],[-135.0275,58.5242],[-135.0436,58.5337]]],[[[-135.0852,58.2666],[-135.079,58.2475],[-135.0489,58.2231],[-135.0852,58.2666]]],[[[-135.1157,57.8991],[-135.11,57.8959],[-135.1025,57.8985],[-135.1157,57.8991]]],[[[-135.261,58.1781],[-135.2503,58.166],[-135.2559,58.1782],[-135.261,58.1781]]],[[[-135.2792,59.0347],[-135.2487,59.0064],[-135.2485,59.0223],[-135.2792,59.0347]]],[[[-135.2796,59.08],[-135.2704,59.071],[-135.2718,59.078],[-135.2796,59.08]]],[[[-135.2884,59.059],[-135.2713,59.0487],[-135.2827,59.0624],[-135.2884,59.059]]],[[[-135.3326,57.0345],[-135.3297,57.0283],[-135.3229,57.0268],[-135.3326,57.0345]]],[[[-135.3362,57.0278],[-135.3381,57.0265],[-135.3315,57.025],[-135.3362,57.0278]]],[[[-135.3462,57.0259],[-135.3413,57.0232],[-135.341,57.0262],[-135.3462,57.0259]]],[[[-135.3531,59.0156],[-135.3058,58.9006],[-135.2968,58.9637],[-135.3531,59.0156]]],[[[-135.3723,57.0555],[-135.351,57.0399],[-135.3438,57.0476],[-135.3723,57.0555]]],[[[-135.4009,59.15],[-135.394,59.1417],[-135.3937,59.1462],[-135.4009,59.15]]],[[[-135.4069,56.9256],[-135.4058,56.9219],[-135.398,56.9233],[-135.4069,56.9256]]],[[[-135.4177,57.0805],[-135.404,57.0764],[-135.4107,57.0859],[-135.4177,57.0805]]],[[[-135.4238,56.8412],[-135.4138,56.8405],[-135.417,56.846],[-135.4238,56.8412]]],[[[-135.4319,56.8498],[-135.426,56.8466],[-135.4221,56.8491],[-135.4319,56.8498]]],[[[-135.4338,57.135],[-135.4257,57.1295],[-135.4176,57.1392],[-135.4338,57.135]]],[[[-135.4453,56.8946],[-135.4327,56.8799],[-135.4394,56.8943],[-135.4453,56.8946]]],[[[-135.4514,57.5632],[-135.4483,57.5612],[-135.4447,57.5629],[-135.4514,57.5632]]],[[[-135.4602,56.8293],[-135.4544,56.8137],[-135.4426,56.8304],[-135.4602,56.8293]]],[[[-135.4625,58.3285],[-135.4611,58.3197],[-135.4501,58.3192],[-135.4625,58.3285]]],[[[-135.4692,57.1074],[-135.4375,57.0869],[-135.4474,57.1142],[-135.4692,57.1074]]],[[[-135.4807,57.1042],[-135.4771,57.0994],[-135.4734,57.1153],[-135.4807,57.1042]]],[[[-135.4886,58.3436],[-135.4867,58.3407],[-135.4801,58.3418],[-135.4886,58.3436]]],[[[-135.4919,57.1],[-135.491,57.0927],[-135.4855,57.0934],[-135.4919,57.1]]],[[[-135.4936,56.8302],[-135.4753,56.8213],[-135.4622,56.834],[-135.4936,56.8302]]],[[[-135.4984,58.1521],[-135.4951,58.1487],[-135.4913,58.1507],[-135.4984,58.1521]]],[[[-135.5012,58.189],[-135.4941,58.1833],[-135.4888,58.1864],[-135.5012,58.189]]],[[[-135.5129,57.23],[-135.4225,57.1782],[-135.3906,57.2423],[-135.5129,57.23]]],[[[-135.5645,56.8534],[-135.5397,56.8344],[-135.5032,56.8574],[-135.5645,56.8534]]],[[[-135.6934,57.3616],[-135.5518,57.2341],[-135.3467,57.2505],[-135.4218,57.163],[-135.2823,57.1634],[-135.4024,57.1012],[-135.1502,57.0142],[-135.3644,57.0104],[-135.3088,56.9813],[-135.4124,56.9523],[-135.3172,56.8997],[-135.3819,56.9147],[-135.4026,56.7766],[-135.1357,56.6849],[-135.1386,56.5934],[-134.9515,56.6135],[-135.0616,56.5285],[-134.666,56.1667],[-134.6327,56.3149],[-134.7078,56.3176],[-134.631,56.3725],[-134.684,56.5395],[-134.6286,56.5496],[-134.6303,56.7245],[-134.8418,57.25],[-135.0113,57.3353],[-134.8127,57.2999],[-134.8327,57.4145],[-135.2161,57.4332],[-135.1596,57.4595],[-135.2231,57.4888],[-135.4042,57.4392],[-135.2908,57.5098],[-135.4253,57.5623],[-135.6321,57.3983],[-135.4869,57.3549],[-135.6934,57.3616]]],[[[-135.7165,56.9876],[-135.7127,56.9836],[-135.6989,56.984],[-135.7165,56.9876]]],[[[-135.7327,58.3692],[-135.6799,58.3315],[-135.5376,58.3399],[-135.7327,58.3692]]],[[[-135.8762,57.2258],[-135.8085,57.2488],[-135.8361,57.1753],[-135.7348,57.1507],[-135.8477,57.0887],[-135.8525,56.9929],[-135.6369,57.0099],[-135.5668,57.1553],[-135.4339,57.1566],[-135.5363,57.2285],[-135.6048,57.1639],[-135.6564,57.2515],[-135.5772,57.2562],[-135.7648,57.3507],[-135.8634,57.33],[-135.8762,57.2258]]],[[[-135.9095,57.4057],[-135.8657,57.4048],[-135.9014,57.4186],[-135.9095,57.4057]]],[[[-135.9922,58.6557],[-135.9869,58.6502],[-135.9868,58.656],[-135.9922,58.6557]]],[[[-136.0274,58.5126],[-136.0055,58.506],[-135.9869,58.5184],[-136.0274,58.5126]]],[[[-136.0585,58.7256],[-136.055,58.7187],[-136.0357,58.7146],[-136.0585,58.7256]]],[[[-136.0674,58.6725],[-136.0603,58.669],[-136.0622,58.6726],[-136.0674,58.6725]]],[[[-136.0766,58.7936],[-136.0718,58.7829],[-136.0687,58.7898],[-136.0766,58.7936]]],[[[-136.1525,58.5994],[-136.0877,58.57],[-136.1079,58.6026],[-136.1525,58.5994]]],[[[-136.1579,58.2812],[-136.0783,58.2604],[-136.0359,58.317],[-136.1579,58.2812]]],[[[-136.187,58.6324],[-136.1827,58.6262],[-136.1763,58.6263],[-136.187,58.6324]]],[[[-136.2469,58.2015],[-136.2377,58.198],[-136.2406,58.2025],[-136.2469,58.2015]]],[[[-136.2471,58.6644],[-136.2027,58.6363],[-136.2215,58.6755],[-136.2471,58.6644]]],[[[-136.2907,57.7163],[-136.264,57.6892],[-136.2304,57.7037],[-136.2907,57.7163]]],[[[-136.388,57.8022],[-136.3842,57.7983],[-136.3792,57.8021],[-136.388,57.8022]]],[[[-136.4046,58.2708],[-136.3618,58.2283],[-136.28,58.2661],[-136.4046,58.2708]]],[[[-136.4072,58.1971],[-136.3692,58.1997],[-136.3849,58.2085],[-136.4072,58.1971]]],[[[-136.4125,58.1768],[-136.3961,58.1562],[-136.3828,58.1578],[-136.4125,58.1768]]],[[[-136.48,58.7765],[-136.4377,58.7608],[-136.4567,58.779],[-136.48,58.7765]]],[[[-136.5135,58.7741],[-136.4731,58.7594],[-136.4876,58.7713],[-136.5135,58.7741]]],[[[-136.5759,58.032],[-136.569,57.907],[-136.292,57.7296],[-136.2032,57.7648],[-136.2275,57.5912],[-136.0748,57.5995],[-135.8439,57.3903],[-135.7122,57.3667],[-135.5533,57.4525],[-135.6135,57.562],[-135.5112,57.595],[-135.6557,57.6282],[-135.5661,57.6704],[-135.0882,57.4648],[-134.8296,57.4796],[-134.9297,57.7573],[-135.1181,57.7778],[-134.9554,57.8147],[-135.2056,57.9351],[-134.9371,57.8487],[-134.9996,57.8885],[-134.9224,57.9238],[-134.966,58.0459],[-135.4164,58.1441],[-135.6332,57.987],[-135.6907,58.042],[-135.4955,58.1712],[-135.7973,58.288],[-136.1991,58.1558],[-136.355,58.2227],[-136.2739,58.1022],[-136.3713,58.1497],[-136.5759,58.032]]],[[[-136.5779,58.891],[-136.5519,58.8794],[-136.5624,58.897],[-136.5779,58.891]]],[[[-136.7831,58.2772],[-136.7813,58.2734],[-136.7759,58.2779],[-136.7831,58.2772]]],[[[-136.8643,58.9383],[-136.7865,58.9072],[-136.8103,58.9418],[-136.8643,58.9383]]],[[[-139.512,59.7029],[-139.5027,59.6983],[-139.5006,59.7025],[-139.512,59.7029]]],[[[-139.5459,59.9716],[-139.5304,59.961],[-139.5313,59.9744],[-139.5459,59.9716]]],[[[-139.5984,59.7179],[-139.5168,59.7178],[-139.5641,59.739],[-139.5984,59.7179]]],[[[-139.6558,59.6649],[-139.6445,59.6643],[-139.6402,59.6733],[-139.6558,59.6649]]],[[[-139.6613,59.5931],[-139.6551,59.5964],[-139.6598,59.6015],[-139.6613,59.5931]]],[[[-139.6654,59.6453],[-139.6528,59.6357],[-139.6572,59.646],[-139.6654,59.6453]]],[[[-139.676,59.6255],[-139.6589,59.6175],[-139.6402,59.6261],[-139.676,59.6255]]],[[[-139.8048,59.5867],[-139.7186,59.576],[-139.7136,59.6357],[-139.8048,59.5867]]],[[[-144.3945,60.0511],[-144.3936,59.9935],[-144.3694,59.9872],[-144.3945,60.0511]]],[[[-144.4335,60.1556],[-144.3489,60.0912],[-144.3251,60.1135],[-144.4335,60.1556]]],[[[-144.6063,59.7921],[-144.1923,60.001],[-144.4395,59.9376],[-144.6063,59.7921]]],[[[-145.0917,60.3229],[-145.0394,60.3677],[-145.0684,60.3586],[-145.0917,60.3229]]],[[[-145.6537,60.3944],[-145.6289,60.3901],[-145.6116,60.3935],[-145.6537,60.3944]]],[[[-145.7314,60.6205],[-145.7225,60.626],[-145.7265,60.6256],[-145.7314,60.6205]]],[[[-145.7479,60.5954],[-145.7351,60.5946],[-145.732,60.6025],[-145.7479,60.5954]]],[[[-145.7734,60.5496],[-145.7746,60.5482],[-145.7703,60.5501],[-145.7734,60.5496]]],[[[-145.8074,60.6134],[-145.7852,60.6216],[-145.8027,60.6192],[-145.8074,60.6134]]],[[[-145.9705,60.6814],[-145.9659,60.6789],[-145.9591,60.6817],[-145.9705,60.6814]]],[[[-146.0096,60.6729],[-145.9889,60.6717],[-145.9818,60.6765],[-146.0096,60.6729]]],[[[-146.0116,60.3962],[-145.8312,60.3503],[-145.7421,60.3818],[-146.0116,60.3962]]],[[[-146.0228,60.4624],[-145.9923,60.4623],[-146.0175,60.4678],[-146.0228,60.4624]]],[[[-146.337,60.4639],[-146.1017,60.4738],[-145.7604,60.6154],[-146.337,60.4639]]],[[[-146.7166,60.8635],[-146.7134,60.8595],[-146.7056,60.8581],[-146.7166,60.8635]]],[[[-146.7318,60.3816],[-146.5152,60.3598],[-146.7013,60.2785],[-146.6284,60.2338],[-146.0751,60.3672],[-146.5392,60.4864],[-146.7318,60.3816]]],[[[-146.7363,60.8784],[-146.7373,60.877],[-146.7296,60.8744],[-146.7363,60.8784]]],[[[-146.8169,60.895],[-146.7578,60.8858],[-146.7869,60.9001],[-146.8169,60.895]]],[[[-146.8173,60.8179],[-146.7013,60.8483],[-146.7652,60.8817],[-146.8173,60.8179]]],[[[-146.8449,60.8458],[-146.8322,60.8453],[-146.8144,60.854],[-146.8449,60.8458]]],[[[-147.0708,60.9626],[-147.0537,60.9582],[-147.0209,60.9798],[-147.0708,60.9626]]],[[[-147.1735,60.9113],[-147.167,60.9097],[-147.1651,60.9117],[-147.1735,60.9113]]],[[[-147.2651,70.2128],[-147.1808,70.2198],[-147.2222,70.2324],[-147.2651,70.2128]]],[[[-147.2662,60.964],[-147.2566,60.9595],[-147.2483,60.963],[-147.2662,60.964]]],[[[-147.3246,60.8784],[-147.1487,60.8523],[-147.0722,60.8936],[-147.3246,60.8784]]],[[[-147.4061,60.5194],[-147.3159,60.5303],[-147.3876,60.5279],[-147.4061,60.5194]]],[[[-147.4178,59.8689],[-147.4118,59.864],[-147.3866,59.8749],[-147.4178,59.8689]]],[[[-147.4188,60.7011],[-147.3895,60.6831],[-147.3553,60.7023],[-147.4188,60.7011]]],[[[-147.4331,60.5212],[-147.4306,60.5139],[-147.421,60.5182],[-147.4331,60.5212]]],[[[-147.4601,60.8798],[-147.4218,60.8664],[-147.4312,60.8781],[-147.4601,60.8798]]],[[[-147.461,60.9343],[-147.4604,60.9282],[-147.456,60.9289],[-147.461,60.9343]]],[[[-147.4625,59.8435],[-147.4564,59.8454],[-147.4606,59.8462],[-147.4625,59.8435]]],[[[-147.4675,60.9244],[-147.4651,60.9171],[-147.4588,60.9181],[-147.4675,60.9244]]],[[[-147.4709,60.8598],[-147.4588,60.8599],[-147.4649,60.8633],[-147.4709,60.8598]]],[[[-147.4834,60.7294],[-147.4104,60.7173],[-147.3822,60.7372],[-147.4834,60.7294]]],[[[-147.5029,60.6546],[-147.3023,60.6617],[-147.4487,60.699],[-147.5029,60.6546]]],[[[-147.5033,60.2576],[-147.4765,60.2272],[-147.3398,60.3037],[-147.5033,60.2576]]],[[[-147.5778,60.8684],[-147.5481,60.8685],[-147.558,60.8776],[-147.5778,60.8684]]],[[[-147.5869,60.5013],[-147.5821,60.4939],[-147.5738,60.4953],[-147.5869,60.5013]]],[[[-147.5912,60.5183],[-147.5891,60.5147],[-147.5806,60.5176],[-147.5912,60.5183]]],[[[-147.6148,60.5243],[-147.6048,60.5201],[-147.6075,60.5277],[-147.6148,60.5243]]],[[[-147.6292,60.56],[-147.595,60.5242],[-147.5496,60.555],[-147.6292,60.56]]],[[[-147.6764,60.8078],[-147.6729,60.8037],[-147.6581,60.8129],[-147.6764,60.8078]]],[[[-147.7226,60.818],[-147.7254,60.8139],[-147.7075,60.8179],[-147.7226,60.818]]],[[[-147.7399,60.7907],[-147.7218,60.7857],[-147.7073,60.7969],[-147.7399,60.7907]]],[[[-147.7747,60.6633],[-147.7357,60.6936],[-147.7515,60.6969],[-147.7747,60.6633]]],[[[-147.8151,60.7582],[-147.7992,60.766],[-147.8079,60.7673],[-147.8151,60.7582]]],[[[-147.853,60.7947],[-147.8518,60.7862],[-147.838,60.7905],[-147.853,60.7947]]],[[[-147.9295,59.7863],[-147.4351,59.8713],[-147.4962,59.9389],[-147.3429,59.9576],[-147.3576,60.0449],[-146.9155,60.3039],[-147.1111,60.2622],[-147.0021,60.3443],[-147.2105,60.3471],[-147.1886,60.2527],[-147.6954,59.9967],[-147.9295,59.7863]]],[[[-147.9494,60.4973],[-147.9393,60.5001],[-147.9349,60.5112],[-147.9494,60.4973]]],[[[-147.9692,60.2504],[-147.7603,60.1554],[-147.6177,60.3661],[-147.6942,60.3977],[-147.6125,60.4235],[-147.6214,60.5259],[-147.7914,60.478],[-147.9048,60.3368],[-147.7437,60.3251],[-147.9692,60.2504]]],[[[-148.003,70.3168],[-147.9826,70.3126],[-147.9623,70.3155],[-148.003,70.3168]]],[[[-148.0214,60.724],[-147.9352,60.6555],[-147.8455,60.6919],[-148.0214,60.724]]],[[[-148.0461,60.1612],[-148.0293,60.1478],[-148.0011,60.1741],[-148.0461,60.1612]]],[[[-148.0575,59.9496],[-147.8999,59.9755],[-147.8155,60.0597],[-148.0575,59.9496]]],[[[-148.086,59.9266],[-148.0834,59.9229],[-148.0757,59.9254],[-148.086,59.9266]]],[[[-148.1553,60.3128],[-148.0258,60.2763],[-147.9875,60.3708],[-148.1553,60.3128]]],[[[-148.1531,59.9979],[-147.8907,60.116],[-147.9769,60.1606],[-148.1531,59.9979]]],[[[-148.1584,60.6274],[-148.1541,60.6185],[-148.1384,60.6296],[-148.1584,60.6274]]],[[[-148.1941,60.2685],[-148.1869,60.2667],[-148.1882,60.2692],[-148.1941,60.2685]]],[[[-148.2503,59.9385],[-148.1041,59.9507],[-147.9943,60.0359],[-148.2503,59.9385]]],[[[-148.9472,70.4814],[-148.916,70.4796],[-148.8999,70.482],[-148.9472,70.4814]]],[[[-149.1614,70.5191],[-149.1542,70.5149],[-149.1467,70.5152],[-149.1614,70.5191]]],[[[-149.271,70.5315],[-149.2579,70.5237],[-149.25,70.5279],[-149.271,70.5315]]],[[[-149.3644,59.9042],[-149.3073,59.9383],[-149.3479,59.9403],[-149.3644,59.9042]]],[[[-149.3827,59.8841],[-149.3627,59.8813],[-149.3746,59.8904],[-149.3827,59.8841]]],[[[-149.4115,59.851],[-149.364,59.8493],[-149.3828,59.8691],[-149.4115,59.851]]],[[[-149.5246,59.7837],[-149.5077,59.7649],[-149.5014,59.7778],[-149.5246,59.7837]]],[[[-149.5733,59.7025],[-149.5538,59.6983],[-149.5545,59.7009],[-149.5733,59.7025]]],[[[-149.591,70.5625],[-149.5819,70.5551],[-149.4268,70.5494],[-149.591,70.5625]]],[[[-149.6374,59.6145],[-149.6265,59.6131],[-149.6322,59.6169],[-149.6374,59.6145]]],[[[-149.6673,59.6664],[-149.5943,59.6295],[-149.6629,59.6976],[-149.6673,59.6664]]],[[[-149.7176,59.6656],[-149.7121,59.6555],[-149.7112,59.6605],[-149.7176,59.6656]]],[[[-149.72,59.9109],[-149.716,59.9041],[-149.7138,59.9184],[-149.72,59.9109]]],[[[-149.7288,59.6818],[-149.7173,59.67],[-149.7172,59.6779],[-149.7288,59.6818]]],[[[-149.846,59.6761],[-149.7607,59.6083],[-149.801,59.6532],[-149.846,59.6761]]],[[[-150.2859,61.127],[-150.2253,61.1268],[-150.1589,61.1716],[-150.2859,61.127]]],[[[-150.4399,59.3712],[-150.3853,59.342],[-150.3647,59.3825],[-150.4399,59.3712]]],[[[-150.7016,59.4213],[-150.6902,59.4216],[-150.6944,59.4229],[-150.7016,59.4213]]],[[[-150.7749,59.3189],[-150.6033,59.3846],[-150.7062,59.4171],[-150.7749,59.3189]]],[[[-150.9118,59.3054],[-150.8944,59.3052],[-150.899,59.3075],[-150.9118,59.3054]]],[[[-151.4772,59.5411],[-151.4701,59.5396],[-151.4709,59.5425],[-151.4772,59.5411]]],[[[-151.5161,59.5228],[-151.4804,59.5135],[-151.4866,59.5327],[-151.5161,59.5228]]],[[[-151.5288,59.1476],[-151.4311,59.1156],[-151.4334,59.1355],[-151.5288,59.1476]]],[[[-151.5299,59.5068],[-151.5284,59.504],[-151.5001,59.5067],[-151.5299,59.5068]]],[[[-151.726,59.116],[-151.6618,59.0957],[-151.6383,59.1166],[-151.726,59.116]]],[[[-151.7386,70.516],[-151.7251,70.5107],[-151.7196,70.5149],[-151.7386,70.516]]],[[[-151.8819,59.156],[-151.8079,59.1352],[-151.7903,59.1678],[-151.8819,59.156]]],[[[-151.8889,59.3716],[-151.8855,59.3679],[-151.8786,59.3689],[-151.8889,59.3716]]],[[[-151.8961,58.1977],[-151.8225,58.1796],[-151.7892,58.251],[-151.8961,58.1977]]],[[[-151.9236,70.5783],[-151.9271,70.5779],[-151.8683,70.5717],[-151.9236,70.5783]]],[[[-151.9922,70.5829],[-151.9646,70.5767],[-151.9575,70.5794],[-151.9922,70.5829]]],[[[-152.024,58.9152],[-151.954,58.9171],[-151.9809,58.9256],[-152.024,58.9152]]],[[[-152.0509,58.8878],[-152.0433,58.8838],[-152.029,58.89],[-152.0509,58.8878]]],[[[-152.0779,58.9232],[-152.0558,58.9097],[-152.0031,58.9414],[-152.0779,58.9232]]],[[[-152.0864,60.3445],[-151.8347,60.4832],[-151.953,60.5122],[-152.0864,60.3445]]],[[[-152.1626,58.9699],[-152.159,58.9674],[-152.1436,58.9676],[-152.1626,58.9699]]],[[[-152.2257,58.8947],[-152.2044,58.8943],[-152.1991,58.9031],[-152.2257,58.8947]]],[[[-152.3109,57.7549],[-152.2122,57.7914],[-152.2536,57.7908],[-152.3109,57.7549]]],[[[-152.3185,57.3639],[-152.2531,57.3867],[-152.2909,57.3949],[-152.3185,57.3639]]],[[[-152.3512,70.6003],[-152.3297,70.6069],[-152.3463,70.6096],[-152.3512,70.6003]]],[[[-152.359,58.9157],[-152.1527,58.9447],[-152.3173,58.9617],[-152.359,58.9157]]],[[[-152.3591,57.7819],[-152.3492,57.7591],[-152.3083,57.7889],[-152.3591,57.7819]]],[[[-152.3871,57.7836],[-152.3802,57.7835],[-152.3777,57.7878],[-152.3871,57.7836]]],[[[-152.3955,57.7725],[-152.39,57.7734],[-152.3915,57.7751],[-152.3955,57.7725]]],[[[-152.409,57.7662],[-152.4079,57.7649],[-152.4009,57.7685],[-152.409,57.7662]]],[[[-152.5174,57.9206],[-152.3256,57.9132],[-152.4202,57.9715],[-152.5174,57.9206]]],[[[-152.5593,58.6431],[-152.5386,58.6383],[-152.5305,58.6457],[-152.5593,58.6431]]],[[[-152.6408,60.1648],[-152.5551,60.0994],[-152.5804,60.1713],[-152.6408,60.1648]]],[[[-152.7261,60.2242],[-152.7197,60.221],[-152.7151,60.2236],[-152.7261,60.2242]]],[[[-152.8055,58.3196],[-152.8049,58.3162],[-152.7998,58.3165],[-152.8055,58.3196]]],[[[-152.8528,70.8954],[-152.8004,70.8845],[-152.8448,70.8998],[-152.8528,70.8954]]],[[[-152.8621,57.9573],[-152.7722,57.9224],[-152.7214,57.9837],[-152.8621,57.9573]]],[[[-153.3946,59.0049],[-153.3844,59.0006],[-153.3759,59.0071],[-153.3946,59.0049]]],[[[-153.4197,58.0608],[-152.8908,57.9692],[-152.7594,58.0117],[-152.7834,58.0741],[-152.6277,58.077],[-152.5937,58.1865],[-152.5464,58.0833],[-152.2729,58.1246],[-152.3461,58.1839],[-152.2833,58.1835],[-152.3111,58.2409],[-152.0837,58.1534],[-151.9636,58.3301],[-152.1376,58.2168],[-152.0694,58.3651],[-152.126,58.3975],[-152.2158,58.3522],[-152.3273,58.435],[-152.3869,58.3426],[-152.4865,58.3528],[-152.5334,58.4123],[-152.3135,58.6331],[-152.5676,58.6215],[-152.6717,58.5687],[-152.656,58.5071],[-152.5167,58.4675],[-152.8837,58.4097],[-152.7741,58.31],[-152.9227,58.3411],[-152.8129,58.2863],[-153.0472,58.3056],[-153.1014,58.2558],[-153.0087,58.2001],[-153.2186,58.188],[-153.0413,58.1108],[-153.2963,58.1462],[-153.4197,58.0608]]],[[[-153.441,59.6366],[-153.431,59.6377],[-153.4371,59.6395],[-153.441,59.6366]]],[[[-153.5571,57.925],[-153.5487,57.9211],[-153.5487,57.9234],[-153.5571,57.925]]],[[[-153.5617,57.9336],[-153.5613,57.9302],[-153.5554,57.9336],[-153.5617,57.9336]]],[[[-153.5783,58.5981],[-153.5486,58.5999],[-153.559,58.6123],[-153.5783,58.5981]]],[[[-153.5762,59.3756],[-153.5132,59.3203],[-153.3411,59.3569],[-153.4193,59.414],[-153.5762,59.3756]]],[[[-153.6179,56.9001],[-153.5896,56.8873],[-153.5442,56.9093],[-153.6179,56.9001]]],[[[-153.8587,56.7459],[-153.847,56.7365],[-153.8385,56.7488],[-153.8587,56.7459]]],[[[-153.9026,56.7272],[-153.8703,56.7329],[-153.8767,56.739],[-153.9026,56.7272]]],[[[-153.9475,56.7246],[-153.9466,56.7225],[-153.9285,56.7278],[-153.9475,56.7246]]],[[[-153.9657,58.3915],[-153.963,58.3893],[-153.9518,58.3899],[-153.9657,58.3915]]],[[[-154.014,58.4514],[-153.986,58.4582],[-154.0066,58.4569],[-154.014,58.4514]]],[[[-154.036,56.9895],[-154.0314,56.9861],[-154.0272,56.9921],[-154.036,56.9895]]],[[[-154.067,59.3601],[-154.0268,59.366],[-154.0588,59.3655],[-154.067,59.3601]]],[[[-154.1567,56.6835],[-154.0189,56.687],[-154.021,56.7175],[-154.1567,56.6835]]],[[[-154.2112,58.3111],[-154.1966,58.3133],[-154.1979,58.3202],[-154.2112,58.3111]]],[[[-154.2928,58.2877],[-154.2769,58.2861],[-154.2709,58.2938],[-154.2928,58.2877]]],[[[-154.3637,56.5426],[-154.2301,56.4935],[-153.8658,56.5511],[-154.0966,56.6198],[-154.3637,56.5426]]],[[[-154.4391,58.0809],[-154.4398,58.0783],[-154.4286,58.0781],[-154.4391,58.0809]]],[[[-154.445,58.0569],[-154.4232,58.058],[-154.4342,58.0609],[-154.445,58.0569]]],[[[-154.5154,58.0645],[-154.5011,58.0491],[-154.4586,58.06],[-154.5154,58.0645]]],[[[-154.7954,56.4317],[-154.3877,56.571],[-154.5467,56.5908],[-154.7954,56.4317]]],[[[-154.7965,57.348],[-154.7818,57.2822],[-154.5803,57.2473],[-154.5249,56.9947],[-154.3231,56.9251],[-154.3107,56.8429],[-153.7493,57.1399],[-153.9668,56.9969],[-153.8446,56.9448],[-154.147,56.7465],[-153.9744,56.7444],[-153.5501,56.9762],[-153.7058,57.0649],[-153.4941,57.0666],[-153.5105,57.139],[-153.3667,57.1983],[-153.2744,57.2071],[-153.4006,57.0812],[-153.3175,57.0833],[-153.3607,57.0044],[-153.3058,56.9916],[-153.1718,57.097],[-152.868,57.1509],[-153.1706,57.1581],[-153.2122,57.2184],[-152.9426,57.2567],[-153.2056,57.3057],[-153.1569,57.3585],[-152.8737,57.3523],[-152.9148,57.3189],[-152.8167,57.2655],[-152.603,57.3601],[-152.9196,57.5017],[-152.3394,57.4227],[-152.1474,57.6279],[-152.4685,57.5987],[-152.3703,57.6789],[-152.4937,57.6466],[-152.4435,57.7243],[-152.5288,57.7089],[-152.325,57.8226],[-152.4279,57.8146],[-152.4713,57.896],[-152.8314,57.8398],[-152.8645,57.7221],[-152.9139,57.8195],[-152.8056,57.9138],[-153.2801,58.0001],[-153.0876,57.845],[-153.5036,57.9662],[-153.4898,57.8974],[-153.2659,57.8161],[-153.4798,57.8431],[-153.4375,57.7684],[-153.5223,57.711],[-153.6205,57.884],[-153.848,57.8719],[-153.9347,57.8038],[-153.9252,57.7037],[-153.6478,57.6516],[-153.8686,57.6489],[-153.8061,57.5861],[-153.8739,57.5117],[-153.9846,57.5442],[-153.9939,57.6565],[-154.2323,57.6638],[-154.522,57.5739],[-154.7965,57.348]]],[[[-155.7525,55.8227],[-155.5861,55.7633],[-155.5626,55.9077],[-155.7525,55.8227]]],[[[-156.2047,57.4067],[-156.1965,57.407],[-156.1722,57.4236],[-156.2047,57.4067]]],[[[-156.2525,57.3883],[-156.2418,57.3839],[-156.2336,57.3871],[-156.2525,57.3883]]],[[[-156.2825,57.3784],[-156.2521,57.3795],[-156.2685,57.3861],[-156.2825,57.3784]]],[[[-156.3077,57.3652],[-156.288,57.3537],[-156.278,57.367],[-156.3077,57.3652]]],[[[-156.3353,57.3359],[-156.3028,57.3349],[-156.3211,57.3445],[-156.3353,57.3359]]],[[[-156.3416,57.3298],[-156.3365,57.3252],[-156.3323,57.3289],[-156.3416,57.3298]]],[[[-156.4798,71.3873],[-156.4735,71.3797],[-156.455,71.384],[-156.4798,71.3873]]],[[[-156.4898,57.0115],[-156.4639,57.0027],[-156.4691,57.0109],[-156.4898,57.0115]]],[[[-156.5136,57.0313],[-156.4743,57.0244],[-156.4953,57.0417],[-156.5136,57.0313]]],[[[-156.7307,56.9843],[-156.7066,56.9944],[-156.7243,56.9931],[-156.7307,56.9843]]],[[[-156.7507,56.0371],[-156.634,56.048],[-156.683,56.0988],[-156.7507,56.0371]]],[[[-156.7613,56.9287],[-156.7596,56.9266],[-156.7564,56.9287],[-156.7613,56.9287]]],[[[-156.77,56.9484],[-156.7648,56.9454],[-156.7586,56.9491],[-156.77,56.9484]]],[[[-156.7843,56.9136],[-156.7778,56.9157],[-156.782,56.9166],[-156.7843,56.9136]]],[[[-156.8061,56.1677],[-156.7648,56.1521],[-156.7648,56.2292],[-156.8061,56.1677]]],[[[-157.3293,56.5384],[-156.9718,56.5377],[-157.2449,56.5875],[-157.3293,56.5384]]],[[[-157.4294,56.6457],[-157.4243,56.636],[-157.3937,56.6366],[-157.4294,56.6457]]],[[[-157.7405,56.4893],[-157.7065,56.499],[-157.7304,56.5108],[-157.7405,56.4893]]],[[[-157.904,56.3464],[-157.7934,56.3248],[-157.8303,56.3669],[-157.904,56.3464]]],[[[-158.1595,56.1445],[-158.1148,56.1337],[-158.0894,56.156],[-158.1595,56.1445]]],[[[-158.5259,56.1749],[-158.5245,56.172],[-158.5181,56.1724],[-158.5259,56.1749]]],[[[-158.8574,55.9306],[-158.8574,55.9268],[-158.8495,55.9277],[-158.8574,55.9306]]],[[[-158.899,55.8263],[-158.6996,55.8317],[-158.8239,55.8944],[-158.899,55.8263]]],[[[-159.0847,55.8637],[-159.08,55.858],[-159.061,55.8637],[-159.0847,55.8637]]],[[[-159.0902,55.844],[-159.0748,55.8415],[-159.082,55.8445],[-159.0902,55.844]]],[[[-159.1293,55.8859],[-159.1201,55.8821],[-159.1135,55.8855],[-159.1293,55.8859]]],[[[-159.1849,55.8425],[-159.0834,55.8346],[-159.1468,55.878],[-159.1849,55.8425]]],[[[-159.3338,55.0627],[-159.3064,55.0505],[-159.2912,55.0536],[-159.3338,55.0627]]],[[[-159.3428,54.9006],[-159.1995,54.9108],[-159.281,54.95],[-159.3428,54.9006]]],[[[-159.3651,55.793],[-159.3082,55.7473],[-159.2733,55.7743],[-159.3651,55.793]]],[[[-159.37,55.8324],[-159.3505,55.8212],[-159.3595,55.8369],[-159.37,55.8324]]],[[[-159.3994,55.7188],[-159.3269,55.7655],[-159.3709,55.7725],[-159.3994,55.7188]]],[[[-159.4281,55.071],[-159.4119,55.0611],[-159.3982,55.0719],[-159.4281,55.071]]],[[[-159.4809,55.0202],[-159.4017,55.0317],[-159.4569,54.9415],[-159.3285,54.9774],[-159.3958,55.0252],[-159.344,55.0585],[-159.4809,55.0202]]],[[[-159.4968,55.0797],[-159.4718,55.0821],[-159.4815,55.0834],[-159.4968,55.0797]]],[[[-159.5017,55.8486],[-159.4934,55.8425],[-159.4966,55.8555],[-159.5017,55.8486]]],[[[-159.6053,54.8148],[-159.596,54.7574],[-159.5098,54.7723],[-159.6053,54.8148]]],[[[-159.657,55.1238],[-159.594,55.0919],[-159.6356,55.0359],[-159.4923,55.0478],[-159.5177,55.2524],[-159.6061,55.1716],[-159.556,55.1008],[-159.657,55.1238]]],[[[-159.6686,55.1841],[-159.6477,55.1711],[-159.6622,55.1901],[-159.6686,55.1841]]],[[[-159.7554,55.0942],[-159.7159,55.0934],[-159.7093,55.1256],[-159.7554,55.0942]]],[[[-159.8223,54.8166],[-159.7731,54.792],[-159.6937,54.8344],[-159.8223,54.8166]]],[[[-159.8279,55.0734],[-159.7525,55.0679],[-159.7906,55.0928],[-159.8279,55.0734]]],[[[-159.8576,55.0441],[-159.812,55.0143],[-159.8424,55.057],[-159.8576,55.0441]]],[[[-159.9951,58.6136],[-159.9777,58.5917],[-159.9587,58.6006],[-159.9951,58.6136]]],[[[-160.0575,54.9514],[-160.0463,54.9326],[-160.0348,54.934],[-160.0575,54.9514]]],[[[-160.0651,55.5009],[-160.0423,55.5058],[-160.0402,55.5186],[-160.0651,55.5009]]],[[[-160.1127,55.3335],[-160.0699,55.3078],[-160.0271,55.324],[-160.1127,55.3335]]],[[[-160.2032,54.9778],[-160.1734,54.9795],[-160.1915,54.9844],[-160.2032,54.9778]]],[[[-160.2343,58.8493],[-160.183,58.8209],[-160.2123,58.8524],[-160.2343,58.8493]]],[[[-160.257,54.9036],[-160.1915,54.8784],[-159.93,55.0669],[-159.9448,55.1279],[-159.8268,55.1279],[-159.812,55.1801],[-159.9124,55.1475],[-159.8646,55.2851],[-159.9527,55.1612],[-160.0605,55.2003],[-159.9695,55.1209],[-160.1877,55.1184],[-160.0808,55.0373],[-160.257,54.9036]]],[[[-160.3186,58.6901],[-160.2458,58.6612],[-160.3002,58.7295],[-160.3186,58.6901]]],[[[-160.3219,55.3606],[-160.3206,55.3577],[-160.3161,55.3588],[-160.3219,55.3606]]],[[[-160.3465,55.4256],[-160.148,55.3776],[-160.1354,55.4476],[-160.3465,55.4256]]],[[[-160.4062,55.5477],[-160.377,55.5348],[-160.3603,55.5439],[-160.4062,55.5477]]],[[[-160.4407,58.6889],[-160.3846,58.7044],[-160.4036,58.7495],[-160.4407,58.6889]]],[[[-160.5219,55.2815],[-160.5211,55.2787],[-160.5163,55.2792],[-160.5219,55.2815]]],[[[-160.5283,55.32],[-160.3377,55.2427],[-160.3078,55.3032],[-160.362,55.3621],[-160.5283,55.32]]],[[[-160.6232,55.3421],[-160.6203,55.3393],[-160.6165,55.3411],[-160.6232,55.3421]]],[[[-160.8193,56.0243],[-160.811,56.0194],[-160.8021,56.0207],[-160.8193,56.0243]]],[[[-160.8657,55.3213],[-160.8178,55.1243],[-160.7565,55.1948],[-160.5364,55.1313],[-160.457,55.1882],[-160.568,55.2329],[-160.5333,55.3842],[-160.6664,55.302],[-160.6486,55.3873],[-160.7296,55.4072],[-160.8657,55.3213]]],[[[-160.9353,55.8972],[-160.801,55.9023],[-160.8182,55.9534],[-160.9353,55.8972]]],[[[-161.0207,56.0101],[-160.9245,56.0187],[-160.9892,56.0222],[-161.0207,56.0101]]],[[[-161.0823,66.2125],[-161.0658,66.2092],[-161.0676,66.2135],[-161.0823,66.2125]]],[[[-161.0836,58.5913],[-160.8839,58.5797],[-160.6834,58.8173],[-161.0598,58.7005],[-161.0836,58.5913]]],[[[-161.254,55.3514],[-161.2518,55.3493],[-161.2485,55.3532],[-161.254,55.3514]]],[[[-161.3195,64.1236],[-161.2945,64.1146],[-161.2954,64.1391],[-161.3195,64.1236]]],[[[-161.4435,55.2012],[-161.3275,55.1738],[-161.3299,55.2194],[-161.4435,55.2012]]],[[[-161.611,55.072],[-161.5457,55.0666],[-161.6072,55.1176],[-161.611,55.072]]],[[[-161.6646,55.5123],[-161.6428,55.5145],[-161.6535,55.5233],[-161.6646,55.5123]]],[[[-161.6707,58.5608],[-161.6688,58.5575],[-161.6615,58.5572],[-161.6707,58.5608]]],[[[-161.687,66.9513],[-161.6714,66.9563],[-161.6719,66.9649],[-161.687,66.9513]]],[[[-161.6955,55.2094],[-161.5626,55.2047],[-161.5278,55.2508],[-161.6955,55.2094]]],[[[-161.7022,66.9917],[-161.6973,66.9804],[-161.6784,66.9828],[-161.7022,66.9917]]],[[[-161.7472,63.6075],[-161.7364,63.6049],[-161.7339,63.6102],[-161.7472,63.6075]]],[[[-161.7896,64.745],[-161.7702,64.7484],[-161.7849,64.7498],[-161.7896,64.745]]],[[[-161.9018,55.1432],[-161.8161,55.099],[-161.7808,55.1617],[-161.7384,55.053],[-161.6333,55.1066],[-161.9018,55.1432]]],[[[-161.9057,66.2653],[-161.8285,66.2693],[-161.873,66.3165],[-161.9057,66.2653]]],[[[-161.9134,55.0201],[-161.8847,54.9828],[-161.8642,54.9929],[-161.9134,55.0201]]],[[[-161.9251,55.1106],[-161.8825,55.0854],[-161.8616,55.1011],[-161.9251,55.1106]]],[[[-161.9667,55.0783],[-161.9417,55.037],[-161.9284,55.0418],[-161.9667,55.0783]]],[[[-162.0129,63.4929],[-162.0101,63.4906],[-161.9966,63.4909],[-162.0129,63.4929]]],[[[-162.178,54.8425],[-162.175,54.8381],[-162.1702,54.8398],[-162.178,54.8425]]],[[[-162.3805,54.6331],[-162.3633,54.6255],[-162.3602,54.6451],[-162.3805,54.6331]]],[[[-162.4358,54.9541],[-162.4245,54.9442],[-162.4169,54.9509],[-162.4358,54.9541]]],[[[-162.4355,54.9292],[-162.3158,54.8284],[-162.2326,54.8885],[-162.3004,54.9863],[-162.4355,54.9292]]],[[[-162.4819,54.4122],[-162.4327,54.3719],[-162.3636,54.3831],[-162.4819,54.4122]]],[[[-162.5173,54.3739],[-162.4945,54.364],[-162.4534,54.3633],[-162.5173,54.3739]]],[[[-162.719,63.5812],[-162.3413,63.5526],[-162.4338,63.6362],[-162.719,63.5812]]],[[[-162.7278,54.8031],[-162.7266,54.8007],[-162.7218,54.8006],[-162.7278,54.8031]]],[[[-162.7489,67.0424],[-162.7411,67.0225],[-162.7333,67.0424],[-162.7489,67.0424]]],[[[-162.8483,55.2923],[-162.8395,55.2847],[-162.8398,55.2916],[-162.8483,55.2923]]],[[[-162.8601,54.4243],[-162.5171,54.4076],[-162.8292,54.4947],[-162.8601,54.4243]]],[[[-162.8736,55.3489],[-162.6778,55.4143],[-162.7372,55.4028],[-162.8736,55.3489]]],[[[-162.8954,54.902],[-162.8749,54.8968],[-162.8873,54.9067],[-162.8954,54.902]]],[[[-162.925,55.2353],[-162.9027,55.235],[-162.9144,55.2382],[-162.925,55.2353]]],[[[-162.9815,55.2579],[-162.9694,55.2548],[-162.8983,55.32],[-162.9815,55.2579]]],[[[-163.1742,55.4166],[-163.1173,55.4025],[-163.134,55.435],[-163.1742,55.4166]]],[[[-164.0275,59.7098],[-163.9448,59.6759],[-163.9198,59.693],[-164.0275,59.7098]]],[[[-164.6164,63.0451],[-164.5818,63.034],[-164.5526,63.0482],[-164.6164,63.0451]]],[[[-164.6382,63.0832],[-164.5826,63.0928],[-164.6045,63.1084],[-164.6382,63.0832]]],[[[-164.852,54.1839],[-164.8396,54.1787],[-164.8119,54.1868],[-164.852,54.1839]]],[[[-164.879,62.8075],[-164.8752,62.7966],[-164.8521,62.8011],[-164.879,62.8075]]],[[[-164.883,54.199],[-164.7637,54.2232],[-164.7985,54.2298],[-164.883,54.199]]],[[[-164.9025,62.6804],[-164.8489,62.6762],[-164.8698,62.6881],[-164.9025,62.6804]]],[[[-164.9045,62.7071],[-164.8982,62.7059],[-164.901,62.71],[-164.9045,62.7071]]],[[[-164.9178,54.1497],[-164.9169,54.1391],[-164.9029,54.138],[-164.9178,54.1497]]],[[[-164.9432,62.6574],[-164.8163,62.6035],[-164.8474,62.6588],[-164.9432,62.6574]]],[[[-164.9443,54.5773],[-164.8434,54.4201],[-164.6475,54.3896],[-164.3737,54.4528],[-164.2067,54.5956],[-163.5873,54.6126],[-163.4187,54.6583],[-163.3752,54.749],[-163.0448,54.6719],[-163.1471,54.7639],[-163.3705,54.7855],[-163.4221,54.946],[-163.5416,55.0258],[-163.4523,55.0372],[-163.7733,55.0519],[-164.3062,54.8971],[-164.4949,54.9156],[-164.7044,54.6638],[-164.9443,54.5773]]],[[[-164.9815,62.5606],[-164.8711,62.545],[-164.8822,62.5662],[-164.9815,62.5606]]],[[[-165.0278,60.8353],[-164.8886,60.8398],[-165.005,60.8763],[-165.0278,60.8353]]],[[[-165.0288,62.6177],[-164.9501,62.5963],[-165.0068,62.6408],[-165.0288,62.6177]]],[[[-165.0721,62.5884],[-165.0227,62.5858],[-165.0472,62.5973],[-165.0721,62.5884]]],[[[-165.2195,54.1007],[-165.0388,54.0656],[-164.9181,54.112],[-165.2195,54.1007]]],[[[-165.4814,54.0739],[-165.2332,54.0636],[-165.2696,54.0937],[-165.4814,54.0739]]],[[[-165.575,54.0416],[-165.4807,54.0442],[-165.5156,54.0667],[-165.575,54.0416]]],[[[-165.686,54.245],[-165.5848,54.2341],[-165.6076,54.1141],[-165.3837,54.1955],[-165.5432,54.2172],[-165.4876,54.297],[-165.686,54.245]]],[[[-165.8614,59.8654],[-165.8543,59.8634],[-165.8561,59.8663],[-165.8614,59.8654]]],[[[-166.0595,53.8619],[-166.0386,53.8614],[-166.0423,53.8679],[-166.0595,53.8619]]],[[[-166.1115,54.1227],[-166.0485,54.0445],[-165.8819,54.0343],[-165.657,54.1199],[-165.8205,54.1267],[-165.7262,54.1448],[-165.9361,54.2268],[-166.1115,54.1227]]],[[[-166.1471,61.7576],[-166.1125,61.738],[-166.1279,61.7719],[-166.1471,61.7576]]],[[[-166.1985,53.9865],[-166.1744,53.957],[-166.0748,53.971],[-166.1985,53.9865]]],[[[-166.2285,64.4921],[-166.2121,64.4732],[-166.1921,64.4921],[-166.2285,64.4921]]],[[[-166.3104,53.7884],[-166.2075,53.7075],[-166.0847,53.8417],[-166.3104,53.7884]]],[[[-166.5772,53.9052],[-166.5707,53.8966],[-166.5646,53.9102],[-166.5772,53.9052]]],[[[-166.8253,53.6687],[-166.8204,53.6667],[-166.8222,53.6695],[-166.8253,53.6687]]],[[[-166.8487,53.6964],[-166.8466,53.6917],[-166.8316,53.6914],[-166.8487,53.6964]]],[[[-167.4594,60.2117],[-167.3333,60.0666],[-166.1904,59.7502],[-166.0905,59.7606],[-166.1394,59.8271],[-165.5844,59.9073],[-165.5474,59.9763],[-165.6351,59.9633],[-165.7097,60.0613],[-165.6763,60.292],[-166.0926,60.3211],[-166.1471,60.4417],[-166.1498,60.3735],[-166.7138,60.3289],[-166.8513,60.2033],[-167.4594,60.2117]]],[[[-167.8522,53.3111],[-167.6575,53.2265],[-167.051,53.4488],[-166.7492,53.4409],[-166.7995,53.5576],[-166.6637,53.4837],[-166.7202,53.5401],[-166.6364,53.5231],[-166.6638,53.5928],[-166.5766,53.5301],[-166.5634,53.6054],[-166.5076,53.5812],[-166.5448,53.6503],[-166.275,53.6865],[-166.3411,53.7867],[-166.549,53.6828],[-166.606,53.7387],[-166.2048,53.932],[-166.3734,53.9447],[-166.376,54.0094],[-166.6079,53.827],[-166.6257,54.0062],[-167.0095,53.96],[-167.152,53.8292],[-166.6908,53.7154],[-166.8325,53.708],[-166.7916,53.6256],[-166.8957,53.7167],[-167.0353,53.7083],[-167.0716,53.6667],[-166.9963,53.6224],[-167.1638,53.6162],[-167.0699,53.5071],[-167.8522,53.3111]]],[[[-168.0436,53.9361],[-168.0263,53.9268],[-168.0343,53.9363],[-168.0436,53.9361]]],[[[-168.0947,64.9684],[-168.0486,64.9604],[-168.0472,64.9764],[-168.0947,64.9684]]],[[[-168.4072,52.9959],[-168.3976,52.9958],[-168.4028,52.9992],[-168.4072,52.9959]]],[[[-168.4507,53.0495],[-168.4479,53.0426],[-168.4392,53.0464],[-168.4507,53.0495]]],[[[-168.4865,52.9804],[-168.4444,52.9789],[-168.47,52.9921],[-168.4865,52.9804]]],[[[-168.9535,65.7581],[-168.895,65.7437],[-168.8995,65.7689],[-168.9535,65.7581]]],[[[-169.1159,52.8221],[-168.4589,53.0544],[-168.2951,53.2289],[-167.8409,53.3862],[-167.7852,53.5105],[-168.084,53.5648],[-168.3445,53.4794],[-168.4362,53.3321],[-168.3461,53.2607],[-168.6143,53.2731],[-168.7968,53.1597],[-168.765,53.0757],[-168.8611,52.9404],[-169.1159,52.8221]]],[[[-169.2594,52.7632],[-169.2031,52.7702],[-169.153,52.8013],[-169.2594,52.7632]]],[[[-169.7631,52.9822],[-169.7192,52.9469],[-169.667,53.0214],[-169.7631,52.9822]]],[[[-169.7869,56.6142],[-169.5763,56.5318],[-169.4655,56.5953],[-169.7869,56.6142]]],[[[-169.7993,53.0571],[-169.7402,53.0612],[-169.767,53.0822],[-169.7993,53.0571]]],[[[-170.011,52.8316],[-169.7193,52.7718],[-169.6685,52.8639],[-170.011,52.8316]]],[[[-170.1215,52.8996],[-170.0504,52.8578],[-169.9946,52.9118],[-170.1215,52.8996]]],[[[-170.1837,52.7244],[-170.0521,52.7691],[-170.1695,52.7857],[-170.1837,52.7244]]],[[[-170.4215,57.1618],[-170.2894,57.1075],[-170.0977,57.2486],[-170.4215,57.1618]]],[[[-170.8424,52.5616],[-170.56,52.6679],[-170.7261,52.6822],[-170.8424,52.5616]]],[[[-171.1777,52.5624],[-171.115,52.5595],[-171.1395,52.5864],[-171.1777,52.5624]]],[[[-171.3149,52.4826],[-171.2362,52.4483],[-171.1956,52.4943],[-171.3149,52.4826]]],[[[-171.8469,63.4868],[-171.735,63.365],[-171.4624,63.3088],[-171.0733,63.4241],[-170.5713,63.3614],[-170.2925,63.1875],[-169.8694,63.1025],[-169.7629,62.9615],[-169.6432,62.9377],[-169.3789,63.1493],[-168.8602,63.1469],[-168.6877,63.2951],[-170.007,63.4762],[-170.094,63.6123],[-170.2894,63.6875],[-170.948,63.5716],[-171.6128,63.6819],[-171.6744,63.787],[-171.7402,63.7834],[-171.8469,63.4868]]],[[[-172.6322,52.2711],[-172.2949,52.3279],[-172.4515,52.39],[-172.6322,52.2711]]],[[[-172.9657,52.0716],[-172.9555,52.0689],[-172.9609,52.0734],[-172.9657,52.0716]]],[[[-173.0638,60.5026],[-172.5984,60.3168],[-172.2181,60.3129],[-172.7764,60.4519],[-172.9129,60.6051],[-173.0638,60.5026]]],[[[-173.1213,60.6614],[-173.0419,60.6297],[-173.0743,60.7047],[-173.1213,60.6614]]],[[[-174.0538,52.1306],[-173.9311,52.0532],[-173.4955,52.0214],[-172.9526,52.0962],[-174.0538,52.1306]]],[[[-174.4973,52.013],[-174.4805,52.0267],[-174.4938,52.0311],[-174.4973,52.013]]],[[[-174.6551,52.1684],[-174.6313,52.1684],[-174.6256,52.1804],[-174.6551,52.1684]]],[[[-175.1415,52.2267],[-175.1377,52.2152],[-175.124,52.2184],[-175.1415,52.2267]]],[[[-175.342,52.0236],[-174.7134,52.0089],[-174.4892,52.0434],[-174.5307,52.089],[-174.415,52.0284],[-174.33,52.1217],[-174.0844,52.1086],[-174.2071,52.2182],[-174.0599,52.2253],[-173.989,52.3189],[-174.1487,52.4202],[-174.2824,52.4039],[-174.4598,52.3182],[-174.2364,52.2746],[-174.283,52.2072],[-174.4607,52.2176],[-174.4109,52.1702],[-174.558,52.1793],[-174.5081,52.1445],[-174.5845,52.1007],[-175.342,52.0236]]],[[[-175.4977,51.9782],[-175.4311,51.9817],[-175.4517,51.9903],[-175.4977,51.9782]]],[[[-175.5296,52.1785],[-175.5137,52.1609],[-175.4911,52.1736],[-175.5296,52.1785]]],[[[-175.7451,51.9521],[-175.5784,51.9638],[-175.7325,51.975],[-175.7451,51.9521]]],[[[-175.8765,51.9438],[-175.7594,51.9241],[-175.7982,51.9593],[-175.8765,51.9438]]],[[[-175.9604,51.9846],[-175.8834,51.9639],[-175.807,51.9876],[-175.9604,51.9846]]],[[[-176.0188,51.9615],[-176.0029,51.9452],[-175.9911,51.9556],[-176.0188,51.9615]]],[[[-176.0552,51.9339],[-176.0259,51.9334],[-176.03,51.9545],[-176.0552,51.9339]]],[[[-176.1137,51.9359],[-176.0992,51.9298],[-176.0927,51.9411],[-176.1137,51.9359]]],[[[-176.1162,51.888],[-175.9635,51.8462],[-175.9506,51.8847],[-176.1162,51.888]]],[[[-176.1345,51.9586],[-176.0878,51.9518],[-176.0948,51.964],[-176.1345,51.9586]]],[[[-176.1671,51.9504],[-176.1434,51.947],[-176.1582,51.9559],[-176.1671,51.9504]]],[[[-176.2125,52.0616],[-176.0666,51.9671],[-175.9721,52.038],[-176.056,52.1095],[-176.2125,52.0616]]],[[[-176.235,51.829],[-176.1582,51.7689],[-176.1199,51.8295],[-175.9961,51.804],[-176.1852,51.8831],[-176.235,51.829]]],[[[-176.992,51.6293],[-176.9356,51.5928],[-176.8352,51.7211],[-176.8084,51.6093],[-176.7236,51.6245],[-176.7228,51.6824],[-176.6316,51.6572],[-176.4209,51.7938],[-176.292,51.74],[-176.2667,51.818],[-176.3536,51.8265],[-176.2918,51.8732],[-176.6518,51.8508],[-176.549,51.9171],[-176.5647,51.9981],[-176.7712,51.9651],[-176.777,51.8195],[-176.9069,51.8292],[-176.842,51.7494],[-176.992,51.6293]]],[[[-177.4668,51.904],[-177.4202,51.9021],[-177.4421,51.9211],[-177.4668,51.904]]],[[[-177.7053,51.7072],[-177.6514,51.6536],[-177.3983,51.7336],[-177.1465,51.7058],[-177.0476,51.9003],[-177.1813,51.9432],[-177.2311,51.8013],[-177.7053,51.7072]]],[[[-178.2269,51.8777],[-177.9591,51.7724],[-178.1205,51.6767],[-177.9348,51.5966],[-177.9035,51.69],[-177.8096,51.7026],[-177.8208,51.7872],[-177.6145,51.853],[-177.8568,51.8266],[-177.9637,51.9179],[-178.2269,51.8777]]],[[[-178.3105,51.4808],[-178.2883,51.472],[-178.2729,51.4791],[-178.3105,51.4808]]],[[[-178.6866,51.6026],[-178.5937,51.5819],[-178.5659,51.6018],[-178.6866,51.6026]]],[[[-178.8616,51.5758],[-178.8202,51.5405],[-178.7337,51.5432],[-178.8616,51.5758]]],[[[-178.8706,51.7854],[-178.7337,51.7819],[-178.8175,51.8378],[-178.8706,51.7854]]],[[[-178.9904,51.3831],[-178.9907,51.312],[-178.9085,51.3422],[-178.9904,51.3831]]],[[[-179.0588,51.5866],[-179.0589,51.5725],[-179.0319,51.57],[-179.0588,51.5866]]],[[[-179.1467,51.2771],[-179.1291,51.2157],[-179.0575,51.2527],[-179.1467,51.2771]]],[[[179.4825,51.9828],[179.6144,51.8718],[179.7785,51.9622],[179.6476,52.0263],[179.4825,51.9828]]],[[[178.6255,51.6373],[179.2616,51.3577],[179.4676,51.3716],[179.2363,51.4096],[178.9039,51.6149],[178.6255,51.6373]]],[[[178.447,51.9782],[178.5025,51.8996],[178.5902,51.9455],[178.447,51.9782]]],[[[178.2369,51.8282],[178.3807,51.7639],[178.3103,51.82],[178.2369,51.8282]]],[[[178.0946,52.0333],[178.1325,51.987],[178.191,52.0035],[178.0946,52.0333]]],[[[178.0184,51.8791],[178.0225,51.871],[178.0327,51.8746],[178.0184,51.8791]]],[[[177.3569,52.1237],[177.3618,52.1167],[177.3713,52.1218],[177.3569,52.1237]]],[[[177.2033,51.8966],[177.3118,51.826],[177.3739,51.9198],[177.601,51.9223],[177.5327,51.9701],[177.676,52.0922],[177.5634,52.122],[177.4974,51.9933],[177.2033,51.8966]]],[[[175.8744,52.371],[175.9113,52.3348],[175.9665,52.3597],[175.8744,52.371]]],[[[174.0662,52.731],[174.1593,52.7074],[174.0966,52.7435],[174.0662,52.731]]],[[[173.9541,52.7514],[173.9726,52.7294],[174.0217,52.7303],[173.9541,52.7514]]],[[[173.8674,52.7751],[173.8948,52.7508],[173.94,52.7519],[173.8674,52.7751]]],[[[173.3561,52.4056],[173.7257,52.3566],[173.6916,52.4459],[173.7728,52.5099],[173.3561,52.4056]]],[[[172.4617,52.9272],[172.6404,52.9254],[172.9036,52.7617],[173.2241,52.8564],[173.4277,52.8308],[173.1072,52.9932],[172.6433,53.005],[172.4617,52.9272]]],[[[-130.9831,55.366],[-130.97,55.316],[-130.9333,55.3331],[-130.9831,55.366]]],[[[-131.0432,55.3035],[-131.0289,55.2858],[-131.0306,55.3048],[-131.0432,55.3035]]],[[[-131.2071,54.8698],[-131.2053,54.8657],[-131.1947,54.8712],[-131.2071,54.8698]]],[[[-131.2447,55.0745],[-131.1968,55.0432],[-131.1751,55.0867],[-131.2447,55.0745]]],[[[-131.27,55.3608],[-131.2531,55.3522],[-131.2592,55.3639],[-131.27,55.3608]]],[[[-131.2877,55.0125],[-131.2154,55.0364],[-131.2506,55.0367],[-131.2877,55.0125]]],[[[-131.3353,55.1882],[-131.3308,55.1832],[-131.3274,55.1849],[-131.3353,55.1882]]],[[[-131.3858,55.251],[-131.3831,55.248],[-131.3829,55.2511],[-131.3858,55.251]]],[[[-131.4587,55.266],[-131.4266,55.2385],[-131.3975,55.2397],[-131.4587,55.266]]],[[[-131.4984,54.9347],[-131.3436,54.8558],[-131.1911,54.9182],[-131.2441,55.0033],[-131.4984,54.9347]]],[[[-131.512,55.2651],[-131.5001,55.2646],[-131.5082,55.2672],[-131.512,55.2651]]],[[[-131.5396,55.0024],[-131.5031,54.9632],[-131.498,54.9912],[-131.5396,55.0024]]]]}},{"type":"Feature","properties":{"id":"nevada","name":"Nevada","state":"NV","fips":"32","source":"U.S. Census TIGERweb ACS2023 generalized state layer"},"geometry":{"type":"Polygon","coordinates":[[[-120.0065,39.2729],[-120.001,38.9996],[-117.5001,37.2204],[-114.6335,35.0019],[-114.5692,35.1835],[-114.7532,36.0895],[-114.3745,36.1437],[-114.2614,36.0255],[-114.1514,36.0231],[-114.0439,36.1934],[-114.0415,41.9939],[-119.9992,41.9949],[-120.0065,39.2729]]]}},{"type":"Feature","properties":{"id":"illinois","name":"Illinois","state":"IL","fips":"17","source":"U.S. Census TIGERweb ACS2023 generalized state layer"},"geometry":{"type":"Polygon","coordinates":[[[-91.513,40.1811],[-91.3678,39.729],[-90.73,39.2559],[-90.6285,38.8916],[-90.4401,38.9674],[-90.1094,38.8435],[-90.3682,38.3403],[-90.3596,38.2245],[-89.9251,37.96],[-89.9506,37.8815],[-89.8426,37.9052],[-89.5143,37.6899],[-89.4211,37.3877],[-89.5183,37.2855],[-89.3783,37.0396],[-89.2786,36.9887],[-89.3083,37.0684],[-89.2549,37.072],[-89.1327,36.9822],[-89.1681,37.0742],[-88.9747,37.2297],[-88.4606,37.0743],[-88.4702,37.3963],[-88.0678,37.4859],[-88.1602,37.6576],[-88.028,37.7992],[-88.0979,37.9015],[-88.0134,37.8949],[-88.0421,38.0463],[-87.9114,38.1617],[-87.9876,38.2574],[-87.839,38.2823],[-87.4961,38.7421],[-87.5122,38.9544],[-87.6587,39.136],[-87.5746,39.2184],[-87.6205,39.3071],[-87.5316,39.3481],[-87.5246,41.7235],[-87.8286,42.2699],[-87.8021,42.4926],[-90.6428,42.5085],[-90.3911,42.2255],[-90.1629,42.1167],[-90.181,41.8094],[-90.4614,41.5235],[-91.0459,41.4141],[-91.1136,41.2414],[-90.9466,41.0966],[-90.9629,40.925],[-91.093,40.8211],[-91.1239,40.6692],[-91.4052,40.5546],[-91.3729,40.3991],[-91.513,40.1811]]]}},{"type":"Feature","properties":{"id":"vermont","name":"Vermont","state":"VT","fips":"50","source":"U.S. Census TIGERweb ACS2023 generalized state layer"},"geometry":{"type":"Polygon","coordinates":[[[-73.4377,44.045],[-73.3506,43.7719],[-73.4309,43.587],[-73.3062,43.628],[-73.2416,43.535],[-73.2764,42.746],[-72.4585,42.7269],[-72.5562,42.867],[-72.4438,43.0062],[-72.3801,43.5736],[-72.0318,44.0785],[-72.0328,44.3204],[-71.5768,44.5026],[-71.5354,44.5871],[-71.6319,44.7525],[-71.4949,44.9043],[-71.5362,44.9946],[-71.4646,45.0136],[-73.3431,45.0108],[-73.3902,44.6184],[-73.2939,44.4376],[-73.4377,44.045]]]}},{"type":"Feature","properties":{"id":"minnesota","name":"Minnesota","state":"MN","fips":"27","source":"U.S. Census TIGERweb ACS2023 generalized state layer"},"geometry":{"type":"MultiPolygon","coordinates":[[[[-97.2392,48.9687],[-97.0903,48.6845],[-97.1753,48.5625],[-97.1467,48.1432],[-96.8511,47.5979],[-96.8395,47.0067],[-96.7533,46.9246],[-96.7979,46.6291],[-96.5998,46.3304],[-96.5545,46.084],[-96.5831,45.82],[-96.8578,45.606],[-96.6925,45.4173],[-96.4531,45.2981],[-96.4533,43.5004],[-91.2177,43.5006],[-91.2441,43.7747],[-91.4325,43.9968],[-91.8752,44.2006],[-91.9703,44.3658],[-92.3361,44.554],[-92.5481,44.5678],[-92.8073,44.7504],[-92.7619,45.287],[-92.6466,45.4416],[-92.8837,45.5755],[-92.8692,45.7176],[-92.7077,45.8949],[-92.294,46.0744],[-92.2913,46.6681],[-92.1166,46.7486],[-92.0153,46.7065],[-92.0943,46.7884],[-90.777,47.6062],[-89.494,48.0047],[-89.8974,47.9876],[-90.1362,48.1121],[-90.7516,48.091],[-90.8855,48.2458],[-91.2664,48.0787],[-91.5673,48.0437],[-91.5593,48.1083],[-91.9578,48.233],[-92.0552,48.3592],[-92.2623,48.3549],[-92.2697,48.2482],[-92.3692,48.2203],[-92.4563,48.4142],[-92.7126,48.463],[-92.6349,48.5429],[-92.9549,48.6315],[-93.2549,48.6428],[-93.7945,48.516],[-93.8444,48.6302],[-94.6454,48.7441],[-94.8162,49.321],[-94.9575,49.3702],[-95.1533,49.3844],[-95.1537,48.9989],[-97.2392,48.9687]]],[[[-89.5921,47.9667],[-89.5535,47.9733],[-89.5749,47.9807],[-89.5921,47.9667]]],[[[-89.6646,47.9534],[-89.6601,47.9508],[-89.6551,47.9527],[-89.6646,47.9534]]],[[[-91.5537,47.0896],[-91.5516,47.0873],[-91.5517,47.0906],[-91.5537,47.0896]]]]}},{"type":"Feature","properties":{"id":"iowa","name":"Iowa","state":"IA","fips":"19","source":"U.S. Census TIGERweb ACS2023 generalized state layer"},"geometry":{"type":"Polygon","coordinates":[[[-96.6384,42.7355],[-96.4772,42.491],[-96.386,42.4745],[-96.4178,42.3514],[-96.2714,42.045],[-96.1295,41.9717],[-96.1618,41.9018],[-96.0645,41.793],[-96.0966,41.5454],[-95.9225,41.4558],[-95.9567,41.3455],[-95.8715,41.2958],[-95.9275,41.2984],[-95.926,41.1957],[-95.8413,41.175],[-95.8824,41.0604],[-95.8095,40.8912],[-95.8889,40.7319],[-95.7656,40.5852],[-91.7291,40.6136],[-91.4823,40.3821],[-91.3884,40.3849],[-91.4052,40.5546],[-91.1239,40.6692],[-91.093,40.8211],[-90.9522,40.954],[-90.9466,41.0966],[-91.1136,41.2414],[-91.0459,41.4141],[-90.3432,41.5878],[-90.1406,41.996],[-90.1675,42.1225],[-90.654,42.4785],[-90.7063,42.6342],[-91.0647,42.7509],[-91.1795,43.0674],[-91.0579,43.2554],[-91.2066,43.3525],[-91.2177,43.5006],[-96.5989,43.5005],[-96.5216,43.3856],[-96.5852,43.2689],[-96.4366,43.1208],[-96.6384,42.7355]]]}},{"type":"Feature","properties":{"id":"south-carolina","name":"South Carolina","state":"SC","fips":"45","source":"U.S. Census TIGERweb ACS2023 generalized state layer"},"geometry":{"type":"MultiPolygon","coordinates":[[[[-83.3539,34.6992],[-83.0334,34.4831],[-82.8588,34.4552],[-82.5568,33.9454],[-81.9263,33.4629],[-81.9397,33.3449],[-81.7541,33.1505],[-81.4923,33.0093],[-81.4181,32.6283],[-81.187,32.4636],[-81.1172,32.1176],[-80.921,32.04],[-80.6692,32.2168],[-80.7336,32.3195],[-80.633,32.2569],[-80.4533,32.3219],[-80.4721,32.497],[-80.0008,32.6059],[-79.8856,32.6849],[-79.9232,32.7818],[-79.7264,32.806],[-79.5811,32.9064],[-79.5711,33.0138],[-79.3623,33.0091],[-79.1915,33.1733],[-79.1354,33.4039],[-78.9573,33.6208],[-78.5473,33.8565],[-79.6753,34.8047],[-80.7975,34.8198],[-80.782,34.9358],[-80.935,35.1074],[-81.0415,35.0447],[-81.0436,35.1499],[-82.3929,35.2154],[-83.1096,35.0012],[-83.3539,34.6992]]],[[[-79.5079,33.0201],[-79.501,33.0182],[-79.5024,33.0206],[-79.5079,33.0201]]],[[[-79.5536,32.9904],[-79.5452,32.9907],[-79.5487,32.993],[-79.5536,32.9904]]],[[[-80.1863,32.553],[-80.182,32.5472],[-80.1772,32.5483],[-80.1863,32.553]]]]}},{"type":"Feature","properties":{"id":"new-hampshire","name":"New Hampshire","state":"NH","fips":"33","source":"U.S. Census TIGERweb ACS2023 generalized state layer"},"geometry":{"type":"MultiPolygon","coordinates":[[[[-72.5572,42.853],[-72.4585,42.7269],[-71.2942,42.697],[-71.0312,42.8591],[-70.8173,42.8723],[-70.7121,43.0437],[-70.9876,43.3895],[-71.0839,45.3055],[-71.1479,45.2393],[-71.2844,45.3024],[-71.4434,45.2377],[-71.4646,45.0136],[-71.5413,44.9851],[-71.4949,44.9043],[-71.6319,44.7525],[-71.5354,44.5871],[-71.5768,44.5026],[-72.0654,44.2772],[-72.0318,44.0785],[-72.3801,43.5736],[-72.4438,43.0062],[-72.5572,42.853]]],[[[-70.617,42.9772],[-70.614,42.9733],[-70.6106,42.9764],[-70.617,42.9772]]],[[[-70.6268,42.9695],[-70.6261,42.9677],[-70.6225,42.9675],[-70.6268,42.9695]]],[[[-70.6279,42.9763],[-70.6243,42.9767],[-70.6269,42.9782],[-70.6279,42.9763]]]]}},{"type":"Feature","properties":{"id":"district-of-columbia","name":"District of Columbia","state":"DC","fips":"11","source":"U.S. Census TIGERweb ACS2023 generalized state layer"},"geometry":{"type":"Polygon","coordinates":[[[-77.1198,38.9343],[-77.039,38.7916],[-76.9094,38.8928],[-77.041,38.9951],[-77.1198,38.9343]]]}},{"type":"Feature","properties":{"id":"maine","name":"Maine","state":"ME","fips":"23","source":"U.S. Census TIGERweb ACS2023 generalized state layer"},"geometry":{"type":"MultiPolygon","coordinates":[[[[-71.08,45.307],[-70.9876,43.3895],[-70.7038,43.0598],[-70.5539,43.3219],[-70.3328,43.4464],[-70.3612,43.5292],[-70.1969,43.5651],[-70.253,43.675],[-70.1943,43.7686],[-69.9472,43.8645],[-70.045,43.7367],[-69.8734,43.7784],[-69.8368,43.6997],[-69.6771,43.927],[-69.6556,43.781],[-69.6388,43.8478],[-69.5033,43.8377],[-69.4377,43.9758],[-69.2739,43.9142],[-69.1253,43.9779],[-68.9499,44.34],[-68.9984,44.4256],[-68.8752,44.4299],[-68.8059,44.5243],[-68.8272,44.3122],[-68.5228,44.2281],[-68.5652,44.3991],[-68.4798,44.4542],[-68.4622,44.3794],[-68.4253,44.4983],[-68.4308,44.397],[-68.3543,44.4005],[-68.4309,44.2986],[-68.3338,44.2213],[-68.1745,44.3452],[-68.3657,44.4353],[-68.2114,44.5201],[-68.0493,44.3307],[-67.9588,44.3988],[-68.0275,44.4825],[-67.8986,44.3956],[-67.8478,44.563],[-67.7131,44.4936],[-67.5647,44.5321],[-67.5434,44.6266],[-67.4055,44.5942],[-67.3964,44.6933],[-67.3085,44.7075],[-67.2464,44.6264],[-66.9499,44.8174],[-67.1579,45.161],[-67.2836,45.192],[-67.3456,45.1264],[-67.4893,45.2813],[-67.4187,45.3773],[-67.5038,45.4885],[-67.4165,45.5021],[-67.4297,45.5838],[-67.8179,45.6937],[-67.7504,45.9179],[-67.7905,47.0679],[-68.2346,47.355],[-68.9001,47.1777],[-69.0503,47.2559],[-69.0427,47.4267],[-69.2244,47.4597],[-69.9971,46.6952],[-70.0569,46.4152],[-70.2927,46.1916],[-70.2367,46.1449],[-70.3176,46.0195],[-70.2591,45.8908],[-70.7228,45.5128],[-70.6347,45.3836],[-70.798,45.4267],[-70.857,45.2292],[-70.9524,45.3391],[-71.08,45.307]]],[[[-67.3226,44.6116],[-67.308,44.5972],[-67.261,44.6087],[-67.3226,44.6116]]],[[[-67.3313,44.6527],[-67.3344,44.6485],[-67.3272,44.6513],[-67.3313,44.6527]]],[[[-67.338,44.6798],[-67.3339,44.6779],[-67.3301,44.6839],[-67.338,44.6798]]],[[[-67.3558,44.6423],[-67.3539,44.6411],[-67.3522,44.6448],[-67.3558,44.6423]]],[[[-67.3596,44.5797],[-67.3553,44.5762],[-67.3506,44.5842],[-67.3596,44.5797]]],[[[-67.3615,44.6489],[-67.3567,44.6468],[-67.3567,44.6539],[-67.3615,44.6489]]],[[[-67.3679,44.57],[-67.3672,44.5674],[-67.3614,44.5731],[-67.3679,44.57]]],[[[-67.3693,44.6691],[-67.356,44.6636],[-67.3503,44.6693],[-67.3693,44.6691]]],[[[-67.3741,44.5932],[-67.3667,44.5997],[-67.3686,44.6019],[-67.3741,44.5932]]],[[[-67.3931,44.5984],[-67.3903,44.5957],[-67.3836,44.6017],[-67.3931,44.5984]]],[[[-67.3961,44.5745],[-67.3959,44.5725],[-67.3922,44.5744],[-67.3961,44.5745]]],[[[-67.3967,44.5885],[-67.3961,44.5832],[-67.3926,44.5849],[-67.3967,44.5885]]],[[[-67.4077,44.5728],[-67.4062,44.568],[-67.4036,44.5751],[-67.4077,44.5728]]],[[[-67.4295,44.5974],[-67.4278,44.5953],[-67.4262,44.5974],[-67.4295,44.5974]]],[[[-67.4439,44.5554],[-67.4316,44.5573],[-67.4334,44.5589],[-67.4439,44.5554]]],[[[-67.4649,44.571],[-67.4537,44.5724],[-67.4577,44.5755],[-67.4649,44.571]]],[[[-67.4745,44.5683],[-67.4742,44.5666],[-67.4696,44.568],[-67.4745,44.5683]]],[[[-67.4833,44.561],[-67.4816,44.5601],[-67.4784,44.5651],[-67.4833,44.561]]],[[[-67.4913,44.6037],[-67.4915,44.6017],[-67.4865,44.6001],[-67.4913,44.6037]]],[[[-67.5074,44.6228],[-67.5039,44.6171],[-67.4977,44.6215],[-67.5074,44.6228]]],[[[-67.5369,44.5321],[-67.5338,44.5292],[-67.5292,44.532],[-67.5369,44.5321]]],[[[-67.5416,44.5893],[-67.5184,44.5542],[-67.4815,44.5804],[-67.5416,44.5893]]],[[[-67.5638,44.5105],[-67.539,44.4721],[-67.5106,44.4964],[-67.5638,44.5105]]],[[[-67.6027,44.4442],[-67.6,44.4418],[-67.5956,44.4441],[-67.6027,44.4442]]],[[[-67.6119,44.4527],[-67.6087,44.4436],[-67.6056,44.4459],[-67.6119,44.4527]]],[[[-67.6213,44.5078],[-67.5666,44.4558],[-67.5773,44.5217],[-67.6213,44.5078]]],[[[-67.6229,44.4645],[-67.6184,44.4602],[-67.6158,44.4614],[-67.6229,44.4645]]],[[[-67.6348,44.4907],[-67.6315,44.4877],[-67.6296,44.4987],[-67.6348,44.4907]]],[[[-67.6489,44.5111],[-67.6417,44.5046],[-67.6256,44.5133],[-67.6489,44.5111]]],[[[-67.6629,44.5146],[-67.6586,44.5131],[-67.6593,44.516],[-67.6629,44.5146]]],[[[-67.6693,44.5244],[-67.6652,44.5217],[-67.6586,44.5308],[-67.6693,44.5244]]],[[[-67.6738,44.4905],[-67.6719,44.4878],[-67.6629,44.4944],[-67.6738,44.4905]]],[[[-67.6767,44.4704],[-67.6738,44.4655],[-67.6726,44.4733],[-67.6767,44.4704]]],[[[-67.6769,44.463],[-67.6695,44.4606],[-67.6686,44.4627],[-67.6769,44.463]]],[[[-67.6776,44.4827],[-67.6732,44.4759],[-67.6639,44.4848],[-67.6776,44.4827]]],[[[-67.6988,44.4878],[-67.6986,44.4851],[-67.6927,44.4836],[-67.6988,44.4878]]],[[[-67.7086,44.4607],[-67.7049,44.4581],[-67.7044,44.4606],[-67.7086,44.4607]]],[[[-67.7408,44.4701],[-67.7377,44.463],[-67.7332,44.4652],[-67.7408,44.4701]]],[[[-67.7467,44.4652],[-67.7451,44.4623],[-67.7432,44.4635],[-67.7467,44.4652]]],[[[-67.7593,44.4983],[-67.7515,44.4948],[-67.753,44.5051],[-67.7593,44.4983]]],[[[-67.7665,44.531],[-67.7622,44.5293],[-67.7589,44.5313],[-67.7665,44.531]]],[[[-67.766,44.5376],[-67.7674,44.5344],[-67.7613,44.5374],[-67.766,44.5376]]],[[[-67.7922,44.4808],[-67.789,44.4724],[-67.7798,44.4771],[-67.7922,44.4808]]],[[[-67.8059,44.5173],[-67.8024,44.5129],[-67.804,44.5191],[-67.8059,44.5173]]],[[[-67.8195,44.5106],[-67.7967,44.4828],[-67.7912,44.4939],[-67.8195,44.5106]]],[[[-67.8259,44.4428],[-67.8217,44.4422],[-67.8211,44.4454],[-67.8259,44.4428]]],[[[-67.8359,44.5366],[-67.8242,44.5176],[-67.8257,44.5408],[-67.8359,44.5366]]],[[[-67.8349,44.4854],[-67.8321,44.4796],[-67.8226,44.4873],[-67.8349,44.4854]]],[[[-67.8395,44.5444],[-67.8259,44.5495],[-67.8361,44.5522],[-67.8395,44.5444]]],[[[-67.8421,44.4623],[-67.8385,44.4509],[-67.8327,44.4532],[-67.8421,44.4623]]],[[[-67.854,44.4508],[-67.854,44.4481],[-67.8452,44.4498],[-67.854,44.4508]]],[[[-67.8744,44.3743],[-67.8644,44.3668],[-67.8713,44.3747],[-67.8744,44.3743]]],[[[-67.8756,44.4457],[-67.8551,44.4187],[-67.863,44.4545],[-67.8756,44.4457]]],[[[-68.0352,44.3327],[-68.0315,44.3251],[-68.0291,44.336],[-68.0352,44.3327]]],[[[-68.1038,44.3644],[-68.0947,44.3514],[-68.0971,44.362],[-68.1038,44.3644]]],[[[-68.1323,44.4187],[-68.128,44.4067],[-68.1178,44.4095],[-68.1323,44.4187]]],[[[-68.142,44.4359],[-68.1339,44.4274],[-68.1249,44.4454],[-68.142,44.4359]]],[[[-68.1492,44.387],[-68.1339,44.3793],[-68.1294,44.4048],[-68.1492,44.387]]],[[[-68.1603,44.4671],[-68.1518,44.4583],[-68.1456,44.4574],[-68.1603,44.4671]]],[[[-68.1663,44.4067],[-68.1658,44.4004],[-68.1546,44.4134],[-68.1663,44.4067]]],[[[-68.1817,44.4042],[-68.1765,44.4026],[-68.1758,44.4056],[-68.1817,44.4042]]],[[[-68.1841,44.388],[-68.182,44.3853],[-68.1779,44.3864],[-68.1841,44.388]]],[[[-68.19,44.4686],[-68.1663,44.463],[-68.1739,44.4672],[-68.19,44.4686]]],[[[-68.1967,44.4002],[-68.1917,44.3988],[-68.1909,44.4012],[-68.1967,44.4002]]],[[[-68.2036,44.2428],[-68.1931,44.239],[-68.1977,44.2463],[-68.2036,44.2428]]],[[[-68.2041,44.4951],[-68.2064,44.493],[-68.1998,44.4917],[-68.2041,44.4951]]],[[[-68.2129,44.4766],[-68.2038,44.475],[-68.2045,44.4774],[-68.2129,44.4766]]],[[[-68.214,44.3988],[-68.2022,44.3974],[-68.2026,44.4004],[-68.214,44.3988]]],[[[-68.241,44.2528],[-68.2114,44.2569],[-68.2353,44.2663],[-68.241,44.2528]]],[[[-68.2489,44.1758],[-68.2455,44.1702],[-68.2392,44.1746],[-68.2489,44.1758]]],[[[-68.253,44.1551],[-68.2436,44.1428],[-68.2423,44.1574],[-68.253,44.1551]]],[[[-68.2701,44.2758],[-68.2632,44.2703],[-68.2457,44.2742],[-68.2701,44.2758]]],[[[-68.2694,44.2856],[-68.2706,44.2833],[-68.2661,44.2827],[-68.2694,44.2856]]],[[[-68.2747,44.2587],[-68.2744,44.2371],[-68.2431,44.241],[-68.2747,44.2587]]],[[[-68.3041,44.2838],[-68.3029,44.277],[-68.291,44.2759],[-68.3041,44.2838]]],[[[-68.3424,44.1937],[-68.3143,44.1976],[-68.3334,44.2087],[-68.3424,44.1937]]],[[[-68.3452,44.4364],[-68.3417,44.4286],[-68.3345,44.4326],[-68.3452,44.4364]]],[[[-68.354,44.1802],[-68.3488,44.1674],[-68.3348,44.1768],[-68.354,44.1802]]],[[[-68.366,44.1255],[-68.3642,44.1242],[-68.3615,44.1274],[-68.366,44.1255]]],[[[-68.3726,44.1432],[-68.3685,44.1391],[-68.3697,44.1454],[-68.3726,44.1432]]],[[[-68.3754,44.1163],[-68.3667,44.0974],[-68.3305,44.1092],[-68.3754,44.1163]]],[[[-68.376,44.1874],[-68.3704,44.1802],[-68.3498,44.1954],[-68.376,44.1874]]],[[[-68.3821,44.1441],[-68.3809,44.1391],[-68.3771,44.1448],[-68.3821,44.1441]]],[[[-68.3942,44.4097],[-68.3842,44.4063],[-68.3892,44.4133],[-68.3942,44.4097]]],[[[-68.4072,44.1111],[-68.4037,44.1077],[-68.4013,44.1113],[-68.4072,44.1111]]],[[[-68.4356,44.2935],[-68.4321,44.2859],[-68.4301,44.2882],[-68.4356,44.2935]]],[[[-68.4562,44.3118],[-68.4489,44.2975],[-68.4482,44.312],[-68.4562,44.3118]]],[[[-68.4569,44.3443],[-68.4318,44.3242],[-68.4208,44.3752],[-68.4569,44.3443]]],[[[-68.4612,44.2601],[-68.4584,44.2542],[-68.4534,44.2562],[-68.4612,44.2601]]],[[[-68.4698,44.2152],[-68.465,44.2099],[-68.4679,44.2162],[-68.4698,44.2152]]],[[[-68.4701,44.2016],[-68.4538,44.2017],[-68.4648,44.207],[-68.4701,44.2016]]],[[[-68.4778,44.102],[-68.473,44.0982],[-68.4698,44.1014],[-68.4778,44.102]]],[[[-68.4826,44.2278],[-68.4795,44.2198],[-68.4676,44.2247],[-68.4826,44.2278]]],[[[-68.4907,44.2027],[-68.4712,44.2073],[-68.4814,44.2169],[-68.4907,44.2027]]],[[[-68.4933,44.2826],[-68.4866,44.2691],[-68.4688,44.2635],[-68.4933,44.2826]]],[[[-68.5038,44.1456],[-68.501,44.1416],[-68.4978,44.1431],[-68.5038,44.1456]]],[[[-68.5012,44.154],[-68.4385,44.1162],[-68.3833,44.1558],[-68.5012,44.154]]],[[[-68.5187,44.1132],[-68.5036,44.0966],[-68.4909,44.1234],[-68.5187,44.1132]]],[[[-68.5304,44.3336],[-68.4788,44.3196],[-68.5014,44.3823],[-68.5304,44.3336]]],[[[-68.553,44.2276],[-68.5449,44.2203],[-68.5283,44.2252],[-68.553,44.2276]]],[[[-68.5593,44.045],[-68.556,44.0395],[-68.555,44.0492],[-68.5593,44.045]]],[[[-68.5725,44.2169],[-68.5646,44.2119],[-68.5596,44.2131],[-68.5725,44.2169]]],[[[-68.5791,44.0976],[-68.5765,44.0952],[-68.5713,44.1],[-68.5791,44.0976]]],[[[-68.5886,44.1469],[-68.5851,44.1425],[-68.5787,44.1482],[-68.5886,44.1469]]],[[[-68.5893,44.2313],[-68.5872,44.2264],[-68.576,44.2293],[-68.5893,44.2313]]],[[[-68.5922,44.0675],[-68.5906,44.0587],[-68.5841,44.0716],[-68.5922,44.0675]]],[[[-68.5986,44.1459],[-68.595,44.1423],[-68.5934,44.1452],[-68.5986,44.1459]]],[[[-68.6055,44.1788],[-68.6069,44.176],[-68.5968,44.1756],[-68.6055,44.1788]]],[[[-68.6103,44.1431],[-68.6055,44.1355],[-68.6015,44.1387],[-68.6103,44.1431]]],[[[-68.6212,44.1506],[-68.6096,44.1482],[-68.6133,44.1576],[-68.6212,44.1506]]],[[[-68.6217,44.1425],[-68.6171,44.1367],[-68.6176,44.1423],[-68.6217,44.1425]]],[[[-68.6274,44.1252],[-68.619,44.1195],[-68.6081,44.1286],[-68.6274,44.1252]]],[[[-68.6345,44.1377],[-68.6269,44.1338],[-68.6269,44.1353],[-68.6345,44.1377]]],[[[-68.635,44.1513],[-68.6338,44.145],[-68.6238,44.1479],[-68.635,44.1513]]],[[[-68.64,44.1281],[-68.6398,44.1236],[-68.6297,44.1288],[-68.64,44.1281]]],[[[-68.6476,44.1339],[-68.6445,44.131],[-68.6412,44.1355],[-68.6476,44.1339]]],[[[-68.6497,44.1488],[-68.644,44.1486],[-68.6407,44.1527],[-68.6497,44.1488]]],[[[-68.6554,44.1459],[-68.6526,44.1411],[-68.649,44.143],[-68.6554,44.1459]]],[[[-68.6579,44.1289],[-68.6516,44.1264],[-68.6504,44.1281],[-68.6579,44.1289]]],[[[-68.6588,44.1102],[-68.6372,44.0994],[-68.6412,44.1086],[-68.6588,44.1102]]],[[[-68.6711,44.0759],[-68.6017,44.0125],[-68.6086,44.0943],[-68.6711,44.0759]]],[[[-68.6863,44.2886],[-68.686,44.2859],[-68.6834,44.2858],[-68.6863,44.2886]]],[[[-68.687,44.2752],[-68.6845,44.2724],[-68.6857,44.2771],[-68.687,44.2752]]],[[[-68.7316,44.2227],[-68.6662,44.135],[-68.5634,44.1942],[-68.6706,44.2799],[-68.7316,44.2227]]],[[[-68.7432,44.3015],[-68.702,44.271],[-68.6864,44.2839],[-68.7432,44.3015]]],[[[-68.7497,44.3011],[-68.7477,44.2991],[-68.7475,44.3007],[-68.7497,44.3011]]],[[[-68.7512,43.8854],[-68.7418,43.883],[-68.7317,43.8935],[-68.7512,43.8854]]],[[[-68.7575,44.2706],[-68.754,44.2626],[-68.7305,44.2627],[-68.7575,44.2706]]],[[[-68.7647,44.2456],[-68.7607,44.2398],[-68.7498,44.2429],[-68.7647,44.2456]]],[[[-68.7873,44.2114],[-68.78,44.201],[-68.7676,44.2173],[-68.7873,44.2114]]],[[[-68.7899,44.14],[-68.7922,44.1368],[-68.7811,44.1449],[-68.7899,44.14]]],[[[-68.7981,44.2853],[-68.7952,44.2805],[-68.7852,44.2841],[-68.7981,44.2853]]],[[[-68.7994,44.2359],[-68.7971,44.2238],[-68.7812,44.2263],[-68.7994,44.2359]]],[[[-68.8035,44.1415],[-68.8025,44.1374],[-68.7914,44.147],[-68.8035,44.1415]]],[[[-68.8109,44.2952],[-68.8135,44.2947],[-68.8004,44.2887],[-68.8109,44.2952]]],[[[-68.8256,44.2924],[-68.8192,44.2904],[-68.8175,44.2933],[-68.8256,44.2924]]],[[[-68.8265,44.1364],[-68.808,44.1373],[-68.8056,44.1429],[-68.8265,44.1364]]],[[[-68.8265,43.8477],[-68.8112,43.8602],[-68.8158,43.8616],[-68.8265,43.8477]]],[[[-68.8294,44.261],[-68.8239,44.2571],[-68.8163,44.2584],[-68.8294,44.261]]],[[[-68.8304,44.2168],[-68.8223,44.2182],[-68.8249,44.2261],[-68.8304,44.2168]]],[[[-68.8314,44.2337],[-68.8187,44.2264],[-68.8156,44.2378],[-68.8314,44.2337]]],[[[-68.8513,44.2331],[-68.8482,44.2293],[-68.8492,44.2361],[-68.8513,44.2331]]],[[[-68.863,44.259],[-68.8601,44.2559],[-68.8589,44.2606],[-68.863,44.259]]],[[[-68.8931,44.0366],[-68.8914,44.0299],[-68.8843,44.0308],[-68.8931,44.0366]]],[[[-68.8991,43.8219],[-68.8762,43.8366],[-68.8911,43.8355],[-68.8991,43.8219]]],[[[-68.9059,43.8538],[-68.8817,43.8686],[-68.8962,43.873],[-68.9059,43.8538]]],[[[-68.9083,44.0613],[-68.8952,44.0493],[-68.8943,44.0649],[-68.9083,44.0613]]],[[[-68.9118,44.0964],[-68.8628,44.025],[-68.7745,44.0644],[-68.8396,44.132],[-68.9118,44.0964]]],[[[-68.9161,44.0475],[-68.9063,44.0449],[-68.9104,44.0531],[-68.9161,44.0475]]],[[[-68.9423,44.2844],[-68.9302,44.231],[-68.8801,44.3931],[-68.9423,44.2844]]],[[[-68.9443,44.1127],[-68.8021,44.1506],[-68.8461,44.1844],[-68.9443,44.1127]]],[[[-68.9519,44.2196],[-68.9397,44.2265],[-68.9318,44.2486],[-68.9519,44.2196]]],[[[-68.9647,44.1946],[-68.9587,44.1921],[-68.9535,44.2083],[-68.9647,44.1946]]],[[[-68.9656,44.2554],[-68.9459,44.2483],[-68.9333,44.2728],[-68.9656,44.2554]]],[[[-68.9835,44.1751],[-68.9841,44.1721],[-68.9801,44.1726],[-68.9835,44.1751]]],[[[-69.0145,43.9087],[-69.0129,43.901],[-69.0048,43.9013],[-69.0145,43.9087]]],[[[-69.0376,43.9162],[-69.0355,43.9114],[-69.0298,43.9153],[-69.0376,43.9162]]],[[[-69.0462,44.0762],[-69.032,44.0793],[-69.0381,44.0858],[-69.0462,44.0762]]],[[[-69.0511,44.067],[-69.0481,44.0604],[-69.0428,44.0682],[-69.0511,44.067]]],[[[-69.0599,44.0016],[-69.0547,43.9929],[-69.0426,44.007],[-69.0599,44.0016]]],[[[-69.0725,44.0122],[-69.0716,44.0048],[-69.0561,44.0122],[-69.0725,44.0122]]],[[[-69.0733,44.0409],[-69.0723,44.0366],[-69.0668,44.0405],[-69.0733,44.0409]]],[[[-69.0831,43.9815],[-69.0785,43.973],[-69.0725,43.9787],[-69.0831,43.9815]]],[[[-69.0961,43.984],[-69.0696,43.9859],[-69.0654,43.9944],[-69.0961,43.984]]],[[[-69.1325,43.8713],[-69.1206,43.8717],[-69.1189,43.8983],[-69.1325,43.8713]]],[[[-69.2258,43.9188],[-69.2129,43.9214],[-69.2225,43.9254],[-69.2258,43.9188]]],[[[-69.2966,43.8713],[-69.2825,43.8646],[-69.2835,43.8737],[-69.2966,43.8713]]],[[[-69.3003,43.9371],[-69.2859,43.9314],[-69.293,43.9424],[-69.3003,43.9371]]],[[[-69.3147,43.9173],[-69.3099,43.9063],[-69.3074,43.9181],[-69.3147,43.9173]]],[[[-69.3229,43.9016],[-69.308,43.891],[-69.3141,43.9023],[-69.3229,43.9016]]],[[[-69.3235,43.8606],[-69.3059,43.8774],[-69.3186,43.8797],[-69.3235,43.8606]]],[[[-69.3236,43.759],[-69.3004,43.7721],[-69.3136,43.7728],[-69.3236,43.759]]],[[[-69.3517,43.9272],[-69.3465,43.9225],[-69.3406,43.9338],[-69.3517,43.9272]]],[[[-69.3847,43.9092],[-69.3835,43.8957],[-69.3709,43.9127],[-69.3847,43.9092]]],[[[-69.3957,43.9606],[-69.3915,43.9577],[-69.3873,43.9672],[-69.3957,43.9606]]],[[[-69.428,43.9222],[-69.4273,43.9123],[-69.422,43.923],[-69.428,43.9222]]],[[[-69.4419,43.9163],[-69.4201,43.9359],[-69.433,43.9521],[-69.4419,43.9163]]],[[[-69.5889,43.7748],[-69.5815,43.7719],[-69.5829,43.7791],[-69.5889,43.7748]]],[[[-69.6022,43.7947],[-69.5996,43.7907],[-69.5939,43.8041],[-69.6022,43.7947]]],[[[-69.6188,43.7574],[-69.614,43.7511],[-69.6053,43.7803],[-69.6188,43.7574]]],[[[-69.6357,43.8054],[-69.6267,43.8052],[-69.6288,43.8137],[-69.6357,43.8054]]],[[[-69.7603,43.7104],[-69.7572,43.7033],[-69.7543,43.71],[-69.7603,43.7104]]],[[[-69.9415,43.7301],[-69.939,43.7238],[-69.9312,43.7241],[-69.9415,43.7301]]],[[[-69.9941,43.8374],[-69.9903,43.8319],[-69.9865,43.8436],[-69.9941,43.8374]]],[[[-70.0179,43.817],[-70.0094,43.8113],[-69.9968,43.8247],[-70.0179,43.817]]],[[[-70.0376,43.7149],[-70.021,43.7246],[-70.0288,43.7264],[-70.0376,43.7149]]],[[[-70.0488,43.793],[-70.0424,43.7825],[-70.027,43.8091],[-70.0488,43.793]]],[[[-70.049,43.7228],[-70.0467,43.7202],[-70.04,43.7288],[-70.049,43.7228]]],[[[-70.0612,43.7463],[-70.0613,43.7421],[-70.0448,43.7648],[-70.0612,43.7463]]],[[[-70.0609,43.7624],[-70.0533,43.7652],[-70.055,43.7707],[-70.0609,43.7624]]],[[[-70.074,43.7851],[-70.0745,43.7799],[-70.0631,43.7876],[-70.074,43.7851]]],[[[-70.0788,43.7967],[-70.07,43.7967],[-70.0666,43.8043],[-70.0788,43.7967]]],[[[-70.0816,43.7126],[-70.0793,43.707],[-70.0721,43.719],[-70.0816,43.7126]]],[[[-70.0897,43.715],[-70.0842,43.7142],[-70.0797,43.7209],[-70.0897,43.715]]],[[[-70.0961,43.7241],[-70.0895,43.7264],[-70.0864,43.7324],[-70.0961,43.7241]]],[[[-70.1012,43.6755],[-70.096,43.6723],[-70.0873,43.691],[-70.1012,43.6755]]],[[[-70.1146,43.7806],[-70.102,43.7768],[-70.0897,43.7852],[-70.1146,43.7806]]],[[[-70.1182,43.6864],[-70.0937,43.6918],[-70.0931,43.7105],[-70.1182,43.6864]]],[[[-70.1225,43.7044],[-70.1223,43.7001],[-70.1118,43.71],[-70.1225,43.7044]]],[[[-70.1314,43.7916],[-70.1249,43.7908],[-70.1222,43.7938],[-70.1314,43.7916]]],[[[-70.1381,43.7276],[-70.1207,43.7126],[-70.0961,43.7572],[-70.1381,43.7276]]],[[[-70.1532,43.7126],[-70.1467,43.7089],[-70.1445,43.7135],[-70.1532,43.7126]]],[[[-70.1603,43.7497],[-70.1154,43.7647],[-70.1455,43.7758],[-70.1603,43.7497]]],[[[-70.1736,43.6837],[-70.1517,43.6817],[-70.1337,43.7023],[-70.1736,43.6837]]],[[[-70.1876,43.7394],[-70.1798,43.7392],[-70.1767,43.7454],[-70.1876,43.7394]]],[[[-70.1966,43.7152],[-70.1971,43.7112],[-70.1867,43.7233],[-70.1966,43.7152]]],[[[-70.2012,43.6519],[-70.1796,43.6554],[-70.1831,43.6752],[-70.2012,43.6519]]],[[[-70.2097,43.6415],[-70.2059,43.6336],[-70.1907,43.6456],[-70.2097,43.6415]]],[[[-70.2139,43.6662],[-70.1931,43.6734],[-70.1821,43.6949],[-70.2139,43.6662]]],[[[-70.238,43.5473],[-70.2455,43.5396],[-70.2244,43.5472],[-70.238,43.5473]]],[[[-70.6172,42.992],[-70.6078,42.9778],[-70.6013,42.9811],[-70.6172,42.992]]]]}},{"type":"Feature","properties":{"id":"hawaii","name":"Hawaii","state":"HI","fips":"15","source":"U.S. Census TIGERweb ACS2023 generalized state layer"},"geometry":{"type":"MultiPolygon","coordinates":[[[[-156.0608,19.7305],[-155.8867,19.3456],[-155.9068,19.0799],[-155.6828,18.9104],[-155.51,19.129],[-154.9719,19.3499],[-154.8068,19.516],[-155.0035,19.7363],[-155.0871,19.728],[-155.0808,19.8478],[-155.2056,19.9694],[-155.837,20.267],[-155.9044,20.1961],[-155.8324,19.9739],[-156.0608,19.7305]]],[[[-156.6974,20.9164],[-156.6229,20.809],[-156.4613,20.7785],[-156.4123,20.5829],[-156.139,20.6181],[-155.9834,20.7218],[-156.2403,20.9359],[-156.4797,20.8981],[-156.5885,21.0308],[-156.6974,20.9164]]],[[[-156.7,20.5279],[-156.5318,20.5283],[-156.5753,20.6034],[-156.7,20.5279]]],[[[-157.0602,20.9019],[-156.9633,20.7319],[-156.8062,20.8066],[-156.9004,20.9149],[-157.0602,20.9019]]],[[[-157.3065,21.1082],[-156.8745,21.0455],[-156.7091,21.1587],[-157.2541,21.2241],[-157.3065,21.1082]]],[[[-157.6598,21.3286],[-157.6541,21.326],[-157.6566,21.3317],[-157.6598,21.3286]]],[[[-157.7909,21.4347],[-157.788,21.4311],[-157.7872,21.4358],[-157.7909,21.4347]]],[[[-158.2776,21.577],[-158.1083,21.2976],[-157.651,21.2988],[-157.7225,21.4592],[-157.841,21.4595],[-157.9674,21.7104],[-158.1228,21.5835],[-158.2776,21.577]]],[[[-159.7879,22.0301],[-159.4449,21.8686],[-159.3299,21.9602],[-159.2933,22.1443],[-159.4025,22.2326],[-159.5811,22.2235],[-159.7879,22.0301]]],[[[-160.102,22.0185],[-160.0878,22.0239],[-160.1002,22.029],[-160.102,22.0185]]],[[[-160.2452,21.8472],[-160.2035,21.7792],[-160.053,21.9923],[-160.2452,21.8472]]],[[[-160.545,21.6534],[-160.537,21.6496],[-160.5378,21.6591],[-160.545,21.6534]]],[[[-161.9295,23.0626],[-161.9258,23.0542],[-161.9156,23.0583],[-161.9295,23.0626]]],[[[-166.1649,23.7298],[-166.1656,23.7291],[-166.1638,23.7269],[-166.1649,23.7298]]],[[[-166.1671,23.7348],[-166.165,23.7333],[-166.1654,23.7354],[-166.1671,23.7348]]],[[[-166.172,23.6434],[-166.1702,23.6424],[-166.1697,23.6433],[-166.172,23.6434]]],[[[-166.2107,23.7877],[-166.208,23.7858],[-166.2075,23.7868],[-166.2107,23.7877]]],[[[-166.2237,23.862],[-166.2217,23.8606],[-166.2225,23.8622],[-166.2237,23.862]]],[[[-166.2892,23.8692],[-166.2883,23.8673],[-166.2799,23.8715],[-166.2892,23.8692]]],[[[-168.0021,25.0],[-167.9985,24.9971],[-167.9956,25.0019],[-168.0021,25.0]]],[[[-171.7452,25.7709],[-171.7331,25.7573],[-171.7256,25.7793],[-171.7452,25.7709]]],[[[-173.973,26.0799],[-173.9642,26.0623],[-173.9647,26.0765],[-173.973,26.0799]]],[[[-175.7396,27.9244],[-175.7377,27.9236],[-175.7369,27.9271],[-175.7396,27.9244]]],[[[-175.8212,27.7907],[-175.8179,27.7879],[-175.8145,27.7893],[-175.8212,27.7907]]],[[[-175.9092,27.7741],[-175.909,27.7724],[-175.9059,27.7734],[-175.9092,27.7741]]],[[[-175.9476,27.7646],[-175.9419,27.7639],[-175.9436,27.7659],[-175.9476,27.7646]]],[[[-178.333,28.3945],[-178.2881,28.3924],[-178.2889,28.4021],[-178.333,28.3945]]]]}},{"type":"Feature","properties":{"id":"rhode-island","name":"Rhode Island","state":"RI","fips":"44","source":"U.S. Census TIGERweb ACS2023 generalized state layer"},"geometry":{"type":"MultiPolygon","coordinates":[[[[-71.8627,41.3109],[-71.4809,41.3602],[-71.3906,41.7837],[-71.3014,41.65],[-71.2384,41.6656],[-71.3814,42.0188],[-71.7992,42.0081],[-71.7977,41.4167],[-71.8627,41.3109]]],[[[-71.288,41.6456],[-71.2853,41.6369],[-71.2721,41.6371],[-71.288,41.6456]]],[[[-71.3015,41.5857],[-71.3008,41.5806],[-71.2972,41.5798],[-71.3015,41.5857]]],[[[-71.3276,41.4529],[-71.3243,41.4539],[-71.3263,41.4547],[-71.3276,41.4529]]],[[[-71.3288,41.4923],[-71.3278,41.483],[-71.3254,41.4876],[-71.3288,41.4923]]],[[[-71.3431,41.4973],[-71.3387,41.4949],[-71.3413,41.5005],[-71.3431,41.4973]]],[[[-71.3459,41.537],[-71.3459,41.5296],[-71.3426,41.529],[-71.3459,41.537]]],[[[-71.3538,41.6475],[-71.3167,41.5831],[-71.3081,41.6262],[-71.3538,41.6475]]],[[[-71.3629,41.4617],[-71.2404,41.4761],[-71.2193,41.6255],[-71.194,41.4564],[-71.1206,41.4974],[-71.1329,41.6601],[-71.2719,41.624],[-71.3629,41.4617]]],[[[-71.367,41.6607],[-71.36,41.6499],[-71.3534,41.6579],[-71.367,41.6607]]],[[[-71.3722,41.5999],[-71.3648,41.6014],[-71.3634,41.6067],[-71.3722,41.5999]]],[[[-71.4006,41.4609],[-71.3543,41.4789],[-71.3702,41.574],[-71.4006,41.4609]]],[[[-71.4051,41.4982],[-71.3974,41.5062],[-71.4036,41.5046],[-71.4051,41.4982]]],[[[-71.6131,41.1603],[-71.5471,41.1537],[-71.5625,41.2242],[-71.6131,41.1603]]]]}},{"type":"Feature","properties":{"id":"montana","name":"Montana","state":"MT","fips":"30","source":"U.S. Census TIGERweb ACS2023 generalized state layer"},"geometry":{"type":"Polygon","coordinates":[[[-116.0491,48.502],[-116.0491,47.9768],[-115.7238,47.6961],[-115.6885,47.5943],[-115.7557,47.5483],[-115.63,47.4796],[-115.7593,47.4239],[-115.3201,47.2567],[-114.7673,46.6972],[-114.6646,46.7391],[-114.6053,46.6358],[-114.3211,46.6475],[-114.4441,46.1693],[-114.5271,46.1462],[-114.3873,45.8878],[-114.5665,45.7733],[-114.4954,45.7031],[-114.565,45.5578],[-114.3296,45.46],[-113.9353,45.6943],[-113.8074,45.6028],[-113.8345,45.5211],[-113.7666,45.5209],[-113.6925,45.2634],[-113.452,45.0592],[-113.4551,44.8654],[-113.1318,44.773],[-113.0051,44.4537],[-112.8551,44.36],[-112.7798,44.4846],[-112.3873,44.4476],[-112.286,44.5686],[-111.4683,44.539],[-111.5162,44.6441],[-111.3851,44.7549],[-111.0558,44.4768],[-111.0546,45.001],[-104.0397,44.9981],[-104.0487,48.9999],[-116.0491,49.0008],[-116.0491,48.502]]]}},{"type":"Feature","properties":{"id":"arizona","name":"Arizona","state":"AZ","fips":"04","source":"U.S. Census TIGERweb ACS2023 generalized state layer"},"geometry":{"type":"Polygon","coordinates":[[[-114.8163,32.508],[-111.0748,31.3322],[-109.05,31.3325],[-109.0452,36.9991],[-114.0506,37.0004],[-114.0439,36.1934],[-114.1459,36.0272],[-114.2421,36.0152],[-114.4091,36.147],[-114.7548,36.0847],[-114.5692,35.1835],[-114.6468,35.1019],[-114.6352,34.875],[-114.4705,34.7114],[-114.3867,34.4579],[-114.1312,34.2627],[-114.4159,34.1076],[-114.5355,33.9347],[-114.5246,33.5522],[-114.7253,33.405],[-114.7312,33.3024],[-114.6721,33.2585],[-114.7065,33.0882],[-114.5113,33.0235],[-114.469,32.8452],[-114.5392,32.7498],[-114.7019,32.7455],[-114.8163,32.508]]]}},{"type":"Feature","properties":{"id":"nebraska","name":"Nebraska","state":"NE","fips":"31","source":"U.S. Census TIGERweb ACS2023 generalized state layer"},"geometry":{"type":"Polygon","coordinates":[[[-104.0534,41.1705],[-104.0532,41.0014],[-102.0516,41.0024],[-102.0517,40.0031],[-95.3083,40.0],[-95.4136,40.0384],[-95.4775,40.2427],[-95.6573,40.3109],[-95.6558,40.5466],[-95.7629,40.5284],[-95.7497,40.6068],[-95.8853,40.7211],[-95.8095,40.8912],[-95.8824,41.0604],[-95.8413,41.175],[-95.9275,41.2022],[-95.8747,41.3071],[-95.9567,41.3455],[-95.9203,41.4516],[-96.0118,41.4762],[-96.0,41.5395],[-96.092,41.5339],[-96.0649,41.7962],[-96.1618,41.9018],[-96.1295,41.9717],[-96.2407,41.9994],[-96.3478,42.1668],[-96.386,42.4745],[-96.6115,42.5061],[-96.6913,42.6562],[-97.3067,42.8676],[-97.8453,42.8677],[-98.013,42.7623],[-98.4986,42.9986],[-104.053,43.0006],[-104.0534,41.1705]]]}},{"type":"Feature","properties":{"id":"washington","name":"Washington","state":"WA","fips":"53","source":"U.S. Census TIGERweb ACS2023 generalized state layer"},"geometry":{"type":"MultiPolygon","coordinates":[[[[-124.7328,48.1653],[-124.6414,47.9079],[-124.4252,47.7384],[-124.209,47.2182],[-124.1739,46.9272],[-124.1062,46.9376],[-124.1221,47.0417],[-123.8389,46.954],[-124.0731,46.8615],[-124.1382,46.9055],[-124.0922,46.7416],[-123.8294,46.7134],[-123.9606,46.6364],[-123.8933,46.5396],[-123.9927,46.4886],[-123.9537,46.3788],[-124.0153,46.3787],[-124.0643,46.6413],[-124.0778,46.2723],[-123.7007,46.3046],[-123.4748,46.2678],[-123.3714,46.1464],[-123.0042,46.1338],[-122.814,45.961],[-122.7745,45.6804],[-122.675,45.618],[-122.2667,45.5438],[-121.5331,45.7265],[-121.1455,45.6079],[-120.635,45.7458],[-120.2108,45.726],[-119.6005,45.9196],[-118.9871,45.9999],[-116.916,45.9954],[-116.9825,46.0894],[-116.9219,46.1678],[-117.0627,46.3536],[-117.0324,48.9992],[-122.758,49.0024],[-122.8216,48.9414],[-122.7492,48.9348],[-122.7932,48.8929],[-122.6468,48.785],[-122.6735,48.7331],[-122.5358,48.7761],[-122.4253,48.5995],[-122.5608,48.5816],[-122.4702,48.4688],[-122.6845,48.5091],[-122.6742,48.4247],[-122.5504,48.4484],[-122.3717,48.2993],[-122.531,48.2498],[-122.5106,48.1322],[-122.359,48.0549],[-122.479,48.1757],[-122.3839,48.2275],[-122.219,48.0203],[-122.4369,47.6617],[-122.3395,47.5991],[-122.4211,47.576],[-122.3248,47.3485],[-122.4368,47.2619],[-122.5474,47.3177],[-122.7132,47.0935],[-122.8152,47.1791],[-122.8478,47.1306],[-122.8715,47.2769],[-122.8267,47.4058],[-122.7716,47.1671],[-122.6839,47.3652],[-122.6262,47.3756],[-122.6958,47.2814],[-122.5475,47.2853],[-122.4953,47.511],[-122.555,47.59],[-122.6984,47.5267],[-122.5917,47.5946],[-122.6311,47.7073],[-122.4718,47.7498],[-122.5253,47.9123],[-122.617,47.939],[-122.5737,47.8576],[-123.1197,47.3855],[-122.8746,47.4139],[-123.1596,47.3544],[-122.9041,47.6456],[-122.8647,47.8047],[-122.7976,47.8259],[-122.7849,47.6873],[-122.6938,47.868],[-122.6103,47.8873],[-122.6992,47.9187],[-122.6876,48.1013],[-122.7399,48.0312],[-122.8014,48.0876],[-122.7545,48.1443],[-122.8849,48.1051],[-122.8269,48.0461],[-122.8846,47.9897],[-122.9163,48.0954],[-123.0206,48.0327],[-123.1019,48.185],[-123.3327,48.113],[-123.981,48.1648],[-124.6763,48.3914],[-124.7318,48.3812],[-124.6589,48.3311],[-124.7328,48.1653]]],[[[-122.3316,48.0206],[-122.3261,48.0103],[-122.3035,48.0056],[-122.3316,48.0206]]],[[[-122.5049,47.5465],[-122.4891,47.5295],[-122.4795,47.5419],[-122.5049,47.5465]]],[[[-122.526,47.3589],[-122.3736,47.3887],[-122.4572,47.5058],[-122.526,47.3589]]],[[[-122.5382,48.3629],[-122.5245,48.3624],[-122.5302,48.3657],[-122.5382,48.3629]]],[[[-122.5518,48.5272],[-122.5454,48.5206],[-122.5449,48.5259],[-122.5518,48.5272]]],[[[-122.559,48.5353],[-122.555,48.5347],[-122.5544,48.5369],[-122.559,48.5353]]],[[[-122.5702,48.538],[-122.5702,48.5358],[-122.5668,48.5361],[-122.5702,48.538]]],[[[-122.5789,48.3958],[-122.5623,48.3979],[-122.5601,48.4027],[-122.5789,48.3958]]],[[[-122.5812,48.4134],[-122.5795,48.4118],[-122.5769,48.4149],[-122.5812,48.4134]]],[[[-122.5908,47.6633],[-122.4803,47.5833],[-122.5112,47.7087],[-122.5908,47.6633]]],[[[-122.5933,48.6514],[-122.5776,48.6476],[-122.5838,48.66],[-122.5933,48.6514]]],[[[-122.6145,48.6131],[-122.5985,48.6077],[-122.6017,48.614],[-122.6145,48.6131]]],[[[-122.6152,48.5802],[-122.6093,48.5809],[-122.6129,48.5827],[-122.6152,48.5802]]],[[[-122.6406,47.1494],[-122.6304,47.1535],[-122.6311,47.1677],[-122.6406,47.1494]]],[[[-122.6504,48.7123],[-122.6059,48.6997],[-122.6141,48.7151],[-122.6504,48.7123]]],[[[-122.6536,48.549],[-122.573,48.529],[-122.6426,48.5883],[-122.6536,48.549]]],[[[-122.6696,47.2765],[-122.6142,47.2209],[-122.5905,47.2278],[-122.6696,47.2765]]],[[[-122.6993,48.6211],[-122.657,48.6099],[-122.6742,48.6299],[-122.6993,48.6211]]],[[[-122.7128,48.4673],[-122.7057,48.4592],[-122.6949,48.4624],[-122.7128,48.4673]]],[[[-122.7137,48.4784],[-122.6909,48.4728],[-122.6861,48.4869],[-122.7137,48.4784]]],[[[-122.7223,48.7316],[-122.6086,48.6404],[-122.6875,48.7347],[-122.7223,48.7316]]],[[[-122.7269,47.2074],[-122.6418,47.205],[-122.6852,47.2324],[-122.7269,47.2074]]],[[[-122.7405,48.585],[-122.7224,48.5406],[-122.6682,48.5664],[-122.7405,48.585]]],[[[-122.7417,47.155],[-122.6947,47.1259],[-122.6739,47.1747],[-122.7417,47.155]]],[[[-122.7666,48.7078],[-122.7643,48.6957],[-122.7608,48.6943],[-122.7666,48.7078]]],[[[-122.7699,48.2275],[-122.6127,48.1559],[-122.5468,47.9672],[-122.3773,47.9059],[-122.3763,48.0345],[-122.5254,48.0965],[-122.5415,48.0177],[-122.6064,48.2083],[-122.7324,48.2261],[-122.5058,48.2977],[-122.5967,48.4056],[-122.7699,48.2275]]],[[[-122.7772,48.6992],[-122.7748,48.6964],[-122.7745,48.703],[-122.7772,48.6992]]],[[[-122.8218,48.5909],[-122.8046,48.5978],[-122.8148,48.6],[-122.8218,48.5909]]],[[[-122.8311,48.5725],[-122.8077,48.5313],[-122.769,48.5593],[-122.8311,48.5725]]],[[[-122.8416,47.258],[-122.8253,47.2705],[-122.8401,47.2681],[-122.8416,47.258]]],[[[-122.845,48.3186],[-122.8382,48.3197],[-122.8425,48.3213],[-122.845,48.3186]]],[[[-122.8483,48.7471],[-122.8281,48.7453],[-122.8407,48.7495],[-122.8483,48.7471]]],[[[-122.9184,48.767],[-122.9122,48.7506],[-122.8834,48.7521],[-122.9184,48.767]]],[[[-122.9435,48.1229],[-122.9096,48.1266],[-122.9278,48.1328],[-122.9435,48.1229]]],[[[-122.9457,48.4778],[-122.8126,48.421],[-122.7694,48.5121],[-122.8493,48.4472],[-122.8847,48.5732],[-122.9457,48.4778]]],[[[-122.9704,48.7864],[-122.948,48.7811],[-122.9416,48.7842],[-122.9704,48.7864]]],[[[-123.0174,48.5901],[-122.9483,48.5469],[-122.9028,48.5785],[-123.0174,48.5901]]],[[[-123.0174,48.6039],[-123.0156,48.6028],[-123.0151,48.6068],[-123.0174,48.6039]]],[[[-123.0262,48.5997],[-123.025,48.5941],[-123.0184,48.5948],[-123.0262,48.5997]]],[[[-123.0303,48.6299],[-122.8842,48.5887],[-122.9181,48.6896],[-122.8298,48.6012],[-122.7415,48.6603],[-122.9518,48.7122],[-123.0303,48.6299]]],[[[-123.0336,48.5925],[-123.0333,48.5908],[-123.0286,48.593],[-123.0336,48.5925]]],[[[-123.04,48.7326],[-123.0318,48.7321],[-123.0321,48.7331],[-123.04,48.7326]]],[[[-123.0542,48.6185],[-123.0386,48.6105],[-123.0425,48.6187],[-123.0542,48.6185]]],[[[-123.0679,48.7003],[-123.0047,48.6978],[-123.0098,48.7223],[-123.0679,48.7003]]],[[[-123.0851,48.6481],[-123.0869,48.6452],[-123.077,48.6477],[-123.0851,48.6481]]],[[[-123.0905,49.002],[-123.084,48.9715],[-123.0215,48.9773],[-123.0905,49.002]]],[[[-123.1383,48.6518],[-123.1235,48.6477],[-123.128,48.6507],[-123.1383,48.6518]]],[[[-123.1518,48.6411],[-123.1518,48.6388],[-123.1473,48.6385],[-123.1518,48.6411]]],[[[-123.1636,48.6492],[-123.1051,48.6334],[-123.1278,48.6437],[-123.1636,48.6492]]],[[[-123.2033,48.5955],[-122.961,48.4512],[-123.1053,48.6226],[-123.2033,48.5955]]],[[[-123.2361,48.685],[-123.1828,48.6574],[-123.1275,48.6567],[-123.2361,48.685]]],[[[-123.8845,46.9658],[-123.8605,46.9561],[-123.8534,46.9587],[-123.8845,46.9658]]],[[[-124.4912,47.6741],[-124.4838,47.6721],[-124.4807,47.6798],[-124.4912,47.6741]]],[[[-124.5093,47.7988],[-124.5044,47.7969],[-124.5072,47.7992],[-124.5093,47.7988]]],[[[-124.6022,48.3869],[-124.5994,48.3768],[-124.5929,48.3779],[-124.6022,48.3869]]],[[[-124.6522,47.91],[-124.6516,47.9053],[-124.6459,47.9042],[-124.6522,47.91]]],[[[-124.7448,48.3932],[-124.7322,48.3909],[-124.7372,48.3956],[-124.7448,48.3932]]],[[[-124.7548,48.1589],[-124.7455,48.1555],[-124.7514,48.1606],[-124.7548,48.1589]]],[[[-124.7627,48.1772],[-124.7624,48.1756],[-124.7552,48.1742],[-124.7627,48.1772]]]]}},{"type":"Feature","properties":{"id":"texas","name":"Texas","state":"TX","fips":"48","source":"U.S. Census TIGERweb ACS2023 generalized state layer"},"geometry":{"type":"MultiPolygon","coordinates":[[[[-106.6455,31.8987],[-105.4005,30.8526],[-104.9229,30.6038],[-104.8595,30.3904],[-104.706,30.235],[-104.6832,29.9295],[-104.509,29.6333],[-104.0383,29.3202],[-103.784,29.2655],[-103.2835,28.9769],[-103.1153,28.9853],[-102.9963,29.1783],[-102.8685,29.2229],[-102.8844,29.3477],[-102.674,29.7446],[-102.3883,29.7613],[-102.3154,29.8799],[-102.0736,29.7869],[-101.4009,29.7701],[-101.3055,29.5779],[-101.2504,29.6242],[-101.2549,29.5203],[-101.0602,29.4587],[-100.6747,29.0998],[-100.5004,28.662],[-100.3338,28.4993],[-100.2914,28.2754],[-99.9318,27.981],[-99.8766,27.7974],[-99.5122,27.5681],[-99.5378,27.3161],[-99.4415,27.2499],[-99.4461,27.0233],[-99.2686,26.8432],[-99.0851,26.3988],[-98.8073,26.3694],[-98.6694,26.2363],[-98.4434,26.2237],[-98.194,26.0533],[-97.6627,26.0381],[-97.4053,25.8377],[-97.3483,25.9311],[-97.1473,25.9533],[-97.1497,26.0641],[-97.3125,26.1203],[-97.2812,26.2805],[-97.4457,26.6094],[-97.4226,27.262],[-97.7401,27.2675],[-97.6549,27.3051],[-97.7088,27.3856],[-97.613,27.2852],[-97.4936,27.3906],[-97.5444,27.2842],[-97.4144,27.3216],[-97.2435,27.6892],[-97.5166,27.8714],[-97.201,27.8213],[-97.0796,27.9755],[-97.0751,27.9194],[-97.025,28.1133],[-97.1219,28.0209],[-97.2228,28.0773],[-97.0167,28.2033],[-96.9797,28.1254],[-96.918,28.2694],[-96.9674,28.1232],[-96.7852,28.2295],[-96.8596,28.4133],[-96.7648,28.4128],[-96.8151,28.4752],[-96.6652,28.3096],[-96.4163,28.4139],[-96.8801,28.1311],[-97.0461,27.8395],[-96.3425,28.4187],[-95.3837,28.87],[-95.1238,29.0706],[-95.157,29.195],[-94.8644,29.3705],[-95.021,29.5515],[-95.0165,29.7069],[-94.901,29.6576],[-94.7262,29.7951],[-94.6894,29.6933],[-94.779,29.5302],[-94.4707,29.5566],[-94.7787,29.3615],[-94.0958,29.6605],[-93.8377,29.679],[-93.928,29.8096],[-93.6994,30.0593],[-93.7403,30.5396],[-93.5546,30.8232],[-93.5782,31.0],[-93.5085,31.0294],[-93.5333,31.1845],[-93.6869,31.3052],[-93.6393,31.3715],[-93.7495,31.4687],[-93.7116,31.5128],[-93.8349,31.5862],[-93.8234,31.7751],[-94.0418,31.9924],[-94.0566,33.5678],[-94.3861,33.5449],[-94.4486,33.6428],[-94.8607,33.7419],[-95.2176,33.9626],[-95.2893,33.8731],[-95.5452,33.8803],[-95.5938,33.943],[-95.7706,33.8453],[-96.1481,33.8378],[-96.3483,33.6864],[-96.6293,33.8455],[-96.5879,33.8948],[-96.6672,33.9169],[-96.7616,33.8244],[-96.9813,33.9564],[-97.1261,33.7169],[-97.2109,33.9161],[-97.4265,33.8194],[-97.6718,33.9914],[-97.8343,33.8577],[-97.9678,33.8824],[-97.9457,33.9898],[-98.0882,34.0055],[-98.1095,34.1541],[-98.3656,34.157],[-98.4863,34.0626],[-98.5998,34.1606],[-98.757,34.1246],[-99.1895,34.2143],[-99.2069,34.3383],[-99.3696,34.4587],[-99.403,34.3735],[-99.695,34.3783],[-99.9232,34.5746],[-100.0004,34.5605],[-100.0004,36.4997],[-103.0419,36.5004],[-103.0644,32.0005],[-106.6185,32.0005],[-106.6455,31.8987]]],[[[-94.7183,29.7289],[-94.7162,29.7278],[-94.7144,29.733],[-94.7183,29.7289]]],[[[-94.8233,29.3239],[-94.7812,29.3325],[-94.8105,29.3521],[-94.8233,29.3239]]],[[[-94.8259,29.3526],[-94.8242,29.3489],[-94.8199,29.3502],[-94.8259,29.3526]]],[[[-94.9151,29.2734],[-94.9092,29.2698],[-94.9092,29.274],[-94.9151,29.2734]]],[[[-94.9286,29.5836],[-94.9074,29.5714],[-94.9196,29.5883],[-94.9286,29.5836]]],[[[-94.9287,29.287],[-94.9244,29.2816],[-94.9197,29.2868],[-94.9287,29.287]]],[[[-94.9784,29.6837],[-94.9448,29.613],[-94.9477,29.6702],[-94.9784,29.6837]]],[[[-94.9921,29.6984],[-94.9738,29.6891],[-94.9752,29.694],[-94.9921,29.6984]]],[[[-95.1221,29.0904],[-94.7262,29.3325],[-94.8744,29.2899],[-95.1221,29.0904]]],[[[-97.1117,27.8931],[-97.0972,27.9035],[-97.1029,27.9034],[-97.1117,27.8931]]],[[[-97.1266,27.9096],[-97.1221,27.9113],[-97.125,27.9129],[-97.1266,27.9096]]],[[[-97.127,27.8411],[-97.061,27.8463],[-97.0563,27.9056],[-97.127,27.8411]]],[[[-97.1317,27.896],[-97.1183,27.8856],[-97.1102,27.8892],[-97.1317,27.896]]],[[[-97.1325,27.8989],[-97.1297,27.8975],[-97.1271,27.904],[-97.1325,27.8989]]],[[[-97.1412,27.8532],[-97.1434,27.8495],[-97.1374,27.8494],[-97.1412,27.8532]]],[[[-97.1508,27.8759],[-97.1454,27.8766],[-97.1421,27.8811],[-97.1508,27.8759]]],[[[-97.1641,27.8206],[-97.1477,27.8161],[-97.1429,27.8204],[-97.1641,27.8206]]],[[[-97.1744,27.7553],[-97.1684,27.7544],[-97.1649,27.764],[-97.1744,27.7553]]],[[[-97.1903,27.8165],[-97.1775,27.8146],[-97.1785,27.8184],[-97.1903,27.8165]]],[[[-97.2203,27.8102],[-97.2073,27.8073],[-97.1964,27.814],[-97.2203,27.8102]]],[[[-97.2386,27.836],[-97.2339,27.8289],[-97.23,27.83],[-97.2386,27.836]]],[[[-97.2465,27.6825],[-97.2315,27.6409],[-97.2155,27.6828],[-97.2465,27.6825]]],[[[-97.2581,26.4254],[-97.2517,26.4152],[-97.2524,26.4265],[-97.2581,26.4254]]],[[[-97.2676,27.8737],[-97.239,27.8398],[-97.2522,27.8712],[-97.2676,27.8737]]],[[[-97.3178,27.4946],[-97.314,27.4975],[-97.3113,27.507],[-97.3178,27.4946]]],[[[-97.3189,27.4802],[-97.3167,27.4779],[-97.3045,27.4955],[-97.3189,27.4802]]],[[[-97.3259,26.5608],[-97.1537,26.0676],[-97.2719,26.5599],[-97.3259,26.5608]]],[[[-97.3984,26.8679],[-97.2788,26.5646],[-97.3654,27.1999],[-97.0568,27.842],[-97.1354,27.8245],[-97.3618,27.3591],[-97.3984,26.8679]]],[[[-97.4056,27.2947],[-97.4043,27.2902],[-97.4005,27.3109],[-97.4056,27.2947]]],[[[-97.4066,27.3157],[-97.4039,27.3149],[-97.4007,27.3255],[-97.4066,27.3157]]],[[[-97.4235,26.7522],[-97.4154,26.7407],[-97.4126,26.7519],[-97.4235,26.7522]]]]}},{"type":"Feature","properties":{"id":"ohio","name":"Ohio","state":"OH","fips":"39","source":"U.S. Census TIGERweb ACS2023 generalized state layer"},"geometry":{"type":"MultiPolygon","coordinates":[[[[-84.8201,39.112],[-84.4553,39.1204],[-84.2129,38.8057],[-83.8732,38.7624],[-83.6714,38.6274],[-83.521,38.703],[-83.302,38.5982],[-83.1538,38.6188],[-82.8892,38.7561],[-82.8443,38.5909],[-82.579,38.4078],[-82.3303,38.4445],[-82.2913,38.579],[-82.1773,38.6038],[-82.2216,38.7872],[-82.0377,39.0239],[-81.9332,38.9877],[-81.8985,38.8746],[-81.7627,38.9241],[-81.8139,39.0793],[-81.6895,39.266],[-81.5702,39.2677],[-81.4561,39.4093],[-81.376,39.3417],[-81.2173,39.3876],[-80.8319,39.7057],[-80.8691,39.7664],[-80.5999,40.3177],[-80.668,40.5825],[-80.519,40.6388],[-80.5194,41.9772],[-81.2838,41.762],[-81.7388,41.4885],[-82.0124,41.5155],[-82.4812,41.3813],[-82.6869,41.4914],[-83.0094,41.4285],[-82.7116,41.5363],[-82.8396,41.5867],[-82.957,41.5203],[-83.3359,41.7055],[-83.4802,41.6821],[-83.4554,41.7328],[-84.806,41.6961],[-84.8201,39.112]]],[[[-82.7345,41.6035],[-82.6887,41.5865],[-82.6736,41.6232],[-82.7345,41.6035]]],[[[-82.7417,41.4967],[-82.7348,41.4906],[-82.7273,41.5021],[-82.7417,41.4967]]],[[[-82.787,41.6787],[-82.7855,41.677],[-82.7839,41.6786],[-82.787,41.6787]]],[[[-82.8006,41.6944],[-82.7898,41.6931],[-82.7804,41.6968],[-82.8006,41.6944]]],[[[-82.8232,41.6581],[-82.8223,41.6572],[-82.8195,41.6585],[-82.8232,41.6581]]],[[[-82.8253,41.685],[-82.8055,41.6723],[-82.8033,41.6892],[-82.8253,41.685]]],[[[-82.8304,41.6919],[-82.8228,41.6919],[-82.8261,41.6935],[-82.8304,41.6919]]],[[[-82.8348,41.5912],[-82.8341,41.5902],[-82.8303,41.5912],[-82.8348,41.5912]]],[[[-82.8355,41.7112],[-82.8093,41.7088],[-82.8204,41.7245],[-82.8355,41.7112]]],[[[-82.8439,41.6465],[-82.835,41.6298],[-82.7937,41.6648],[-82.8439,41.6465]]],[[[-82.8565,41.6817],[-82.8488,41.6771],[-82.8445,41.6788],[-82.8565,41.6817]]],[[[-82.8679,41.6462],[-82.8681,41.645],[-82.8628,41.6455],[-82.8679,41.6462]]],[[[-83.1106,41.7379],[-83.1061,41.7369],[-83.1021,41.7418],[-83.1106,41.7379]]],[[[-83.4434,41.7045],[-83.4384,41.6943],[-83.4213,41.7034],[-83.4434,41.7045]]],[[[-83.4612,41.7057],[-83.4608,41.7013],[-83.4469,41.707],[-83.4612,41.7057]]]]}},{"type":"Feature","properties":{"id":"wisconsin","name":"Wisconsin","state":"WI","fips":"55","source":"U.S. Census TIGERweb ACS2023 generalized state layer"},"geometry":{"type":"MultiPolygon","coordinates":[[[[-92.8881,45.6284],[-92.6466,45.4416],[-92.7619,45.287],[-92.8073,44.7504],[-92.5481,44.5678],[-92.3361,44.554],[-91.9636,44.3621],[-91.8752,44.2006],[-91.4374,44.0],[-91.2841,43.8471],[-91.2148,43.3659],[-91.0579,43.2554],[-91.1795,43.0674],[-91.0537,42.7382],[-90.7092,42.6361],[-90.6428,42.5085],[-87.8021,42.4926],[-87.7579,42.7821],[-87.8975,43.0201],[-87.9118,43.2504],[-87.7027,43.6876],[-87.7363,43.881],[-87.6481,44.1037],[-87.5129,44.1928],[-87.4681,44.5519],[-87.048,45.0878],[-87.085,45.145],[-86.9834,45.2954],[-87.2377,45.1682],[-87.405,44.9118],[-87.3855,44.8311],[-87.4331,44.8927],[-87.6101,44.8384],[-87.7542,44.6506],[-88.0024,44.5387],[-88.0495,44.5656],[-87.8393,44.9328],[-87.6312,44.9844],[-87.5874,45.0871],[-87.7365,45.1734],[-87.6573,45.3688],[-87.8881,45.3547],[-87.7928,45.5],[-87.8059,45.7068],[-88.1032,45.7914],[-88.07,45.8738],[-88.1898,45.9522],[-88.6708,45.9885],[-90.1205,46.3369],[-90.2166,46.5018],[-90.7534,46.7038],[-90.6932,46.66],[-90.9445,46.5877],[-90.751,46.888],[-90.8559,46.9622],[-91.7901,46.6947],[-92.1082,46.7491],[-92.2913,46.6681],[-92.294,46.0744],[-92.7125,45.8917],[-92.8881,45.6284]]],[[[-86.8309,45.426],[-86.8296,45.4059],[-86.8054,45.4073],[-86.8309,45.426]]],[[[-86.9562,45.352],[-86.8971,45.2961],[-86.8379,45.3937],[-86.9374,45.421],[-86.9562,45.352]]],[[[-86.96,45.3118],[-86.9442,45.3006],[-86.9476,45.3123],[-86.96,45.3118]]],[[[-87.213,45.1791],[-87.2072,45.1776],[-87.2071,45.18],[-87.213,45.1791]]],[[[-87.2687,45.1592],[-87.2637,45.1571],[-87.2622,45.1608],[-87.2687,45.1592]]],[[[-87.3775,45.1839],[-87.3326,45.1609],[-87.3351,45.2113],[-87.3775,45.1839]]],[[[-87.5051,45.0598],[-87.4918,45.0566],[-87.4972,45.0611],[-87.5051,45.0598]]],[[[-87.9893,44.6046],[-87.9791,44.587],[-87.9813,44.597],[-87.9893,44.6046]]],[[[-88.0055,44.6165],[-87.9915,44.6049],[-88.0034,44.6171],[-88.0055,44.6165]]],[[[-90.4653,47.0028],[-90.3951,47.077],[-90.4483,47.0653],[-90.4653,47.0028]]],[[[-90.5145,46.8775],[-90.4756,46.8751],[-90.4489,46.8965],[-90.5145,46.8775]]],[[[-90.5755,47.0339],[-90.5529,46.9997],[-90.5465,47.0177],[-90.5755,47.0339]]],[[[-90.5909,47.0652],[-90.5847,47.0626],[-90.5865,47.0757],[-90.5909,47.0652]]],[[[-90.625,47.004],[-90.6174,46.9894],[-90.6032,46.9954],[-90.625,47.004]]],[[[-90.6514,47.0327],[-90.6412,47.0256],[-90.6371,47.0364],[-90.6514,47.0327]]],[[[-90.6543,46.9223],[-90.5397,46.9102],[-90.5086,46.9577],[-90.6543,46.9223]]],[[[-90.6784,46.9564],[-90.6612,46.9532],[-90.6341,46.9796],[-90.6784,46.9564]]],[[[-90.693,47.0311],[-90.6803,47.0189],[-90.6487,47.0531],[-90.693,47.0311]]],[[[-90.7027,46.887],[-90.6897,46.879],[-90.6674,46.8914],[-90.7027,46.887]]],[[[-90.7118,46.9876],[-90.6692,47.0001],[-90.6966,47.0085],[-90.7118,46.9876]]],[[[-90.7309,47.08],[-90.73,47.0656],[-90.722,47.0632],[-90.7309,47.08]]],[[[-90.7632,46.8333],[-90.7205,46.8657],[-90.7405,46.8701],[-90.7632,46.8333]]],[[[-90.7653,46.947],[-90.689,46.9175],[-90.7156,46.9584],[-90.7653,46.947]]],[[[-90.7749,47.0245],[-90.7659,47.0021],[-90.7402,47.01],[-90.7749,47.0245]]],[[[-90.7916,46.785],[-90.5689,46.8473],[-90.6165,46.8745],[-90.7916,46.785]]],[[[-90.8057,46.9718],[-90.7908,46.9704],[-90.7874,46.9795],[-90.8057,46.9718]]],[[[-90.8061,46.7303],[-90.766,46.7129],[-90.7844,46.7294],[-90.8061,46.7303]]],[[[-90.8786,46.9913],[-90.8597,46.9764],[-90.851,46.983],[-90.8786,46.9913]]],[[[-90.9831,46.9822],[-90.932,46.9631],[-90.9238,46.9879],[-90.9831,46.9822]]],[[[-91.0373,46.9456],[-91.0368,46.9408],[-91.0342,46.9452],[-91.0373,46.9456]]]]}},{"type":"Feature","properties":{"id":"oregon","name":"Oregon","state":"OR","fips":"41","source":"U.S. Census TIGERweb ACS2023 generalized state layer"},"geometry":{"type":"MultiPolygon","coordinates":[[[[-124.5646,42.8409],[-124.4012,42.6272],[-124.4331,42.324],[-124.354,42.1035],[-124.2116,41.9985],[-117.0262,41.9999],[-117.0329,43.83],[-116.8941,44.1602],[-117.1981,44.2738],[-117.2427,44.3965],[-117.0623,44.7271],[-116.8524,44.8876],[-116.8479,45.0226],[-116.4635,45.6158],[-116.5466,45.751],[-116.7827,45.8254],[-116.916,45.9954],[-118.9412,46.0006],[-119.6005,45.9196],[-120.404,45.6992],[-120.635,45.7458],[-121.1679,45.6061],[-121.3378,45.7049],[-121.8113,45.7068],[-122.2949,45.5435],[-122.7638,45.6571],[-122.814,45.961],[-123.1159,46.1853],[-123.3714,46.1464],[-123.5012,46.271],[-123.8548,46.1573],[-124.0126,46.2368],[-123.9293,46.042],[-123.9937,45.9464],[-123.9581,45.278],[-124.1503,43.9109],[-124.5646,42.8409]]],[[[-123.6647,46.2443],[-123.6506,46.2441],[-123.6413,46.248],[-123.6647,46.2443]]],[[[-124.0352,46.2851],[-124.0089,46.2656],[-124.024,46.2908],[-124.0352,46.2851]]],[[[-124.3239,42.0666],[-124.3233,42.0641],[-124.3211,42.065],[-124.3239,42.0666]]],[[[-124.4272,42.3145],[-124.425,42.3128],[-124.4253,42.3153],[-124.4272,42.3145]]],[[[-124.4771,42.6672],[-124.4748,42.6664],[-124.4755,42.6686],[-124.4771,42.6672]]]]}},{"type":"Feature","properties":{"id":"mississippi","name":"Mississippi","state":"MS","fips":"28","source":"U.S. Census TIGERweb ACS2023 generalized state layer"},"geometry":{"type":"MultiPolygon","coordinates":[[[[-91.655,31.2518],[-91.5599,31.0541],[-91.6369,30.9994],[-89.7296,31.0039],[-89.8523,30.6629],[-89.5702,30.1803],[-89.4581,30.1778],[-89.3359,30.374],[-89.2857,30.3031],[-88.8578,30.4302],[-88.7289,30.3427],[-88.3946,30.3501],[-88.4732,31.8939],[-88.0979,34.8922],[-88.2001,34.9956],[-90.3084,34.9957],[-90.2413,34.919],[-90.3074,34.8462],[-90.4813,34.8811],[-90.4484,34.7391],[-90.5442,34.7917],[-90.5719,34.7128],[-90.4628,34.6841],[-90.5321,34.6273],[-90.5701,34.6934],[-90.5862,34.4092],[-90.6693,34.313],[-90.7644,34.3637],[-90.738,34.2893],[-90.8471,34.2061],[-90.9355,34.2378],[-90.8076,34.1618],[-90.9586,34.1355],[-90.8711,34.0812],[-90.9882,34.0192],[-90.9662,33.9647],[-91.0862,34.0064],[-91.0102,33.9316],[-91.0702,33.8453],[-90.9885,33.7845],[-91.1488,33.7314],[-91.0339,33.6736],[-91.2299,33.6843],[-91.1287,33.6085],[-91.2334,33.5627],[-91.1826,33.4992],[-91.2352,33.439],[-91.1322,33.4816],[-91.2092,33.4063],[-91.1488,33.3788],[-91.0581,33.4465],[-91.1416,33.2995],[-91.0452,33.2654],[-91.0877,33.1354],[-91.1997,33.1285],[-91.1204,33.0545],[-91.214,32.9272],[-91.0868,32.9763],[-91.1653,32.7513],[-91.0547,32.7192],[-91.1536,32.6262],[-91.0143,32.6405],[-91.0804,32.5564],[-90.9872,32.4957],[-91.0937,32.5491],[-91.116,32.4831],[-90.9696,32.4395],[-90.9936,32.354],[-90.8756,32.3724],[-90.9952,32.1921],[-91.1642,32.1969],[-91.1628,32.1327],[-91.005,32.1429],[-91.0802,32.0484],[-91.1603,32.0704],[-91.0759,32.0168],[-91.2556,31.8127],[-91.3457,31.8429],[-91.3655,31.7616],[-91.2634,31.7545],[-91.3718,31.7429],[-91.401,31.6204],[-91.5123,31.6347],[-91.4039,31.5898],[-91.5225,31.5221],[-91.4725,31.3713],[-91.5652,31.4234],[-91.5121,31.2842],[-91.655,31.2518]]],[[[-88.505,30.2157],[-88.4537,30.1966],[-88.4131,30.2063],[-88.505,30.2157]]],[[[-88.5843,30.3372],[-88.5682,30.3322],[-88.571,30.341],[-88.5843,30.3372]]],[[[-88.7645,30.2438],[-88.5955,30.2242],[-88.7153,30.2523],[-88.7645,30.2438]]],[[[-88.8668,30.383],[-88.8188,30.3609],[-88.8299,30.3716],[-88.8668,30.383]]],[[[-88.9039,30.2295],[-88.898,30.2299],[-88.8728,30.2478],[-88.9039,30.2295]]],[[[-88.9804,30.2105],[-88.9595,30.2085],[-88.9519,30.2128],[-88.9804,30.2105]]],[[[-89.1311,30.231],[-89.0851,30.2132],[-89.0657,30.2457],[-89.1311,30.231]]]]}},{"type":"Feature","properties":{"id":"north-carolina","name":"North Carolina","state":"NC","fips":"37","source":"U.S. Census TIGERweb ACS2023 generalized state layer"},"geometry":{"type":"MultiPolygon","coordinates":[[[[-84.3175,35.0218],[-83.1096,35.0012],[-82.3929,35.2154],[-81.0436,35.1499],[-81.0415,35.0447],[-80.935,35.1074],[-80.782,34.9358],[-80.7975,34.8198],[-79.6753,34.8047],[-78.5419,33.853],[-78.2392,33.9175],[-77.9959,33.9056],[-77.9628,33.8423],[-77.8294,34.1633],[-77.5827,34.4007],[-77.1259,34.6852],[-76.6194,34.7042],[-76.6044,34.7899],[-76.5127,34.7203],[-76.247,34.9873],[-76.3641,35.0366],[-76.3195,34.9659],[-76.4228,34.9507],[-76.4635,35.0764],[-76.4842,34.9881],[-76.7608,34.9159],[-76.9358,34.9731],[-77.0596,35.1469],[-76.8036,34.9638],[-76.5695,35.0985],[-76.5395,35.1546],[-76.6341,35.1743],[-76.4697,35.2809],[-76.9662,35.434],[-77.0532,35.5352],[-76.5776,35.3876],[-76.6379,35.513],[-76.4654,35.5584],[-76.5871,35.5089],[-76.5322,35.4013],[-76.3955,35.4317],[-76.4119,35.3464],[-76.1519,35.3314],[-75.8896,35.6406],[-75.8334,35.5715],[-75.7361,35.6255],[-75.728,35.8245],[-75.8363,35.9705],[-75.9473,35.9598],[-76.038,35.6458],[-76.0625,35.9907],[-76.7283,35.9336],[-76.7,36.2854],[-76.6919,36.0663],[-76.5804,36.0106],[-76.304,36.0945],[-76.4547,36.1928],[-76.2337,36.0979],[-76.2771,36.1909],[-76.0642,36.1438],[-76.2148,36.3006],[-75.9246,36.1646],[-75.9233,36.2459],[-75.7965,36.0728],[-76.0026,36.5371],[-75.8433,36.42],[-75.7298,36.0073],[-75.5363,35.7926],[-75.8676,36.5504],[-81.6775,36.5881],[-81.7074,36.3352],[-81.9081,36.302],[-82.0331,36.1204],[-82.3552,36.1156],[-82.5579,35.9539],[-82.6372,36.0658],[-82.805,35.9272],[-82.92,35.9284],[-82.9921,35.7739],[-83.1592,35.7649],[-83.4983,35.563],[-83.8801,35.5187],[-84.023,35.4117],[-84.0526,35.27],[-84.2902,35.2256],[-84.3175,35.0218]]],[[[-75.7268,35.9358],[-75.6205,35.8093],[-75.6451,35.9058],[-75.7268,35.9358]]],[[[-75.7325,35.2004],[-75.5278,35.2277],[-75.4606,35.577],[-75.5234,35.7736],[-75.4687,35.574],[-75.5218,35.2718],[-75.7325,35.2004]]],[[[-76.0153,35.0707],[-75.7736,35.1873],[-75.9822,35.1204],[-76.0153,35.0707]]],[[[-76.2815,35.3173],[-76.2624,35.3139],[-76.2742,35.3302],[-76.2815,35.3173]]],[[[-76.3301,34.8479],[-76.0378,35.0619],[-76.0759,35.0699],[-76.3301,34.8479]]],[[[-76.5476,34.7106],[-76.544,34.7012],[-76.5195,34.7071],[-76.5476,34.7106]]],[[[-76.5536,34.6232],[-76.5355,34.5916],[-76.3375,34.8388],[-76.5536,34.6232]]],[[[-76.5863,34.7139],[-76.5816,34.6991],[-76.5257,34.6852],[-76.5863,34.7139]]],[[[-76.6655,34.6897],[-76.5288,34.6315],[-76.5893,34.672],[-76.6655,34.6897]]],[[[-77.0985,34.6469],[-76.6757,34.6957],[-76.8222,34.7047],[-77.0985,34.6469]]],[[[-77.1713,34.6257],[-77.1104,34.6451],[-77.1212,34.648],[-77.1713,34.6257]]],[[[-77.2303,34.5984],[-77.2269,34.5967],[-77.1795,34.6204],[-77.2303,34.5984]]]]}},{"type":"Feature","properties":{"id":"virginia","name":"Virginia","state":"VA","fips":"51","source":"U.S. Census TIGERweb ACS2023 generalized state layer"},"geometry":{"type":"MultiPolygon","coordinates":[[[[-83.6746,36.6031],[-75.8676,36.5504],[-75.9963,36.922],[-76.3257,36.9632],[-76.3016,36.8503],[-76.3705,36.8343],[-76.3545,36.9228],[-76.4916,36.8811],[-76.4892,36.9597],[-76.6626,37.0457],[-76.6866,37.1973],[-76.7373,37.1462],[-76.9471,37.228],[-76.6499,37.2209],[-76.4253,36.9664],[-76.3043,37.0014],[-76.2993,37.1301],[-76.509,37.2395],[-76.3546,37.2723],[-76.4696,37.3706],[-76.4129,37.4181],[-76.2762,37.3108],[-76.2561,37.4526],[-76.3605,37.5192],[-76.298,37.5599],[-76.5493,37.6214],[-76.9274,37.9818],[-76.9285,38.0686],[-76.5102,37.6423],[-76.4687,37.6957],[-76.2801,37.6151],[-76.3399,37.656],[-76.2367,37.8892],[-76.5551,38.0246],[-76.6121,38.1487],[-76.9623,38.2141],[-77.0415,38.4002],[-77.2401,38.331],[-77.3173,38.3836],[-77.2359,38.6601],[-77.1302,38.635],[-77.0433,38.719],[-77.0406,38.8712],[-77.5199,39.1209],[-77.4577,39.225],[-77.5666,39.3061],[-77.73,39.3157],[-77.8282,39.1323],[-78.3471,39.466],[-78.4037,39.1675],[-78.8693,38.763],[-78.9982,38.8474],[-79.283,38.4181],[-79.6491,38.5915],[-79.7889,38.2687],[-80.2574,37.7561],[-80.2961,37.6918],[-80.221,37.6278],[-80.3285,37.5643],[-80.3093,37.5029],[-80.7701,37.3724],[-80.8596,37.4296],[-80.9005,37.315],[-81.2251,37.2349],[-81.3622,37.3377],[-81.6782,37.2015],[-81.9256,37.3573],[-81.968,37.538],[-82.3509,37.2671],[-82.7221,37.1202],[-82.8786,36.8896],[-83.0726,36.8546],[-83.1364,36.7431],[-83.6746,36.6031]]],[[[-75.7424,37.8083],[-75.7405,37.8012],[-75.7331,37.8028],[-75.7424,37.8083]]],[[[-75.8565,37.7029],[-75.849,37.7018],[-75.8508,37.7055],[-75.8565,37.7029]]],[[[-75.8667,37.6832],[-75.8549,37.6889],[-75.8605,37.6931],[-75.8667,37.6832]]],[[[-75.8951,37.8034],[-75.8918,37.7962],[-75.8942,37.8057],[-75.8951,37.8034]]],[[[-75.9037,37.8975],[-75.8987,37.8956],[-75.9011,37.8991],[-75.9037,37.8975]]],[[[-75.981,37.0971],[-75.9672,37.0846],[-75.9429,37.098],[-75.981,37.0971]]],[[[-75.9993,37.8297],[-75.9883,37.8074],[-75.9735,37.8335],[-75.9993,37.8297]]],[[[-76.0081,37.8728],[-75.9998,37.8603],[-76.0042,37.8705],[-76.0081,37.8728]]],[[[-76.0248,37.2627],[-75.9701,37.1172],[-75.8355,37.1745],[-75.5268,37.7887],[-75.2425,38.027],[-75.6244,37.9942],[-75.7569,37.9016],[-75.6726,37.847],[-75.8164,37.7893],[-76.0248,37.2627]]],[[[-76.0465,37.9536],[-76.0284,37.9205],[-75.9939,37.9535],[-76.0465,37.9536]]],[[[-76.3053,36.9851],[-76.3027,36.9818],[-76.2999,36.9869],[-76.3053,36.9851]]],[[[-76.3204,37.0029],[-76.3171,36.9991],[-76.3177,37.0019],[-76.3204,37.0029]]],[[[-76.4207,37.5976],[-76.4173,37.592],[-76.4178,37.5983],[-76.4207,37.5976]]]]}},{"type":"Feature","properties":{"id":"west-virginia","name":"West Virginia","state":"WV","fips":"54","source":"U.S. Census TIGERweb ACS2023 generalized state layer"},"geometry":{"type":"Polygon","coordinates":[[[-82.6432,38.1691],[-82.304,37.6758],[-81.9272,37.5153],[-81.9956,37.4698],[-81.8499,37.2852],[-81.6782,37.2015],[-81.3622,37.3377],[-81.2251,37.2349],[-80.9479,37.2959],[-80.8495,37.3469],[-80.8596,37.4296],[-80.7701,37.3724],[-80.2998,37.5083],[-80.3285,37.5643],[-80.221,37.6278],[-80.2961,37.6918],[-79.7889,38.2687],[-79.6491,38.5915],[-79.283,38.4181],[-78.9982,38.8474],[-78.8693,38.763],[-78.4037,39.1675],[-78.3471,39.466],[-77.8282,39.1323],[-77.7364,39.3927],[-77.8889,39.5559],[-77.8336,39.6029],[-78.1078,39.6821],[-78.4303,39.6233],[-78.4712,39.5161],[-78.6895,39.5458],[-78.7658,39.6485],[-78.9568,39.4403],[-79.1032,39.476],[-79.4869,39.206],[-79.4767,39.7211],[-80.5193,39.7214],[-80.519,40.6388],[-80.6272,40.6199],[-80.5999,40.3177],[-80.8804,39.6207],[-81.2173,39.3876],[-81.376,39.3417],[-81.4561,39.4093],[-81.5702,39.2677],[-81.6836,39.2709],[-81.8139,39.0793],[-81.7627,38.9241],[-81.8985,38.8746],[-81.9332,38.9877],[-82.0377,39.0239],[-82.2216,38.7872],[-82.1773,38.6038],[-82.2913,38.579],[-82.3303,38.4445],[-82.5935,38.4218],[-82.6432,38.1691]]]}},{"type":"Feature","properties":{"id":"louisiana","name":"Louisiana","state":"LA","fips":"22","source":"U.S. Census TIGERweb ACS2023 generalized state layer"},"geometry":{"type":"MultiPolygon","coordinates":[[[[-94.0431,32.693],[-94.0418,31.9924],[-93.8234,31.7751],[-93.8349,31.5862],[-93.7116,31.5128],[-93.7495,31.4687],[-93.6393,31.3715],[-93.6869,31.3052],[-93.5333,31.1845],[-93.5083,31.0324],[-93.7403,30.5396],[-93.6994,30.0593],[-93.928,29.8096],[-93.838,29.6906],[-93.2134,29.7756],[-92.3235,29.5315],[-92.0089,29.6129],[-92.1058,29.6118],[-92.1039,29.6991],[-92.2033,29.7534],[-91.8308,29.8293],[-91.8807,29.7108],[-91.6279,29.7411],[-91.6475,29.6355],[-91.5546,29.6358],[-91.5414,29.5263],[-91.2664,29.4761],[-91.1263,29.3334],[-91.1678,29.2344],[-91.1628,29.3213],[-91.2655,29.361],[-91.3398,29.3098],[-91.2883,29.2557],[-90.9524,29.1833],[-90.8361,29.0661],[-90.5618,29.235],[-90.5976,29.3033],[-90.4402,29.3494],[-90.4033,29.2338],[-90.3541,29.3054],[-90.3053,29.2684],[-90.2229,29.0871],[-90.0479,29.1896],[-90.1081,29.265],[-89.9789,29.347],[-90.042,29.3607],[-89.9918,29.4506],[-89.852,29.4757],[-89.8147,29.4001],[-89.5955,29.356],[-89.8426,29.3188],[-89.6397,29.2905],[-89.3996,29.1237],[-89.295,29.1989],[-89.4179,28.9286],[-89.2517,29.0832],[-89.1537,28.9875],[-89.0666,29.0907],[-89.1118,29.16],[-89.0062,29.1863],[-89.122,29.2021],[-89.1878,29.342],[-89.5613,29.3952],[-89.5228,29.4562],[-89.6835,29.5493],[-89.6845,29.6248],[-89.6013,29.5836],[-89.6616,29.6464],[-89.5005,29.6341],[-89.5249,29.7266],[-89.4456,29.6519],[-89.3947,29.7902],[-89.2857,29.7634],[-89.3857,29.8355],[-89.2403,29.8786],[-89.342,29.8831],[-89.2324,29.9304],[-89.2478,29.9973],[-89.3701,29.8921],[-89.4578,29.9982],[-89.3727,30.0498],[-89.4844,30.0788],[-89.65,29.8621],[-89.7294,29.9575],[-89.8462,29.9564],[-89.8183,30.0457],[-89.7177,30.0253],[-89.5281,30.189],[-89.6159,30.2232],[-89.8519,30.6612],[-89.7296,31.0039],[-91.6369,30.9994],[-91.5599,31.0541],[-91.654,31.2558],[-91.5156,31.2782],[-91.5763,31.4105],[-91.4789,31.365],[-91.5225,31.5221],[-91.4054,31.5765],[-91.5155,31.6304],[-91.401,31.6204],[-91.3718,31.7429],[-91.2634,31.7545],[-91.3655,31.7616],[-91.3457,31.8429],[-91.2556,31.8127],[-91.0759,32.0168],[-91.1603,32.0704],[-91.0802,32.0484],[-91.0041,32.1462],[-91.1628,32.1327],[-91.1642,32.1969],[-90.9952,32.1921],[-90.8756,32.3724],[-90.9936,32.354],[-90.9696,32.4395],[-91.116,32.4831],[-91.0937,32.5491],[-90.9872,32.4957],[-91.0804,32.5564],[-91.0143,32.6405],[-91.1513,32.6159],[-91.0547,32.7192],[-91.1653,32.7513],[-91.0644,32.9011],[-91.0969,32.9864],[-91.1702,32.8994],[-91.1661,33.0043],[-94.043,33.0192],[-94.0431,32.693]]],[[[-88.8677,29.8616],[-88.8623,29.8462],[-88.8627,29.8568],[-88.8677,29.8616]]],[[[-88.8793,29.874],[-88.8761,29.875],[-88.8753,29.8819],[-88.8793,29.874]]],[[[-88.8705,30.0492],[-88.8751,29.7598],[-88.817,29.9342],[-88.8705,30.0492]]],[[[-89.2622,29.8275],[-89.2489,29.8232],[-89.2455,29.8266],[-89.2622,29.8275]]],[[[-89.2939,30.0003],[-89.2899,29.9952],[-89.2878,29.9996],[-89.2939,30.0003]]],[[[-89.3005,29.3829],[-89.297,29.3833],[-89.2983,29.3854],[-89.3005,29.3829]]],[[[-89.3273,29.9518],[-89.3266,29.947],[-89.3194,29.9489],[-89.3273,29.9518]]],[[[-89.3379,29.9609],[-89.334,29.9591],[-89.3322,29.9624],[-89.3379,29.9609]]],[[[-89.341,29.9889],[-89.3367,29.988],[-89.3367,29.9942],[-89.341,29.9889]]],[[[-89.3422,30.0592],[-89.2016,30.0014],[-89.2431,30.1007],[-89.1857,30.157],[-89.3422,30.0592]]],[[[-89.3474,29.9752],[-89.3404,29.9762],[-89.3435,29.9813],[-89.3474,29.9752]]],[[[-89.3606,29.9274],[-89.3524,29.9244],[-89.3578,29.934],[-89.3606,29.9274]]],[[[-89.3686,29.9538],[-89.3537,29.9596],[-89.3604,29.9792],[-89.3686,29.9538]]],[[[-89.3814,30.0091],[-89.3648,30.0091],[-89.3797,30.0146],[-89.3814,30.0091]]],[[[-89.4409,30.1352],[-89.429,30.1286],[-89.4177,30.1437],[-89.4409,30.1352]]],[[[-89.5805,29.5795],[-89.576,29.5741],[-89.5691,29.5752],[-89.5805,29.5795]]],[[[-89.6268,29.5352],[-89.5997,29.5076],[-89.5646,29.5438],[-89.6268,29.5352]]],[[[-89.6439,29.5581],[-89.6433,29.5537],[-89.6396,29.5557],[-89.6439,29.5581]]],[[[-89.6458,29.5653],[-89.6303,29.5687],[-89.6371,29.5692],[-89.6458,29.5653]]],[[[-89.6667,29.5531],[-89.6579,29.5471],[-89.6634,29.5561],[-89.6667,29.5531]]],[[[-89.9009,29.3165],[-89.8612,29.3117],[-89.8902,29.3239],[-89.9009,29.3165]]],[[[-89.9502,29.277],[-89.9442,29.2717],[-89.9066,29.2966],[-89.9502,29.277]]],[[[-89.9625,29.3043],[-89.957,29.3037],[-89.9598,29.3068],[-89.9625,29.3043]]],[[[-89.9791,29.2811],[-89.9671,29.2714],[-89.9669,29.2826],[-89.9791,29.2811]]],[[[-89.984,29.3208],[-89.9732,29.301],[-89.9703,29.3169],[-89.984,29.3208]]],[[[-90.0223,29.2425],[-90.008,29.2395],[-90.0145,29.2509],[-90.0223,29.2425]]],[[[-90.0288,29.2645],[-90.0269,29.26],[-90.0199,29.2649],[-90.0288,29.2645]]],[[[-90.0427,29.2027],[-89.9497,29.2649],[-89.9882,29.2601],[-90.0427,29.2027]]],[[[-90.3304,29.0676],[-90.3286,29.0653],[-90.3193,29.0699],[-90.3304,29.0676]]],[[[-90.3479,29.184],[-90.3477,29.1777],[-90.338,29.1894],[-90.3479,29.184]]],[[[-90.3599,29.1049],[-90.356,29.1019],[-90.3431,29.1062],[-90.3599,29.1049]]],[[[-90.3726,29.1111],[-90.3396,29.1267],[-90.3515,29.1311],[-90.3726,29.1111]]],[[[-90.4144,29.208],[-90.4078,29.2039],[-90.4108,29.2107],[-90.4144,29.208]]],[[[-90.4444,29.2625],[-90.4414,29.2521],[-90.4351,29.2534],[-90.4444,29.2625]]],[[[-90.5503,29.0921],[-90.4733,29.0595],[-90.4237,29.0609],[-90.5503,29.0921]]],[[[-90.6185,29.197],[-90.6134,29.1932],[-90.6143,29.1963],[-90.6185,29.197]]],[[[-90.7593,29.0469],[-90.6617,29.0626],[-90.7118,29.0623],[-90.7593,29.0469]]],[[[-90.8681,29.0572],[-90.8343,29.0449],[-90.8062,29.0538],[-90.8681,29.0572]]],[[[-90.9357,29.0556],[-90.9265,29.0491],[-90.9155,29.0499],[-90.9357,29.0556]]],[[[-91.0416,29.1918],[-91.0363,29.1877],[-91.0363,29.1902],[-91.0416,29.1918]]],[[[-92.0319,29.5776],[-91.8216,29.4739],[-91.7081,29.5688],[-91.9031,29.6374],[-92.0319,29.5776]]]]}},{"type":"Feature","properties":{"id":"michigan","name":"Michigan","state":"MI","fips":"26","source":"U.S. Census TIGERweb ACS2023 generalized state layer"},"geometry":{"type":"MultiPolygon","coordinates":[[[[-86.8248,41.7602],[-83.4554,41.7328],[-83.132,42.0902],[-83.0973,42.2901],[-82.8822,42.4052],[-82.8056,42.6488],[-82.6309,42.6733],[-82.713,42.5979],[-82.6791,42.5222],[-82.5233,42.6075],[-82.4135,42.9769],[-82.615,43.7792],[-82.7417,43.9904],[-82.9639,44.0683],[-83.4009,43.9171],[-83.3251,43.884],[-83.6852,43.5844],[-83.9539,43.7502],[-83.8482,43.9895],[-83.5799,44.0494],[-83.5377,44.2482],[-83.3337,44.3366],[-83.2703,44.7088],[-83.3158,44.881],[-83.4638,45.0031],[-83.385,45.0771],[-83.2624,45.0254],[-83.3877,45.2763],[-84.0969,45.4974],[-84.2159,45.6348],[-84.4792,45.6568],[-84.7289,45.7881],[-85.0083,45.7617],[-84.9438,45.7103],[-85.1155,45.5394],[-84.9145,45.3956],[-85.3716,45.2708],[-85.3893,44.9481],[-85.5272,44.7475],[-85.5766,44.7602],[-85.4749,44.9917],[-85.5954,44.7671],[-85.6524,44.8491],[-85.5407,45.2109],[-85.8074,44.9498],[-86.0667,44.9057],[-86.0896,44.742],[-86.255,44.6919],[-86.2687,44.3453],[-86.5147,44.0581],[-86.4302,43.8276],[-86.5385,43.6175],[-86.2206,42.9558],[-86.2466,42.4901],[-86.5979,41.9183],[-86.8248,41.7602]]],[[[-83.1916,42.0354],[-83.1892,42.0333],[-83.1899,42.036],[-83.1916,42.0354]]],[[[-83.2121,45.0523],[-83.2049,45.0407],[-83.1935,45.0342],[-83.2121,45.0523]]],[[[-83.2289,45.0466],[-83.227,45.0405],[-83.2169,45.0438],[-83.2289,45.0466]]],[[[-83.234,45.056],[-83.2339,45.055],[-83.2287,45.0564],[-83.234,45.056]]],[[[-83.2988,45.0657],[-83.2906,45.0606],[-83.2891,45.0716],[-83.2988,45.0657]]],[[[-83.3363,45.1916],[-83.3199,45.1895],[-83.3299,45.1977],[-83.3363,45.1916]]],[[[-83.4225,44.9892],[-83.4118,44.9873],[-83.4176,44.9919],[-83.4225,44.9892]]],[[[-83.4318,43.8818],[-83.4255,43.8771],[-83.4146,43.8765],[-83.4318,43.8818]]],[[[-83.4338,43.8355],[-83.4212,43.827],[-83.4157,43.8342],[-83.4338,43.8355]]],[[[-83.4412,44.038],[-83.4371,44.0232],[-83.4273,44.0287],[-83.4412,44.038]]],[[[-83.4493,43.8164],[-83.4331,43.8204],[-83.4453,43.8239],[-83.4493,43.8164]]],[[[-83.4507,43.8555],[-83.4381,43.8395],[-83.4345,43.8607],[-83.4507,43.8555]]],[[[-83.4607,43.8164],[-83.4516,43.8124],[-83.4446,43.8344],[-83.4607,43.8164]]],[[[-83.471,44.0026],[-83.4633,44.0014],[-83.4664,44.0037],[-83.471,44.0026]]],[[[-83.4812,43.7582],[-83.4714,43.7562],[-83.466,43.76],[-83.4812,43.7582]]],[[[-83.6964,46.0585],[-83.6901,46.057],[-83.6919,46.0619],[-83.6964,46.0585]]],[[[-83.7051,46.0652],[-83.702,46.0613],[-83.6997,46.067],[-83.7051,46.0652]]],[[[-83.7101,46.0526],[-83.7009,46.0498],[-83.7028,46.0535],[-83.7101,46.0526]]],[[[-83.728,46.0464],[-83.7186,46.0466],[-83.7227,46.0508],[-83.728,46.0464]]],[[[-83.7289,46.0407],[-83.7252,46.0374],[-83.7255,46.0406],[-83.7289,46.0407]]],[[[-83.7344,46.0369],[-83.7335,46.0359],[-83.7327,46.0383],[-83.7344,46.0369]]],[[[-83.7687,45.9355],[-83.7686,45.9318],[-83.7681,45.9378],[-83.7687,45.9355]]],[[[-83.7714,46.091],[-83.7625,46.0863],[-83.7651,46.0922],[-83.7714,46.091]]],[[[-83.774,46.0515],[-83.7472,46.0348],[-83.7343,46.0507],[-83.774,46.0515]]],[[[-83.7742,46.0665],[-83.7723,46.0642],[-83.7701,46.0687],[-83.7742,46.0665]]],[[[-83.7842,46.0813],[-83.7826,46.0803],[-83.7813,46.085],[-83.7842,46.0813]]],[[[-83.792,46.0086],[-83.7897,46.0072],[-83.7904,46.0092],[-83.792,46.0086]]],[[[-83.7936,46.0362],[-83.7916,46.0344],[-83.7908,46.0384],[-83.7936,46.0362]]],[[[-83.7939,46.0618],[-83.7918,46.0626],[-83.7923,46.0639],[-83.7939,46.0618]]],[[[-83.7988,46.0587],[-83.7962,46.0565],[-83.7967,46.0604],[-83.7988,46.0587]]],[[[-83.8132,46.0746],[-83.8106,46.0741],[-83.8094,46.078],[-83.8132,46.0746]]],[[[-83.8251,46.0292],[-83.8239,46.0268],[-83.8229,46.0308],[-83.8251,46.0292]]],[[[-83.8278,46.0566],[-83.8274,46.0551],[-83.8258,46.0582],[-83.8278,46.0566]]],[[[-83.8276,46.1018],[-83.7765,46.092],[-83.7935,46.1074],[-83.8276,46.1018]]],[[[-83.8286,46.039],[-83.8276,46.0355],[-83.8277,46.0397],[-83.8286,46.039]]],[[[-83.8321,43.6663],[-83.8186,43.6655],[-83.8167,43.6725],[-83.8321,43.6663]]],[[[-83.8374,46.0454],[-83.8365,46.043],[-83.8358,46.0456],[-83.8374,46.0454]]],[[[-83.8507,46.067],[-83.8414,46.0678],[-83.8476,46.0737],[-83.8507,46.067]]],[[[-83.8562,46.0848],[-83.8542,46.08],[-83.8502,46.0787],[-83.8562,46.0848]]],[[[-83.8573,46.0578],[-83.8551,46.0535],[-83.8467,46.0539],[-83.8573,46.0578]]],[[[-83.8691,46.0781],[-83.8593,46.0694],[-83.8526,46.0752],[-83.8691,46.0781]]],[[[-83.8813,46.0559],[-83.8779,46.0554],[-83.8787,46.058],[-83.8813,46.0559]]],[[[-83.8829,45.9755],[-83.5618,45.9126],[-83.4732,45.9844],[-83.7001,46.1039],[-83.6861,46.0374],[-83.8829,45.9755]]],[[[-83.8852,46.0693],[-83.8768,46.0648],[-83.8795,46.0724],[-83.8852,46.0693]]],[[[-83.9,46.0178],[-83.8987,46.0155],[-83.8971,46.0171],[-83.9,46.0178]]],[[[-83.9876,46.0929],[-83.9836,46.0886],[-83.9848,46.0922],[-83.9876,46.0929]]],[[[-83.9907,46.1025],[-83.9911,46.1008],[-83.9877,46.0983],[-83.9907,46.1025]]],[[[-84.0117,46.0915],[-83.9735,46.0653],[-83.9953,46.0948],[-84.0117,46.0915]]],[[[-84.0232,46.1093],[-84.0204,46.1077],[-84.0197,46.1092],[-84.0232,46.1093]]],[[[-84.1715,46.2188],[-84.166,46.2153],[-84.1698,46.2194],[-84.1715,46.2188]]],[[[-84.2025,45.9693],[-84.1999,45.9672],[-84.1998,45.97],[-84.2025,45.9693]]],[[[-84.4336,45.926],[-84.4279,45.9189],[-84.4312,45.926],[-84.4336,45.926]]],[[[-84.4376,45.9814],[-84.4222,45.9732],[-84.422,45.9747],[-84.4376,45.9814]]],[[[-84.5169,46.4427],[-84.5141,46.4417],[-84.5154,46.4436],[-84.5169,46.4427]]],[[[-84.5827,45.9631],[-84.5618,45.9591],[-84.575,45.9707],[-84.5827,45.9631]]],[[[-84.5902,45.8128],[-84.4814,45.7301],[-84.3559,45.7707],[-84.5902,45.8128]]],[[[-84.6112,45.8346],[-84.6073,45.8256],[-84.5909,45.8224],[-84.6112,45.8346]]],[[[-84.6416,45.9729],[-84.6316,45.9553],[-84.6088,45.9675],[-84.6416,45.9729]]],[[[-84.6515,45.8628],[-84.6021,45.8521],[-84.6418,45.8855],[-84.6515,45.8628]]],[[[-84.6838,46.4918],[-84.6819,46.491],[-84.6791,46.4934],[-84.6838,46.4918]]],[[[-84.7514,45.8362],[-84.7441,45.8366],[-84.7454,45.8393],[-84.7514,45.8362]]],[[[-84.8804,45.8653],[-84.869,45.855],[-84.8619,45.8566],[-84.8804,45.8653]]],[[[-85.039,45.7643],[-85.034,45.761],[-85.0195,45.763],[-85.039,45.7643]]],[[[-85.0744,45.7659],[-85.0731,45.7624],[-85.0552,45.7644],[-85.0744,45.7659]]],[[[-85.2048,46.0444],[-85.2014,46.0431],[-85.1995,46.0442],[-85.2048,46.0444]]],[[[-85.3017,45.8168],[-85.2998,45.8151],[-85.2989,45.8163],[-85.3017,45.8168]]],[[[-85.3948,45.7771],[-85.3576,45.7785],[-85.3581,45.8141],[-85.3948,45.7771]]],[[[-85.5299,45.8005],[-85.4555,45.7778],[-85.5168,45.8274],[-85.5299,45.8005]]],[[[-85.568,45.0998],[-85.5659,45.0995],[-85.5677,45.1014],[-85.568,45.0998]]],[[[-85.5832,44.8637],[-85.5706,44.8645],[-85.5699,44.8723],[-85.5832,44.8637]]],[[[-85.5945,45.8377],[-85.5892,45.8333],[-85.5838,45.8395],[-85.5945,45.8377]]],[[[-85.6175,45.8108],[-85.6111,45.8074],[-85.6043,45.8118],[-85.6175,45.8108]]],[[[-85.626,45.6016],[-85.4917,45.6075],[-85.5013,45.7544],[-85.568,45.7586],[-85.626,45.6016]]],[[[-85.6963,45.7744],[-85.6841,45.7701],[-85.6882,45.7751],[-85.6963,45.7744]]],[[[-85.7008,45.7385],[-85.6805,45.6961],[-85.6449,45.7427],[-85.7008,45.7385]]],[[[-85.7895,45.4878],[-85.7701,45.4607],[-85.7706,45.4865],[-85.7895,45.4878]]],[[[-85.844,45.6948],[-85.8343,45.6973],[-85.8372,45.7103],[-85.844,45.6948]]],[[[-85.8847,45.4448],[-85.8338,45.3796],[-85.832,45.4205],[-85.8847,45.4448]]],[[[-86.0645,45.1396],[-85.9609,45.0605],[-85.9894,45.1511],[-86.0645,45.1396]]],[[[-86.1557,45.0144],[-86.0778,45.0324],[-86.1179,45.0485],[-86.1557,45.0144]],[[-86.6592,45.7379],[-86.6603,45.736],[-86.6571,45.7426],[-86.6592,45.7379]]],[[[-86.6606,45.5786],[-86.6275,45.5495],[-86.6268,45.5729],[-86.6606,45.5786]]],[[[-86.6702,45.5296],[-86.6599,45.5225],[-86.6612,45.533],[-86.6702,45.5296]]],[[[-86.7017,45.6057],[-86.6679,45.606],[-86.6924,45.6171],[-86.7017,45.6057]]],[[[-86.709,46.5452],[-86.6876,46.4562],[-86.6096,46.4687],[-86.709,46.5452]]],[[[-86.7118,45.6092],[-86.7052,45.6106],[-86.7081,45.6115],[-86.7118,45.6092]]],[[[-86.7169,45.5012],[-86.7161,45.4978],[-86.714,45.4992],[-86.7169,45.5012]]],[[[-86.7225,46.4858],[-86.7193,46.479],[-86.7167,46.4786],[-86.7225,46.4858]]],[[[-86.7218,45.5106],[-86.7229,45.5085],[-86.7167,45.5095],[-86.7218,45.5106]]],[[[-86.7272,45.5225],[-86.7262,45.5206],[-86.7231,45.5205],[-86.7272,45.5225]]],[[[-86.7482,46.5156],[-86.7369,46.504],[-86.7373,46.5111],[-86.7482,46.5156]]],[[[-86.7627,45.8009],[-86.7588,45.7967],[-86.7535,45.7988],[-86.7627,45.8009]]],[[[-86.7656,45.7459],[-86.7593,45.7443],[-86.7655,45.7488],[-86.7656,45.7459]]],[[[-86.7835,45.5023],[-86.7583,45.4793],[-86.7575,45.5041],[-86.7835,45.5023]]],[[[-86.9,46.4878],[-86.8911,46.4795],[-86.8905,46.4862],[-86.9,46.4878]]],[[[-87.4038,46.5937],[-87.3993,46.5947],[-87.4026,46.5955],[-87.4038,46.5937]]],[[[-87.4201,46.603],[-87.4165,46.5975],[-87.4101,46.6027],[-87.4201,46.603]]],[[[-87.4612,46.6368],[-87.4569,46.6384],[-87.4592,46.64],[-87.4612,46.6368]]],[[[-87.5425,46.7042],[-87.5418,46.7036],[-87.539,46.7047],[-87.5425,46.7042]]],[[[-87.6507,47.4175],[-87.6003,47.4077],[-87.5862,47.4183],[-87.6507,47.4175]]],[[[-87.9591,46.9505],[-87.9555,46.9495],[-87.9565,46.9516],[-87.9591,46.9505]]],[[[-87.9783,46.9543],[-87.9719,46.9504],[-87.9636,46.9513],[-87.9783,46.9543]]],[[[-88.0054,46.9658],[-87.9973,46.9594],[-87.9983,46.9637],[-88.0054,46.9658]]],[[[-88.2761,47.0726],[-88.2693,47.0695],[-88.2681,47.074],[-88.2761,47.0726]]],[[[-88.3662,48.2262],[-88.3363,48.2371],[-88.3525,48.2355],[-88.3662,48.2262]]],[[[-88.7328,48.1014],[-88.7212,48.1039],[-88.7055,48.1112],[-88.7328,48.1014]]],[[[-88.8184,47.9281],[-88.7823,47.9407],[-88.799,47.9357],[-88.8184,47.9281]]],[[[-88.8517,47.913],[-88.8472,47.9126],[-88.8451,47.9152],[-88.8517,47.913]]],[[[-89.2628,47.8699],[-89.162,47.8236],[-88.9117,47.8913],[-89.0051,47.8987],[-88.4182,48.1804],[-89.2628,47.8699]]],[[[-90.4181,46.5661],[-90.2166,46.5018],[-90.1205,46.3369],[-88.1029,45.9219],[-88.1295,45.8093],[-87.7822,45.6831],[-87.8881,45.3547],[-87.6573,45.3688],[-87.7365,45.1734],[-87.5922,45.0948],[-87.1973,45.6387],[-87.0382,45.7415],[-86.9779,45.9056],[-86.9679,45.6683],[-86.7895,45.7718],[-86.7821,45.8602],[-86.5352,45.8858],[-86.5596,45.7722],[-86.7175,45.6803],[-86.6143,45.6001],[-86.5809,45.7119],[-86.3469,45.7973],[-86.2758,45.9436],[-85.6589,45.9658],[-85.5062,46.0964],[-85.014,46.0108],[-84.7524,45.8397],[-84.6566,46.0527],[-84.3816,45.9336],[-83.8955,45.9864],[-84.0717,46.0924],[-84.0296,46.1345],[-84.273,46.2015],[-84.0978,46.2565],[-84.1289,46.5301],[-84.5833,46.4135],[-84.631,46.4849],[-85.0152,46.4797],[-85.0301,46.6848],[-84.9562,46.7719],[-86.1617,46.6695],[-86.6447,46.4108],[-87.0053,46.534],[-87.3594,46.5035],[-87.5904,46.7824],[-87.8168,46.8912],[-88.0819,46.9205],[-88.2834,46.823],[-88.143,46.9669],[-88.4973,46.7551],[-88.35,47.0764],[-87.9571,47.3873],[-87.7124,47.4014],[-87.8012,47.4733],[-88.2182,47.4495],[-88.9728,47.0021],[-89.4253,46.8415],[-89.7888,46.8181],[-90.4181,46.5661]]]]}},{"type":"Feature","properties":{"id":"massachusetts","name":"Massachusetts","state":"MA","fips":"25","source":"U.S. Census TIGERweb ACS2023 generalized state layer"},"geometry":{"type":"MultiPolygon","coordinates":[[[[-73.5081,42.0863],[-72.8167,41.9976],[-71.3814,42.0188],[-71.3407,41.7983],[-71.1329,41.6601],[-71.1206,41.4974],[-71.0384,41.4811],[-70.7187,41.7357],[-70.6176,41.7011],[-70.6566,41.5148],[-70.0142,41.672],[-70.0039,41.5406],[-69.9284,41.7084],[-70.0826,42.0547],[-70.2454,42.0637],[-70.0956,42.0328],[-70.0085,41.8008],[-70.3573,41.7025],[-70.2739,41.7243],[-70.494,41.7739],[-70.5392,41.9268],[-70.71,41.9995],[-70.5979,42.0046],[-70.7663,42.2547],[-71.0393,42.2855],[-71.0506,42.3729],[-70.953,42.344],[-70.983,42.424],[-70.836,42.4905],[-70.8752,42.5443],[-70.5915,42.6398],[-70.7761,42.6913],[-70.8173,42.8723],[-70.9028,42.8865],[-71.2942,42.697],[-73.265,42.7459],[-73.5081,42.0863]]],[[[-70.2341,41.2857],[-69.9602,41.2645],[-70.0491,41.3917],[-70.0626,41.3087],[-70.2341,41.2857]]],[[[-70.2767,41.3113],[-70.2427,41.2892],[-70.2466,41.3062],[-70.2767,41.3113]]],[[[-70.309,41.3361],[-70.307,41.3324],[-70.2893,41.335],[-70.309,41.3361]]],[[[-70.5803,42.636],[-70.5756,42.6345],[-70.5734,42.6395],[-70.5803,42.636]]],[[[-70.5922,42.6295],[-70.5868,42.6282],[-70.5882,42.6306],[-70.5922,42.6295]]],[[[-70.5937,42.6605],[-70.59,42.659],[-70.5876,42.6619],[-70.5937,42.6605]]],[[[-70.7231,42.5682],[-70.7217,42.5661],[-70.7206,42.5697],[-70.7231,42.5682]]],[[[-70.7831,42.5535],[-70.7823,42.5518],[-70.7807,42.5536],[-70.7831,42.5535]]],[[[-70.7888,42.534],[-70.7877,42.5306],[-70.7823,42.5337],[-70.7888,42.534]]],[[[-70.8022,42.551],[-70.8021,42.5472],[-70.7944,42.548],[-70.8022,42.551]]],[[[-70.8071,41.4586],[-70.6752,41.5139],[-70.7102,41.5189],[-70.8071,41.4586]]],[[[-70.8174,42.514],[-70.8121,42.5103],[-70.8121,42.512],[-70.8174,42.514]]],[[[-70.832,41.2595],[-70.8092,41.2491],[-70.8016,41.2584],[-70.832,41.2595]]],[[[-70.8356,42.4838],[-70.8335,42.482],[-70.8337,42.4853],[-70.8356,42.4838]]],[[[-70.8357,41.6023],[-70.8221,41.5836],[-70.824,41.5996],[-70.8357,41.6023]]],[[[-70.8388,41.3472],[-70.7757,41.301],[-70.4462,41.3965],[-70.6036,41.4824],[-70.8388,41.3472]]],[[[-70.8404,41.4529],[-70.8081,41.445],[-70.8206,41.4585],[-70.8404,41.4529]]],[[[-70.8834,42.3405],[-70.876,42.3412],[-70.874,42.3436],[-70.8834,42.3405]]],[[[-70.8918,42.3389],[-70.8875,42.3382],[-70.8848,42.3393],[-70.8918,42.3389]]],[[[-70.8923,42.3284],[-70.892,42.3272],[-70.8888,42.3285],[-70.8923,42.3284]]],[[[-70.8984,42.3403],[-70.8952,42.3389],[-70.8956,42.3439],[-70.8984,42.3403]]],[[[-70.8984,42.3312],[-70.8961,42.3304],[-70.8941,42.335],[-70.8984,42.3312]]],[[[-70.9036,41.4308],[-70.8486,41.4328],[-70.8571,41.4503],[-70.9036,41.4308]]],[[[-70.9254,41.4517],[-70.9212,41.4454],[-70.9152,41.451],[-70.9254,41.4517]]],[[[-70.9309,42.3216],[-70.9253,42.3172],[-70.926,42.3219],[-70.9309,42.3216]]],[[[-70.9321,42.3327],[-70.9314,42.3283],[-70.9226,42.3261],[-70.9321,42.3327]]],[[[-70.9428,42.3272],[-70.9399,42.3242],[-70.9349,42.3268],[-70.9428,42.3272]]],[[[-70.9492,41.4158],[-70.9086,41.4224],[-70.9275,41.4318],[-70.9492,41.4158]]],[[[-70.9511,42.2897],[-70.9373,42.2849],[-70.9264,42.3014],[-70.9511,42.2897]]],[[[-70.9581,42.3117],[-70.9543,42.3086],[-70.9485,42.3119],[-70.9581,42.3117]]],[[[-70.9774,42.3123],[-70.9657,42.3135],[-70.9528,42.3306],[-70.9774,42.3123]]],[[[-70.9892,42.3283],[-70.9857,42.3187],[-70.9831,42.3272],[-70.9892,42.3283]]],[[[-71.0166,42.3137],[-71.0115,42.3093],[-70.9995,42.3199],[-71.0166,42.3137]]]]}},{"type":"Feature","properties":{"id":"florida","name":"Florida","state":"FL","fips":"12","source":"U.S. Census TIGERweb ACS2023 generalized state layer"},"geometry":{"type":"MultiPolygon","coordinates":[[[[-87.6348,30.8661],[-87.3962,30.6505],[-87.4477,30.5105],[-87.3666,30.4366],[-87.5183,30.2804],[-86.7131,30.3948],[-86.1887,30.3342],[-85.4051,29.9385],[-85.3028,29.8089],[-85.3608,29.6787],[-85.4118,29.8598],[-85.3515,29.6667],[-84.8706,29.7971],[-84.888,29.7224],[-84.5218,29.9141],[-84.3491,29.8968],[-84.4376,29.9881],[-84.3418,29.9703],[-84.2056,30.1143],[-84.0068,30.0976],[-83.6808,29.9216],[-83.5842,29.7585],[-83.4086,29.6673],[-83.4003,29.5172],[-83.0773,29.2553],[-83.0565,29.1299],[-82.8139,29.1625],[-82.696,28.9308],[-82.7387,28.8248],[-82.6443,28.5842],[-82.7835,28.0526],[-82.8362,28.0919],[-82.7861,28.0479],[-82.8491,27.8632],[-82.7347,27.6119],[-82.5876,27.819],[-82.7259,27.9362],[-82.6867,28.0302],[-82.5442,27.9562],[-82.5339,27.8329],[-82.4724,27.8226],[-82.4619,27.9386],[-82.3859,27.8197],[-82.6413,27.5255],[-82.7457,27.5388],[-82.2619,26.7171],[-82.1463,26.7829],[-82.1831,26.9358],[-82.0538,26.9398],[-82.0821,26.6536],[-82.1838,26.6878],[-82.1057,26.4839],[-81.9981,26.5327],[-81.8825,26.4027],[-81.7295,25.9094],[-81.2903,25.6875],[-81.123,25.3791],[-81.172,25.2223],[-81.0879,25.1162],[-80.4655,25.2118],[-80.4333,25.1078],[-80.6577,24.8974],[-80.3582,25.1532],[-80.253,25.3383],[-80.4167,25.1987],[-80.3054,25.3877],[-80.3067,25.6128],[-80.2026,25.7482],[-80.1563,25.6662],[-80.121,25.8132],[-80.0314,26.7963],[-80.572,28.1116],[-80.5742,28.5853],[-80.9662,29.148],[-81.2539,29.7769],[-81.4559,30.5134],[-81.4258,30.7005],[-81.9495,30.8279],[-82.0448,30.7285],[-82.0368,30.3779],[-82.1618,30.3579],[-82.2148,30.5686],[-84.8647,30.7115],[-85.0019,31.0007],[-87.5989,30.9975],[-87.6348,30.8661]]],[[[-80.1763,25.5251],[-80.1771,25.5217],[-80.1727,25.5221],[-80.1763,25.5251]]],[[[-80.2586,25.3596],[-80.2038,25.4145],[-80.1757,25.5177],[-80.2586,25.3596]]],[[[-80.2962,25.3271],[-80.2937,25.3246],[-80.2937,25.3268],[-80.2962,25.3271]]],[[[-80.3035,25.3801],[-80.295,25.3767],[-80.2937,25.3855],[-80.3035,25.3801]]],[[[-80.3035,25.406],[-80.302,25.403],[-80.2997,25.4054],[-80.3035,25.406]]],[[[-80.4609,25.0508],[-80.4558,25.0484],[-80.4463,25.0528],[-80.4609,25.0508]]],[[[-80.4807,25.116],[-80.4823,25.1124],[-80.4759,25.1083],[-80.4807,25.116]]],[[[-80.4826,25.0864],[-80.4688,25.092],[-80.4777,25.1035],[-80.4826,25.0864]]],[[[-80.4981,25.1027],[-80.4945,25.0978],[-80.4862,25.1086],[-80.4981,25.1027]]],[[[-80.5029,25.0762],[-80.4929,25.08],[-80.4991,25.0809],[-80.5029,25.0762]]],[[[-80.5106,25.139],[-80.5077,25.131],[-80.5054,25.1378],[-80.5106,25.139]]],[[[-80.5144,25.1504],[-80.5054,25.1487],[-80.5093,25.1552],[-80.5144,25.1504]]],[[[-80.5187,25.086],[-80.5178,25.083],[-80.5106,25.0819],[-80.5187,25.086]]],[[[-80.5455,25.1833],[-80.5303,25.1876],[-80.5356,25.1951],[-80.5455,25.1833]]],[[[-80.5532,25.1614],[-80.5559,25.1582],[-80.5501,25.1619],[-80.5532,25.1614]]],[[[-80.5598,25.0646],[-80.5527,25.0629],[-80.5558,25.0722],[-80.5598,25.0646]]],[[[-80.5706,25.1312],[-80.568,25.1225],[-80.565,25.1279],[-80.5706,25.1312]]],[[[-80.5708,25.1481],[-80.5572,25.1404],[-80.565,25.1497],[-80.5708,25.1481]]],[[[-80.5742,25.1046],[-80.5607,25.1074],[-80.5676,25.1191],[-80.5742,25.1046]]],[[[-80.579,25.1599],[-80.5751,25.1484],[-80.5729,25.1567],[-80.579,25.1599]]],[[[-80.589,25.0605],[-80.5833,25.0569],[-80.5827,25.0612],[-80.589,25.0605]]],[[[-80.6077,25.1749],[-80.5868,25.1626],[-80.5866,25.1714],[-80.6077,25.1749]]],[[[-80.6194,25.0715],[-80.6079,25.0569],[-80.6055,25.0704],[-80.6194,25.0715]]],[[[-80.6198,25.0029],[-80.6141,25.0032],[-80.6128,25.0067],[-80.6198,25.0029]]],[[[-80.6248,25.1828],[-80.6144,25.1758],[-80.6098,25.1824],[-80.6248,25.1828]]],[[[-80.6272,25.0004],[-80.6228,25.0],[-80.626,25.0026],[-80.6272,25.0004]]],[[[-80.6274,24.9598],[-80.6232,24.9586],[-80.6239,24.9637],[-80.6274,24.9598]]],[[[-80.6374,25.0271],[-80.6316,25.0255],[-80.6342,25.0281],[-80.6374,25.0271]]],[[[-80.6482,25.0509],[-80.6442,25.0469],[-80.6411,25.0498],[-80.6482,25.0509]]],[[[-80.6492,25.0355],[-80.6463,25.0332],[-80.6459,25.0363],[-80.6492,25.0355]]],[[[-80.6536,24.9828],[-80.6466,24.9874],[-80.6502,24.9895],[-80.6536,24.9828]]],[[[-80.6587,25.1071],[-80.6406,25.0734],[-80.6375,25.1373],[-80.6587,25.1071]]],[[[-80.6656,24.9894],[-80.6576,24.9878],[-80.6543,24.9949],[-80.6656,24.9894]]],[[[-80.6691,25.0358],[-80.664,25.0336],[-80.6646,25.0372],[-80.6691,25.0358]]],[[[-80.6699,24.9235],[-80.6664,24.9185],[-80.6608,24.924],[-80.6699,24.9235]]],[[[-80.6718,24.9887],[-80.6667,24.9872],[-80.6701,24.9902],[-80.6718,24.9887]]],[[[-80.6802,25.1008],[-80.6669,25.096],[-80.6745,25.1041],[-80.6802,25.1008]]],[[[-80.6806,25.0329],[-80.6737,25.0329],[-80.6781,25.0353],[-80.6806,25.0329]]],[[[-80.6847,25.1146],[-80.6759,25.1145],[-80.6795,25.1232],[-80.6847,25.1146]]],[[[-80.686,25.0306],[-80.6821,25.0253],[-80.6821,25.0307],[-80.686,25.0306]]],[[[-80.7006,25.0551],[-80.6945,25.0501],[-80.6926,25.0601],[-80.7006,25.0551]]],[[[-80.7022,25.0988],[-80.6972,25.0983],[-80.7009,25.1081],[-80.7022,25.0988]]],[[[-80.7016,25.1226],[-80.7009,25.1158],[-80.6944,25.1199],[-80.7016,25.1226]]],[[[-80.704,24.9021],[-80.6934,24.8995],[-80.6981,24.9089],[-80.704,24.9021]]],[[[-80.715,25.1408],[-80.6996,25.1257],[-80.7111,25.1431],[-80.715,25.1408]]],[[[-80.7148,25.1498],[-80.7146,25.1466],[-80.7113,25.1444],[-80.7148,25.1498]]],[[[-80.7283,25.0947],[-80.7246,25.0938],[-80.7232,25.0981],[-80.7283,25.0947]]],[[[-80.7316,24.9955],[-80.7263,24.9962],[-80.7237,25.0051],[-80.7316,24.9955]]],[[[-80.7371,25.0655],[-80.728,25.0626],[-80.7282,25.0709],[-80.7371,25.0655]]],[[[-80.739,25.0105],[-80.7369,25.0025],[-80.7355,25.0054],[-80.739,25.0105]]],[[[-80.7411,24.8537],[-80.7352,24.8488],[-80.6907,24.8842],[-80.7411,24.8537]]],[[[-80.7591,25.0327],[-80.7496,25.0271],[-80.7545,25.0391],[-80.7591,25.0327]]],[[[-80.7625,25.1453],[-80.7609,25.1435],[-80.7588,25.1453],[-80.7625,25.1453]]],[[[-80.7882,24.9405],[-80.7847,24.9368],[-80.7827,24.9393],[-80.7882,24.9405]]],[[[-80.7912,25.0253],[-80.7892,25.0232],[-80.7852,25.0248],[-80.7912,25.0253]]],[[[-80.7922,25.1317],[-80.7812,25.122],[-80.7893,25.132],[-80.7922,25.1317]]],[[[-80.7916,25.0946],[-80.7877,25.0891],[-80.7857,25.0925],[-80.7916,25.0946]]],[[[-80.7924,25.0712],[-80.7923,25.0679],[-80.7875,25.0687],[-80.7924,25.0712]]],[[[-80.8327,24.9935],[-80.8279,24.9879],[-80.8299,24.9945],[-80.8327,24.9935]]],[[[-80.8342,25.1198],[-80.8287,25.115],[-80.8323,25.1217],[-80.8342,25.1198]]],[[[-80.8482,24.8058],[-80.7945,24.812],[-80.7905,24.8429],[-80.8482,24.8058]]],[[[-80.8526,25.1099],[-80.8498,25.1085],[-80.8504,25.1107],[-80.8526,25.1099]]],[[[-80.8654,25.0324],[-80.8653,25.03],[-80.8609,25.0311],[-80.8654,25.0324]]],[[[-80.8831,25.1107],[-80.8761,25.1109],[-80.8765,25.1172],[-80.8831,25.1107]]],[[[-80.8873,25.0598],[-80.8854,25.0581],[-80.8836,25.0599],[-80.8873,25.0598]]],[[[-80.905,25.0516],[-80.9016,25.0503],[-80.9018,25.0522],[-80.905,25.0516]]],[[[-80.9094,25.1334],[-80.9054,25.1326],[-80.9002,25.1374],[-80.9094,25.1334]]],[[[-80.915,25.1086],[-80.9078,25.1029],[-80.912,25.1103],[-80.915,25.1086]]],[[[-80.9232,24.7667],[-80.9076,24.7686],[-80.9088,24.7776],[-80.9232,24.7667]]],[[[-80.9316,24.7687],[-80.9315,24.7634],[-80.9264,24.7659],[-80.9316,24.7687]]],[[[-80.9316,25.0806],[-80.9299,25.0785],[-80.9252,25.0806],[-80.9316,25.0806]]],[[[-80.9434,25.1086],[-80.9416,25.1062],[-80.9325,25.1092],[-80.9434,25.1086]]],[[[-81.1248,24.7071],[-81.0773,24.69],[-80.9314,24.7743],[-81.1248,24.7071]]],[[[-81.231,24.7821],[-81.2301,24.7769],[-81.2261,24.7757],[-81.231,24.7821]]],[[[-81.2808,24.6556],[-81.2432,24.674],[-81.26,24.6748],[-81.2808,24.6556]]],[[[-81.2956,24.7773],[-81.2857,24.7682],[-81.2878,24.7764],[-81.2956,24.7773]]],[[[-81.3143,24.7525],[-81.299,24.7436],[-81.3061,24.7571],[-81.3143,24.7525]]],[[[-81.3271,24.7639],[-81.3173,24.7568],[-81.3242,24.7671],[-81.3271,24.7639]]],[[[-81.3306,24.7295],[-81.2974,24.7167],[-81.3284,24.7503],[-81.3306,24.7295]]],[[[-81.3422,24.7392],[-81.3321,24.7327],[-81.3336,24.7442],[-81.3422,24.7392]]],[[[-81.356,25.7035],[-81.3382,25.6929],[-81.3412,25.7126],[-81.356,25.7035]]],[[[-81.4443,24.6353],[-81.4409,24.633],[-81.4417,24.636],[-81.4443,24.6353]]],[[[-81.4828,24.6181],[-81.4677,24.61],[-81.469,24.6132],[-81.4828,24.6181]]],[[[-81.8123,24.5673],[-81.8108,24.566],[-81.8096,24.5695],[-81.8123,24.5673]]],[[[-81.812,24.5488],[-81.2969,24.6554],[-81.4435,24.8134],[-81.7543,24.654],[-81.722,24.6067],[-81.812,24.5488]]],[[[-81.8153,24.5628],[-81.8123,24.5608],[-81.8128,24.5636],[-81.8153,24.5628]]],[[[-81.8931,24.5627],[-81.8882,24.5578],[-81.8837,24.5603],[-81.8931,24.5627]]],[[[-81.9235,24.6026],[-81.9195,24.6055],[-81.9231,24.6066],[-81.9235,24.6026]]],[[[-81.9251,24.5448],[-81.9249,24.54],[-81.9168,24.5454],[-81.9251,24.5448]]],[[[-81.9283,24.5292],[-81.9177,24.5305],[-81.9256,24.5329],[-81.9283,24.5292]]],[[[-81.9644,24.5251],[-81.9631,24.5213],[-81.9631,24.525],[-81.9644,24.5251]]],[[[-81.9789,24.5246],[-81.9682,24.5235],[-81.9709,24.527],[-81.9789,24.5246]]],[[[-82.0098,24.5349],[-82.0065,24.5274],[-81.9983,24.5309],[-82.0098,24.5349]]],[[[-82.1454,24.5899],[-82.1335,24.55],[-82.1013,24.5655],[-82.1454,24.5899]]],[[[-82.1489,24.5516],[-82.146,24.5489],[-82.1441,24.5513],[-82.1489,24.5516]]],[[[-82.1657,24.5566],[-82.1564,24.5491],[-82.1567,24.5661],[-82.1657,24.5566]]],[[[-82.2241,26.6029],[-82.1729,26.4677],[-82.0139,26.4521],[-82.1778,26.4922],[-82.2241,26.6029]]],[[[-82.2625,26.684],[-82.2211,26.6134],[-82.2461,26.7061],[-82.2625,26.684]]],[[[-82.4206,27.8465],[-82.4199,27.8436],[-82.4052,27.849],[-82.4206,27.8465]]],[[[-82.4375,27.867],[-82.4243,27.8682],[-82.4246,27.8842],[-82.4375,27.867]]],[[[-82.441,27.836],[-82.4322,27.8223],[-82.4312,27.8386],[-82.441,27.836]]],[[[-82.5767,27.6351],[-82.5692,27.6305],[-82.5727,27.6369],[-82.5767,27.6351]]],[[[-82.6955,27.6655],[-82.6951,27.6616],[-82.6856,27.6647],[-82.6955,27.6655]]],[[[-82.7573,28.8007],[-82.7367,28.7737],[-82.7238,28.7905],[-82.7573,28.8007]]],[[[-82.7642,27.5913],[-82.7561,27.5761],[-82.7615,27.6031],[-82.7642,27.5913]]],[[[-82.8007,28.175],[-82.8001,28.1732],[-82.7984,28.1739],[-82.8007,28.175]]],[[[-82.8043,28.1773],[-82.8043,28.1764],[-82.8016,28.1765],[-82.8043,28.1773]]],[[[-82.8061,28.1741],[-82.8061,28.173],[-82.8041,28.1731],[-82.8061,28.1741]]],[[[-82.8434,28.1195],[-82.8324,28.1067],[-82.8322,28.1291],[-82.8434,28.1195]]],[[[-82.8524,28.2102],[-82.8427,28.1638],[-82.8404,28.212],[-82.8524,28.2102]]],[[[-82.8752,24.6293],[-82.8629,24.6257],[-82.8633,24.6289],[-82.8752,24.6293]]],[[[-82.9243,24.6308],[-82.9261,24.6281],[-82.9167,24.6362],[-82.9243,24.6308]]],[[[-83.0345,29.1253],[-83.024,29.1193],[-83.0278,29.127],[-83.0345,29.1253]]],[[[-83.0345,29.0996],[-83.034,29.0955],[-83.0259,29.0963],[-83.0345,29.0996]]],[[[-83.076,29.1016],[-83.0654,29.0956],[-83.0599,29.0997],[-83.076,29.1016]]],[[[-83.0934,29.1318],[-83.0857,29.1202],[-83.0826,29.1289],[-83.0934,29.1318]]],[[[-83.83,29.973],[-83.829,29.9698],[-83.827,29.9711],[-83.83,29.973]]],[[[-84.6747,29.7862],[-84.6237,29.7885],[-84.5725,29.8285],[-84.6747,29.7862]]],[[[-85.0972,29.6262],[-84.9565,29.614],[-84.692,29.7649],[-84.9815,29.6086],[-85.0972,29.6262]]],[[[-85.2225,29.6793],[-85.1205,29.63],[-85.0743,29.674],[-85.2225,29.6793]]]]}},{"type":"Feature","properties":{"id":"new-jersey","name":"New Jersey","state":"NJ","fips":"34","source":"U.S. Census TIGERweb ACS2023 generalized state layer"},"geometry":{"type":"MultiPolygon","coordinates":[[[[-75.5589,39.6288],[-75.5364,39.4606],[-75.1514,39.19],[-74.8872,39.1588],[-74.9673,38.9334],[-74.7937,38.9941],[-74.0991,39.7568],[-73.9861,40.4544],[-74.2727,40.4884],[-74.1206,40.7171],[-74.1439,40.6436],[-74.0232,40.7199],[-73.8936,40.9972],[-74.6949,41.3574],[-74.795,41.3204],[-75.1306,40.9911],[-75.051,40.8657],[-75.1965,40.7516],[-75.2018,40.6172],[-74.7222,40.1499],[-75.1269,39.9611],[-75.1437,39.885],[-75.3544,39.8399],[-75.5589,39.6288]]],[[[-74.0422,40.7],[-74.0417,40.6964],[-74.039,40.6976],[-74.0422,40.7]]]]}},{"type":"Feature","properties":{"id":"new-mexico","name":"New Mexico","state":"NM","fips":"35","source":"U.S. Census TIGERweb ACS2023 generalized state layer"},"geometry":{"type":"Polygon","coordinates":[[[-109.0502,31.48],[-109.05,31.3325],[-108.2086,31.3334],[-108.2084,31.7836],[-106.5282,31.7831],[-106.6359,31.8662],[-106.6185,32.0005],[-103.0644,32.0005],[-103.0022,37.0001],[-109.0452,36.9991],[-109.0502,31.48]]]}},{"type":"Feature","properties":{"id":"south-dakota","name":"South Dakota","state":"SD","fips":"46","source":"U.S. Census TIGERweb ACS2023 generalized state layer"},"geometry":{"type":"Polygon","coordinates":[[[-104.0579,44.9976],[-104.053,43.0006],[-98.4986,42.9986],[-98.035,42.7642],[-97.8453,42.8677],[-97.2379,42.8531],[-96.6913,42.6562],[-96.6115,42.5061],[-96.4455,42.4906],[-96.6386,42.7349],[-96.4366,43.1208],[-96.4767,43.222],[-96.5685,43.2316],[-96.5216,43.3856],[-96.6026,43.4496],[-96.4533,43.5004],[-96.4531,45.2981],[-96.6925,45.4173],[-96.8578,45.606],[-96.5831,45.82],[-96.5637,45.9352],[-104.0454,45.9453],[-104.0579,44.9976]]]}},{"type":"Feature","properties":{"id":"california","name":"California","state":"CA","fips":"06","source":"U.S. Census TIGERweb ACS2023 generalized state layer"},"geometry":{"type":"MultiPolygon","coordinates":[[[[-124.4086,40.4432],[-124.3606,40.2572],[-123.8517,39.832],[-123.7665,39.5528],[-123.8277,39.3484],[-123.6912,39.0508],[-123.728,38.9194],[-122.9771,38.2679],[-123.0241,37.9949],[-122.8821,38.0253],[-122.5,37.8209],[-122.5043,37.8941],[-122.4383,37.8824],[-122.5051,37.9364],[-122.4473,37.9844],[-122.4975,38.1151],[-122.2828,38.0829],[-122.4301,37.9631],[-122.3114,37.8958],[-122.332,37.782],[-122.1676,37.6772],[-122.0386,37.4546],[-122.3785,37.6056],[-122.3877,37.7888],[-122.4768,37.8094],[-122.5195,37.5373],[-122.4009,37.3592],[-122.4051,37.1958],[-122.1352,36.9678],[-121.8623,36.9316],[-121.8137,36.6824],[-121.9768,36.5794],[-121.9027,36.3064],[-121.5008,35.9981],[-121.2865,35.6655],[-120.8848,35.4302],[-120.856,35.2065],[-120.6461,35.1439],[-120.6367,34.561],[-120.4528,34.4424],[-119.564,34.4153],[-119.1293,34.1008],[-118.8066,34.0004],[-118.5244,34.0307],[-118.3905,33.8388],[-118.4105,33.741],[-118.1327,33.7532],[-117.4698,33.2964],[-117.3125,33.087],[-117.2431,32.6645],[-117.1607,32.6657],[-117.1237,32.5344],[-114.5269,32.7571],[-114.469,32.9723],[-114.7065,33.0882],[-114.7253,33.405],[-114.5246,33.5522],[-114.5355,33.9347],[-114.4342,34.0874],[-114.1312,34.2627],[-114.3867,34.4579],[-114.4705,34.7114],[-114.6344,34.8729],[-114.6335,35.0019],[-117.5001,37.2204],[-120.001,38.9996],[-119.9992,41.9949],[-124.2116,41.9985],[-124.255,41.7782],[-124.1474,41.718],[-124.0661,41.4703],[-124.1654,41.1298],[-124.1118,41.0269],[-124.4086,40.4432]]],[[[-118.6044,33.4786],[-118.4654,33.3261],[-118.3051,33.3103],[-118.3703,33.4093],[-118.6044,33.4786]]],[[[-118.6105,33.0329],[-118.5062,32.853],[-118.3542,32.8209],[-118.6105,33.0329]]],[[[-119.047,33.4838],[-119.0337,33.4658],[-119.0285,33.4874],[-119.047,33.4838]]],[[[-119.3745,34.0142],[-119.3723,34.0121],[-119.3577,34.016],[-119.3745,34.0142]]],[[[-119.442,34.0136],[-119.3908,34.0029],[-119.3793,34.0096],[-119.442,34.0136]]],[[[-119.5773,33.2786],[-119.5462,33.2326],[-119.4344,33.227],[-119.5773,33.2786]]],[[[-119.9299,34.0597],[-119.8182,33.9599],[-119.5206,34.0343],[-119.9299,34.0597]]],[[[-120.2495,34.0025],[-120.1159,33.8944],[-119.9686,33.9429],[-120.0433,34.0358],[-120.2495,34.0025]]],[[[-120.4501,34.0342],[-120.3072,34.0224],[-120.3683,34.0765],[-120.4501,34.0342]]],[[[-122.3777,37.8305],[-122.3623,37.807],[-122.3629,37.8227],[-122.3777,37.8305]]],[[[-122.4252,37.8286],[-122.4207,37.8252],[-122.4202,37.8265],[-122.4252,37.8286]]],[[[-122.4451,37.8614],[-122.4186,37.8533],[-122.4301,37.8721],[-122.4451,37.8614]]],[[[-123.0139,37.7004],[-122.9988,37.6974],[-123.0035,37.7044],[-123.0139,37.7004]]],[[[-124.2175,41.9508],[-124.213,41.951],[-124.2162,41.9522],[-124.2175,41.9508]]]]}},{"type":"Feature","properties":{"id":"kentucky","name":"Kentucky","state":"KY","fips":"21","source":"U.S. Census TIGERweb ACS2023 generalized state layer"},"geometry":{"type":"MultiPolygon","coordinates":[[[[-89.4057,36.5282],[-88.0532,36.4971],[-88.0705,36.6781],[-83.6907,36.5826],[-83.1364,36.7431],[-83.0726,36.8546],[-82.8786,36.8896],[-82.7221,37.1202],[-82.3509,37.2671],[-81.965,37.543],[-82.1332,37.5528],[-82.1753,37.648],[-82.304,37.6758],[-82.5022,37.9331],[-82.4643,37.9834],[-82.6447,38.1655],[-82.5747,38.2639],[-82.6041,38.4598],[-82.8443,38.5909],[-82.8795,38.7515],[-83.2942,38.5966],[-83.521,38.703],[-83.6714,38.6274],[-83.8732,38.7624],[-84.2129,38.8057],[-84.4498,39.1178],[-84.6201,39.0735],[-84.7507,39.1474],[-84.8969,39.0575],[-84.8299,38.9694],[-84.877,38.909],[-84.7852,38.8804],[-84.8129,38.7861],[-85.173,38.688],[-85.4363,38.7285],[-85.4224,38.5329],[-85.6045,38.4408],[-85.6836,38.2955],[-85.8292,38.2765],[-85.9257,38.0218],[-86.0382,37.9596],[-86.2672,38.0568],[-86.3577,38.1988],[-86.3238,38.1384],[-86.4632,38.1193],[-86.5066,37.9307],[-86.6383,37.8427],[-86.8201,37.9994],[-87.0342,37.9063],[-87.111,37.7824],[-87.4133,37.9447],[-87.5115,37.9064],[-87.5962,37.9749],[-87.6459,37.8259],[-87.6791,37.903],[-87.9048,37.9249],[-87.9068,37.8076],[-88.028,37.7992],[-88.1594,37.6618],[-88.0678,37.4859],[-88.4766,37.3869],[-88.4606,37.0743],[-88.9341,37.2277],[-89.0865,37.1656],[-89.1814,37.0463],[-89.099,36.9614],[-89.1789,36.8314],[-89.1192,36.7598],[-89.1998,36.7342],[-89.1591,36.6664],[-89.2365,36.5668],[-89.3655,36.6251],[-89.4057,36.5282]]],[[[-89.5715,36.5526],[-89.5392,36.4979],[-89.4659,36.5299],[-89.5715,36.5526]]]]}},{"type":"Feature","properties":{"id":"alabama","name":"Alabama","state":"AL","fips":"01","source":"U.S. Census TIGERweb ACS2023 generalized state layer"},"geometry":{"type":"MultiPolygon","coordinates":[[[[-88.4732,31.8939],[-88.395,30.3694],[-88.1383,30.3133],[-88.0619,30.6436],[-87.9856,30.6775],[-87.9125,30.6158],[-87.9063,30.4094],[-87.7472,30.2878],[-88.0277,30.2236],[-87.4524,30.3002],[-87.5047,30.324],[-87.3682,30.4334],[-87.4477,30.5105],[-87.407,30.6752],[-87.6349,30.8659],[-87.5989,30.9975],[-85.0025,31.0007],[-85.1075,31.1865],[-85.0413,31.541],[-85.1407,31.8575],[-85.0611,32.1341],[-84.8891,32.2609],[-85.0071,32.3284],[-84.963,32.4242],[-85.1844,32.8613],[-85.6052,34.9847],[-88.203,35.008],[-88.0979,34.8922],[-88.4732,31.8939]]],[[[-88.0534,30.507],[-88.0243,30.4908],[-88.0292,30.5196],[-88.0534,30.507]]],[[[-88.2257,30.3216],[-88.2254,30.3199],[-88.2196,30.3214],[-88.2257,30.3216]]],[[[-88.2619,30.3351],[-88.2562,30.3251],[-88.2595,30.3668],[-88.2619,30.3351]]],[[[-88.3273,30.2299],[-88.0749,30.2491],[-88.1177,30.2791],[-88.3273,30.2299]]]]}},{"type":"Feature","properties":{"id":"arkansas","name":"Arkansas","state":"AR","fips":"05","source":"U.S. Census TIGERweb ACS2023 generalized state layer"},"geometry":{"type":"Polygon","coordinates":[[[-94.6179,36.4994],[-94.4307,35.3925],[-94.4859,33.6379],[-94.3817,33.544],[-94.0434,33.5523],[-94.043,33.0192],[-91.1661,33.0043],[-91.1212,33.0592],[-91.202,33.1231],[-91.0857,33.1372],[-91.0436,33.2746],[-91.1061,33.2418],[-91.1422,33.349],[-91.0581,33.4465],[-91.2081,33.402],[-91.1178,33.4581],[-91.2352,33.439],[-91.1826,33.4992],[-91.2334,33.5627],[-91.1287,33.6085],[-91.2306,33.6771],[-91.031,33.6794],[-91.1488,33.7314],[-90.9885,33.7845],[-91.0702,33.8453],[-91.0102,33.9316],[-91.0862,34.0064],[-90.9662,33.9647],[-90.9882,34.0192],[-90.8711,34.0812],[-90.9586,34.1355],[-90.8076,34.1618],[-90.9355,34.2378],[-90.8471,34.2061],[-90.738,34.2893],[-90.7644,34.3637],[-90.6693,34.313],[-90.5862,34.4092],[-90.5701,34.6934],[-90.5321,34.6273],[-90.4628,34.6841],[-90.5719,34.7128],[-90.5442,34.7917],[-90.4484,34.7391],[-90.4813,34.8811],[-90.3074,34.8462],[-90.2413,34.919],[-90.297,35.0382],[-90.0652,35.1394],[-90.1688,35.2791],[-90.0786,35.3806],[-90.1689,35.4219],[-90.1005,35.4781],[-90.0543,35.3893],[-90.0033,35.4296],[-90.0283,35.5553],[-89.9089,35.5142],[-89.9566,35.5906],[-89.8512,35.6574],[-89.9583,35.7266],[-89.6965,35.8206],[-89.7431,35.9112],[-89.642,35.8956],[-89.7331,36.0008],[-90.3779,35.9957],[-90.064,36.303],[-90.1525,36.498],[-94.6179,36.4994]]]}},{"type":"Feature","properties":{"id":"pennsylvania","name":"Pennsylvania","state":"PA","fips":"42","source":"U.S. Census TIGERweb ACS2023 generalized state layer"},"geometry":{"type":"Polygon","coordinates":[[[-80.5199,40.9067],[-80.5193,39.7214],[-75.7738,39.7222],[-75.6347,39.8302],[-75.4151,39.8019],[-75.1437,39.885],[-75.1269,39.9611],[-74.7244,40.1464],[-75.0588,40.4181],[-75.2039,40.6915],[-75.051,40.8657],[-75.1306,40.9911],[-74.6895,41.3638],[-74.9833,41.4809],[-75.0746,41.6057],[-75.0722,41.8137],[-75.2605,41.8638],[-75.3596,41.9994],[-79.7614,41.9991],[-79.762,42.2699],[-80.5194,41.9772],[-80.5199,40.9067]]]}},{"type":"Feature","properties":{"id":"missouri","name":"Missouri","state":"MO","fips":"29","source":"U.S. Census TIGERweb ACS2023 generalized state layer"},"geometry":{"type":"Polygon","coordinates":[[[-95.7735,40.5782],[-95.6558,40.5466],[-95.6573,40.3109],[-95.4775,40.2427],[-95.4073,40.0331],[-95.1282,39.8742],[-94.9296,39.8888],[-94.8759,39.8133],[-94.9353,39.7756],[-94.8629,39.743],[-94.9653,39.7391],[-95.1093,39.5423],[-94.885,39.3898],[-94.8238,39.2099],[-94.5884,39.1499],[-94.6179,36.4994],[-90.1525,36.498],[-90.064,36.303],[-90.3779,35.9957],[-89.7069,36.001],[-89.5916,36.1441],[-89.7035,36.2434],[-89.5347,36.2526],[-89.6203,36.323],[-89.5097,36.3736],[-89.5632,36.5687],[-89.4791,36.5682],[-89.4642,36.4572],[-89.3655,36.6251],[-89.2365,36.5668],[-89.1591,36.6664],[-89.1998,36.7342],[-89.1192,36.7598],[-89.1789,36.8314],[-89.0996,36.9645],[-89.2549,37.072],[-89.3083,37.0684],[-89.2786,36.9887],[-89.3839,37.0464],[-89.5183,37.2855],[-89.4211,37.3877],[-89.5143,37.6899],[-89.8426,37.9052],[-89.9506,37.8815],[-89.9251,37.96],[-90.3596,38.2245],[-90.3682,38.3403],[-90.1094,38.8435],[-90.4064,38.9626],[-90.5666,38.8688],[-90.6635,38.9274],[-90.73,39.2559],[-91.37,39.7325],[-91.5103,40.128],[-91.4194,40.3783],[-91.7291,40.6136],[-95.7735,40.5782]]]}},{"type":"Feature","properties":{"id":"colorado","name":"Colorado","state":"CO","fips":"08","source":"U.S. Census TIGERweb ACS2023 generalized state layer"},"geometry":{"type":"Polygon","coordinates":[[[-109.0603,38.5993],[-109.0452,36.9991],[-102.0421,36.993],[-102.0516,41.0024],[-109.0501,41.0007],[-109.0603,38.5993]]]}}]}
