{
  "type": "FeatureCollection",
  "name": "proof-sheet-rivers",
  "sourceStatus": "verified-natural-earth-10m",
  "sourceDataset": "Natural Earth 10m Rivers, lake centerlines",
  "sourceUrl": "https://naciscdn.org/naturalearth/10m/physical/ne_10m_rivers_lake_centerlines.zip",
  "deferredFeatures": [
    {
      "id": "red-river",
      "label": "Red River",
      "reason": "Natural Earth's record 409 is named Red of the South but its geometry is around 46-50 degrees north; the North America supplement has no verified main-stem Red River of the South feature."
    }
  ],
  "features": [
    {
      "type": "Feature",
      "properties": {
        "id": "arkansas-river",
        "label": "Arkansas River",
        "name": "Arkansas River",
        "sourceName": "Arkansas",
        "type": "river",
        "kind": "river",
        "sourceDataset": "Natural Earth 10m Rivers, lake centerlines",
        "sourceFile": "ne_10m_rivers_lake_centerlines.shp",
        "sourceUrl": "https://naciscdn.org/naturalearth/10m/physical/ne_10m_rivers_lake_centerlines.zip",
        "naturalEarthFeatureClass": "River",
        "naturalEarthRiverNumber": 131,
        "naturalEarthRiverNumbers": [
          131
        ],
        "naturalEarthId": 1159112219,
        "naturalEarthIds": [
          1159112219
        ],
        "sourceRecords": [
          {
            "naturalEarthId": 1159112219,
            "naturalEarthRiverNumber": 131,
            "featureClass": "River",
            "sourceName": "Arkansas",
            "partStart": 0,
            "partCount": 1,
            "bounds": [
              -106.38078613281249,
              33.79328034061915,
              -91.06584472656245,
              39.222357489056606
            ]
          }
        ],
        "playableExposure": {
          "status": "memory-trail",
          "reason": "Verified Natural Earth geometry is accepted for normal Memory Trail use."
        },
        "lineWidthPx": 2,
        "highlightWidthPx": 5,
        "hitWidthPx": 30
      },
      "geometry": {
        "type": "LineString",
        "coordinates": [
          [
            -106.38078613281249,
            39.222357489056606
          ],
          [
            -106.36479492187506,
            39.18165924686903
          ],
          [
            -106.30815429687492,
            39.112860418744035
          ],
          [
            -106.28581542968739,
            39.07770416874412
          ],
          [
            -106.27177734374987,
            39.03717682499412
          ],
          [
            -106.26054687499993,
            39.02216217655666
          ],
          [
            -106.24077148437485,
            39.016302801556705
          ],
          [
            -106.22148437500007,
            39.003924871869074
          ],
          [
            -106.20537109375005,
            38.97521393436913
          ],
          [
            -106.14755859375013,
            38.820624090619184
          ],
          [
            -106.14599609375006,
            38.80871002811906
          ],
          [
            -106.14641113281255,
            38.78693268436916
          ],
          [
            -106.14501953125009,
            38.77648346561906
          ],
          [
            -106.14023437500005,
            38.766229559369236
          ],
          [
            -106.13085937499991,
            38.75433991093166
          ],
          [
            -106.10783691406259,
            38.7329287781192
          ],
          [
            -106.09624023437512,
            38.724139715619046
          ],
          [
            -106.08920898437489,
            38.71735260624412
          ],
          [
            -106.08520507812507,
            38.70983307499418
          ],
          [
            -106.0701171874999,
            38.6618838562441
          ],
          [
            -106.06918945312506,
            38.64472077030652
          ],
          [
            -106.07268066406264,
            38.626288153119106
          ],
          [
            -106.07983398437509,
            38.609002996869165
          ],
          [
            -106.08994140625,
            38.595160223431684
          ],
          [
            -106.0907470703124,
            38.57750885624402
          ],
          [
            -106.06884765624991,
            38.56154205936912
          ],
          [
            -105.79858398437489,
            38.417352606244165
          ],
          [
            -105.78093261718746,
            38.40497467655662
          ],
          [
            -105.75834960937505,
            38.38312409061898
          ],
          [
            -105.74609374999997,
            38.374335028119205
          ],
          [
            -105.73125000000006,
            38.36945221561901
          ],
          [
            -105.71411132812489,
            38.370233465619116
          ],
          [
            -105.62248535156239,
            38.41334869999405
          ],
          [
            -105.5915527343749,
            38.436542059369046
          ],
          [
            -105.57456054687486,
            38.44640534061914
          ],
          [
            -105.55656738281246,
            38.45160553593146
          ],
          [
            -105.54746093750009,
            38.45123932499399
          ],
          [
            -105.52890624999988,
            38.446722723431705
          ],
          [
            -105.51970214843749,
            38.44581940311914
          ],
          [
            -105.50400390625003,
            38.448797918744205
          ],
          [
            -105.46630859374997,
            38.47235748905661
          ],
          [
            -105.45200195312482,
            38.477118231244155
          ],
          [
            -105.43718261718749,
            38.47877838749402
          ],
          [
            -105.37822265624997,
            38.47601959843155
          ],
          [
            -105.36801757812499,
            38.47333405155652
          ],
          [
            -105.31572265624995,
            38.44599030155671
          ],
          [
            -105.29296874999996,
            38.4409854187442
          ],
          [
            -105.26933593749997,
            38.43971588749418
          ],
          [
            -105.20781250000009,
            38.44696686405659
          ],
          [
            -105.16691894531264,
            38.433417059369134
          ],
          [
            -105.10620117187509,
            38.43121979374408
          ],
          [
            -104.99760742187502,
            38.40827057499402
          ],
          [
            -104.9820312500001,
            38.40192291874401
          ],
          [
            -104.9575683593751,
            38.38471100468156
          ],
          [
            -104.8907958984374,
            38.31740143436914
          ],
          [
            -104.87468261718742,
            38.307147528119195
          ],
          [
            -104.85698242187513,
            38.29840729374412
          ],
          [
            -104.83647460937505,
            38.29230377811919
          ],
          [
            -104.81193847656253,
            38.29005768436921
          ],
          [
            -104.80327148437513,
            38.287469793743995
          ],
          [
            -104.79370117187494,
            38.28119537968169
          ],
          [
            -104.77783203125016,
            38.265887762494074
          ],
          [
            -104.76860351562506,
            38.26117584843172
          ],
          [
            -104.73796386718747,
            38.256610418744216
          ],
          [
            -104.61376953124991,
            38.257391668744084
          ],
          [
            -104.44492187499993,
            38.26740143436909
          ],
          [
            -104.34238281250008,
            38.25910065311916
          ],
          [
            -104.29125976562509,
            38.25939362186921
          ],
          [
            -104.27221679687491,
            38.25299713749424
          ],
          [
            -104.21928710937516,
            38.21161530155656
          ],
          [
            -104.19145507812503,
            38.19916412968151
          ],
          [
            -104.07504882812498,
            38.173944403119094
          ],
          [
            -103.93864746093737,
            38.14777252811915
          ],
          [
            -103.7986328125001,
            38.13585846561917
          ],
          [
            -103.75175781249992,
            38.12396881718172
          ],
          [
            -103.70947265625004,
            38.10663483280659
          ],
          [
            -103.608251953125,
            38.04137604374402
          ],
          [
            -103.57658691406249,
            38.028509832806535
          ],
          [
            -103.541259765625,
            38.02216217655647
          ],
          [
            -103.50097656249997,
            38.0226504578067
          ],
          [
            -103.48193359375004,
            38.02540924686926
          ],
          [
            -103.46826171875,
            38.02985260624409
          ],
          [
            -103.457275390625,
            38.03595612186905
          ],
          [
            -103.44633789062505,
            38.04376862186917
          ],
          [
            -103.43027343750013,
            38.05226471561916
          ],
          [
            -103.39494628906243,
            38.06513092655664
          ],
          [
            -103.38085937500011,
            38.0744815124941
          ],
          [
            -103.35717773437501,
            38.08375885624416
          ],
          [
            -103.2461914062499,
            38.100653387494134
          ],
          [
            -103.2375488281249,
            38.09943268436905
          ],
          [
            -103.22055664062495,
            38.09430573124423
          ],
          [
            -103.2120849609376,
            38.09320709843168
          ],
          [
            -103.20488281250014,
            38.09430573124415
          ],
          [
            -103.18749999999989,
            38.09943268436908
          ],
          [
            -103.17797851562506,
            38.10065338749416
          ],
          [
            -103.15869140625003,
            38.097845770306755
          ],
          [
            -103.14184570312513,
            38.0926455749942
          ],
          [
            -103.12504882812499,
            38.0896182312442
          ],
          [
            -103.10595703125,
            38.09320709843174
          ],
          [
            -102.90666503906236,
            38.09320709843162
          ],
          [
            -102.86401367187507,
            38.10639069218156
          ],
          [
            -102.8414062500001,
            38.10797760624414
          ],
          [
            -102.8179687499999,
            38.10065338749419
          ],
          [
            -102.7971191406249,
            38.110296942181435
          ],
          [
            -102.77451171875012,
            38.11168854374412
          ],
          [
            -102.72543945312505,
            38.10744049686904
          ],
          [
            -102.71704101562506,
            38.10956452030672
          ],
          [
            -102.70170898437512,
            38.11896393436899
          ],
          [
            -102.69133300781245,
            38.12111237186912
          ],
          [
            -102.67961425781242,
            38.11998932499401
          ],
          [
            -102.65854492187493,
            38.11554596561918
          ],
          [
            -102.64658203125002,
            38.114862371869194
          ],
          [
            -102.56096191406263,
            38.127948309369216
          ],
          [
            -102.49218750000011,
            38.120794989056634
          ],
          [
            -102.32976074218753,
            38.12389557499421
          ],
          [
            -102.28288574218763,
            38.11486237186902
          ],
          [
            -102.2134277343749,
            38.084173895306535
          ],
          [
            -102.18767089843753,
            38.07643463749418
          ],
          [
            -102.16831054687508,
            38.06276276249402
          ],
          [
            -102.15690917968747,
            38.0596377624941
          ],
          [
            -102.10539550781256,
            38.05963776249422
          ],
          [
            -101.95556640625003,
            38.039007879681535
          ],
          [
            -101.8032714843748,
            37.995965887494144
          ],
          [
            -101.68413085937489,
            37.966180731244165
          ],
          [
            -101.5241699218751,
            37.93712799686916
          ],
          [
            -101.39218749999998,
            37.89171784061908
          ],
          [
            -101.346923828125,
            37.889422918744195
          ],
          [
            -101.30546874999982,
            37.89806549686921
          ],
          [
            -101.22778320312506,
            37.93268463749421
          ],
          [
            -101.18291015625,
            37.96295807499407
          ],
          [
            -101.16318359374995,
            37.966864324994006
          ],
          [
            -101.13999023437488,
            37.96828034061913
          ],
          [
            -101.12167968749995,
            37.972479559369106
          ],
          [
            -101.08374023437484,
            37.98790924686914
          ],
          [
            -101.03911132812482,
            37.997430731244194
          ],
          [
            -100.99584960937514,
            37.99213287968166
          ],
          [
            -100.90624999999994,
            37.96686432499418
          ],
          [
            -100.83159179687485,
            37.962713934369134
          ],
          [
            -100.81005859375,
            37.95631744999413
          ],
          [
            -100.63828125000008,
            37.881122137494046
          ],
          [
            -100.59392089843745,
            37.86896393436915
          ],
          [
            -100.49707031249999,
            37.857440496869074
          ],
          [
            -100.36499023437489,
            37.8091494812442
          ],
          [
            -100.15971679687493,
            37.79242584843151
          ],
          [
            -100.09062499999992,
            37.768182684369236
          ],
          [
            -99.9869873046874,
            37.74774811405649
          ],
          [
            -99.94353027343757,
            37.74147369999419
          ],
          [
            -99.83740234375009,
            37.69928619999418
          ],
          [
            -99.74821777343753,
            37.678973699994216
          ],
          [
            -99.65185546875001,
            37.672626043744
          ],
          [
            -99.6013671874999,
            37.67995026249415
          ],
          [
            -99.57036132812493,
            37.70014069218165
          ],
          [
            -99.4868652343751,
            37.80951569218166
          ],
          [
            -99.35185546874995,
            37.956366278119205
          ],
          [
            -99.23837890624984,
            38.05797760624415
          ],
          [
            -99.09008789062511,
            38.179706121869046
          ],
          [
            -99.04575195312484,
            38.18537018436908
          ],
          [
            -99.00415039062509,
            38.20758698124408
          ],
          [
            -98.8594726562501,
            38.31110260624418
          ],
          [
            -98.819677734375,
            38.33356354374411
          ],
          [
            -98.77475585937508,
            38.35101959843162
          ],
          [
            -98.67985839843737,
            38.36127350468159
          ],
          [
            -98.5858642578126,
            38.34430573124402
          ],
          [
            -98.4990234375,
            38.30983307499419
          ],
          [
            -98.38852539062505,
            38.24791901249395
          ],
          [
            -98.26767578125009,
            38.20704987186906
          ],
          [
            -98.20683593750009,
            38.17614166874412
          ],
          [
            -98.15502929687513,
            38.16913483280662
          ],
          [
            -98.13371582031264,
            38.16120026249414
          ],
          [
            -97.95297851562512,
            38.04254791874409
          ],
          [
            -97.81430664062509,
            37.976141668744035
          ],
          [
            -97.56755371093735,
            37.867499090619155
          ],
          [
            -97.55200195312507,
            37.864374090619094
          ],
          [
            -97.53549804687509,
            37.85875885624425
          ],
          [
            -97.50522460937489,
            37.83185455936919
          ],
          [
            -97.48686523437505,
            37.82282135624408
          ],
          [
            -97.47958984374985,
            37.822381903119094
          ],
          [
            -97.466845703125,
            37.82416412968175
          ],
          [
            -97.45891113281247,
            37.82282135624408
          ],
          [
            -97.45402832031237,
            37.82086823124405
          ],
          [
            -97.41733398437492,
            37.79845612186904
          ],
          [
            -97.40800781250002,
            37.796161199994074
          ],
          [
            -97.39775390625007,
            37.78576080936911
          ],
          [
            -97.37016601562506,
            37.71979401249406
          ],
          [
            -97.3446533203126,
            37.69884674686922
          ],
          [
            -97.33366699218757,
            37.684344793744145
          ],
          [
            -97.32919921875008,
            37.661737371869094
          ],
          [
            -97.32480468750009,
            37.65148346561915
          ],
          [
            -97.3056640624999,
            37.633075262494216
          ],
          [
            -97.30126953125009,
            37.627630926556634
          ],
          [
            -97.29501953124988,
            37.58258698124423
          ],
          [
            -97.28623046874993,
            37.56554596561904
          ],
          [
            -97.27465820312504,
            37.55040924686908
          ],
          [
            -97.26457519531253,
            37.53363678593158
          ],
          [
            -97.25683593750003,
            37.48986237186912
          ],
          [
            -97.24821777343749,
            37.469256903119145
          ],
          [
            -97.23710937499987,
            37.45172760624426
          ],
          [
            -97.226171875,
            37.43922760624414
          ],
          [
            -97.19560546875007,
            37.41828034061895
          ],
          [
            -97.18295898437495,
            37.40363190311919
          ],
          [
            -97.13200683593743,
            37.208563543744084
          ],
          [
            -97.12065429687496,
            37.19257233280663
          ],
          [
            -97.11069335937509,
            37.174188543744194
          ],
          [
            -97.10947265624986,
            37.151874090619074
          ],
          [
            -97.1137695312499,
            37.14684479374418
          ],
          [
            -97.11997070312512,
            37.14642975468146
          ],
          [
            -97.12456054687509,
            37.14325592655662
          ],
          [
            -97.12370605468745,
            37.13014557499413
          ],
          [
            -97.118505859375,
            37.11786530155654
          ],
          [
            -97.11108398437486,
            37.11183502811907
          ],
          [
            -97.10205078124993,
            37.107294012494116
          ],
          [
            -97.04687500000011,
            37.06300690311909
          ],
          [
            -97.03442382812491,
            37.054999090619035
          ],
          [
            -97.01230468749992,
            37.04938385624399
          ],
          [
            -96.961767578125,
            37.04835846561918
          ],
          [
            -96.94157714843736,
            37.03859284061903
          ],
          [
            -96.92929687499995,
            37.01759674686906
          ],
          [
            -96.93090820312501,
            36.9970889343692
          ],
          [
            -96.94499511718745,
            36.95265534061915
          ],
          [
            -96.94614257812498,
            36.92926666874415
          ],
          [
            -96.94304199218739,
            36.90851471561903
          ],
          [
            -96.93486328125014,
            36.89008209843169
          ],
          [
            -96.92106933593764,
            36.87379791874413
          ],
          [
            -96.91147460937493,
            36.858172918744145
          ],
          [
            -96.92393853691044,
            36.83321469829754
          ],
          [
            -96.9233218757403,
            36.809675796176215
          ],
          [
            -96.90581514275391,
            36.7903714727248
          ],
          [
            -96.8812375246737,
            36.77904209556526
          ],
          [
            -96.86184419991258,
            36.7803712558637
          ],
          [
            -96.84720634993425,
            36.77768759647128
          ],
          [
            -96.84453306616899,
            36.767922041421514
          ],
          [
            -96.85639526014812,
            36.75691738618331
          ],
          [
            -96.86899414062488,
            36.75011627811921
          ],
          [
            -96.89853034083157,
            36.74340196069283
          ],
          [
            -96.9090915029653,
            36.729470656506685
          ],
          [
            -96.9071533203126,
            36.71613190311911
          ],
          [
            -96.92656249999985,
            36.700262762493956
          ],
          [
            -96.94768066406257,
            36.69459869999407
          ],
          [
            -96.97014160156263,
            36.695502020306556
          ],
          [
            -96.993408203125,
            36.699335028119094
          ],
          [
            -97.01274414062485,
            36.70001862186907
          ],
          [
            -97.04038085937505,
            36.69684479374419
          ],
          [
            -97.05917968750006,
            36.68720123905655
          ],
          [
            -97.05144042968747,
            36.668329168744144
          ],
          [
            -97.04191894531237,
            36.650946356243914
          ],
          [
            -97.04111328124999,
            36.61163971561919
          ],
          [
            -97.03442382812503,
            36.596307684368995
          ],
          [
            -96.99389648437494,
            36.587591864056584
          ],
          [
            -96.93872070312489,
            36.59210846561922
          ],
          [
            -96.89877929687515,
            36.59010651249403
          ],
          [
            -96.90405273437514,
            36.56159088749398
          ],
          [
            -96.91977539062493,
            36.54962799686919
          ],
          [
            -96.94248046875008,
            36.541083074994035
          ],
          [
            -96.96745605468746,
            36.535956121869134
          ],
          [
            -96.98999023437491,
            36.53424713749423
          ],
          [
            -97.005615234375,
            36.52558014530658
          ],
          [
            -97.00200195312487,
            36.505877996869145
          ],
          [
            -96.98974609374997,
            36.48522369999401
          ],
          [
            -96.97910156250012,
            36.47345612186916
          ],
          [
            -96.93852539062499,
            36.4595889343691
          ],
          [
            -96.90122070312508,
            36.46747467655656
          ],
          [
            -96.86704101562508,
            36.488592840619205
          ],
          [
            -96.7773925781249,
            36.56530182499408
          ],
          [
            -96.75822753906257,
            36.572088934369184
          ],
          [
            -96.74138183593747,
            36.559588934369
          ],
          [
            -96.71843261718739,
            36.52125885624416
          ],
          [
            -96.71171875000005,
            36.50629303593152
          ],
          [
            -96.7077636718751,
            36.49030182499418
          ],
          [
            -96.70541992187503,
            36.44923737186918
          ],
          [
            -96.69511718750007,
            36.43939850468152
          ],
          [
            -96.62285156250009,
            36.43248932499403
          ],
          [
            -96.60820312499985,
            36.42174713749421
          ],
          [
            -96.59147949218745,
            36.40412018436898
          ],
          [
            -96.57421875,
            36.39105866093159
          ],
          [
            -96.55795898437493,
            36.39430573124416
          ],
          [
            -96.53891601562486,
            36.40680573124402
          ],
          [
            -96.53222656250011,
            36.398016668744134
          ],
          [
            -96.53417968749994,
            36.37799713749408
          ],
          [
            -96.5480957031251,
            36.338641668744074
          ],
          [
            -96.55083007812502,
            36.32067291874416
          ],
          [
            -96.54265136718746,
            36.30695221561923
          ],
          [
            -96.5170166015625,
            36.301532293744
          ],
          [
            -96.51035156249986,
            36.30578034061902
          ],
          [
            -96.49243164062499,
            36.32453034061899
          ],
          [
            -96.48259277343745,
            36.32887604374416
          ],
          [
            -96.46269531250006,
            36.328680731244006
          ],
          [
            -96.45512695312502,
            36.3269229187441
          ],
          [
            -96.44340661104971,
            36.30611114853343
          ],
          [
            -96.4200256601862,
            36.281893510987814
          ],
          [
            -96.39198564412732,
            36.26558580978288
          ],
          [
            -96.37726810727281,
            36.252039402883234
          ],
          [
            -96.35286342504486,
            36.23567261706843
          ],
          [
            -96.30460022898639,
            36.232363952653444
          ],
          [
            -96.2792318970672,
            36.228753198900506
          ],
          [
            -96.25712890624997,
            36.22301666874408
          ],
          [
            -96.24762956592376,
            36.212450082186635
          ],
          [
            -96.26043234053002,
            36.18579065430447
          ],
          [
            -96.26752372329794,
            36.17785089018005
          ],
          [
            -96.27345990501065,
            36.17286980483144
          ],
          [
            -96.27446323235154,
            36.161077285706426
          ],
          [
            -96.25664062500003,
            36.154413153119144
          ],
          [
            -96.24853515625001,
            36.15326569218175
          ],
          [
            -96.20573730468753,
            36.15814850468148
          ],
          [
            -96.18505859375007,
            36.15668366093159
          ],
          [
            -96.14257812499994,
            36.146844793743995
          ],
          [
            -96.11918945312512,
            36.144476629681535
          ],
          [
            -96.0488769531249,
            36.15180084843149
          ],
          [
            -96.0270263671876,
            36.150702215619106
          ],
          [
            -95.99487304687509,
            36.131952215619094
          ],
          [
            -95.9804687500001,
            36.096991278119134
          ],
          [
            -95.97202148437495,
            36.054632879681606
          ],
          [
            -95.95810546875002,
            36.01349518436908
          ],
          [
            -95.94931640624988,
            36.00177643436922
          ],
          [
            -95.93535156250005,
            35.988470770306584
          ],
          [
            -95.91813964843746,
            35.97765534061913
          ],
          [
            -95.90007324218749,
            35.973163153119046
          ],
          [
            -95.88310546874995,
            35.966986395306705
          ],
          [
            -95.86906738281255,
            35.95380280155673
          ],
          [
            -95.85239257812502,
            35.9415225281192
          ],
          [
            -95.82773437500009,
            35.93842194218158
          ],
          [
            -95.80737304687493,
            35.945428778119016
          ],
          [
            -95.79516601562509,
            35.95314362186919
          ],
          [
            -95.78312988281255,
            35.95265534061913
          ],
          [
            -95.7388183593751,
            35.91632721561899
          ],
          [
            -95.71965332031249,
            35.91583893436905
          ],
          [
            -95.70078125000005,
            35.922430731244035
          ],
          [
            -95.67753906250002,
            35.92475006718167
          ],
          [
            -95.65019531249993,
            35.90375397343158
          ],
          [
            -95.64160156249997,
            35.818622137494145
          ],
          [
            -95.62290039062512,
            35.78693268436908
          ],
          [
            -95.60019531250003,
            35.78004791874405
          ],
          [
            -95.57890624999985,
            35.78356354374402
          ],
          [
            -95.55810546874997,
            35.79059479374407
          ],
          [
            -95.52592773437493,
            35.79669830936902
          ],
          [
            -95.50529785156232,
            35.806463934369056
          ],
          [
            -95.49565429687513,
            35.80866119999422
          ],
          [
            -95.44482421875004,
            35.80121491093175
          ],
          [
            -95.42595214843757,
            35.80341217655662
          ],
          [
            -95.38671875000003,
            35.81276276249417
          ],
          [
            -95.3656494140626,
            35.81488678593162
          ],
          [
            -95.34897460937508,
            35.812567449994155
          ],
          [
            -95.3282958984375,
            35.80634186405668
          ],
          [
            -95.31005859374989,
            35.79743073124405
          ],
          [
            -95.30078124999991,
            35.78693268436908
          ],
          [
            -95.29680175781235,
            35.760760809369216
          ],
          [
            -95.28134765624992,
            35.75604889530669
          ],
          [
            -95.26103515624983,
            35.75751373905672
          ],
          [
            -95.24211425781247,
            35.74970123905668
          ],
          [
            -95.2316894531251,
            35.729559637494035
          ],
          [
            -95.23876953125009,
            35.71503327030669
          ],
          [
            -95.25371093749985,
            35.70172760624402
          ],
          [
            -95.26665039062502,
            35.68517487186902
          ],
          [
            -95.27226562499992,
            35.66522858280668
          ],
          [
            -95.27148437500003,
            35.64508698124406
          ],
          [
            -95.2638427734375,
            35.62518952030661
          ],
          [
            -95.24895019531243,
            35.606024481244134
          ],
          [
            -95.22924804687501,
            35.59760162968166
          ],
          [
            -95.19084472656246,
            35.60997955936902
          ],
          [
            -95.17045898437485,
            35.60260651249397
          ],
          [
            -95.13566894531259,
            35.53095123905655
          ],
          [
            -95.12753906250009,
            35.52111237186901
          ],
          [
            -95.07487792968746,
            35.47228424686908
          ],
          [
            -95.04223632812503,
            35.45021393436899
          ],
          [
            -95.01019412977067,
            35.424750826693185
          ],
          [
            -94.8605957031248,
            35.364276434369216
          ],
          [
            -94.84489746093753,
            35.35280182499422
          ],
          [
            -94.82675781249995,
            35.34777252811901
          ],
          [
            -94.75205078124986,
            35.362420965619
          ],
          [
            -94.72934570312513,
            35.3586611999942
          ],
          [
            -94.70805664062497,
            35.35036041874409
          ],
          [
            -94.68913574218737,
            35.338739324994066
          ],
          [
            -94.67326660156236,
            35.32521393436915
          ],
          [
            -94.6625976562499,
            35.30499909061919
          ],
          [
            -94.65917968749997,
            35.28754303593157
          ],
          [
            -94.6519531249999,
            35.28278229374402
          ],
          [
            -94.6298095703125,
            35.300970770306535
          ],
          [
            -94.60283203124987,
            35.332709051556535
          ],
          [
            -94.58525390625016,
            35.33917877811905
          ],
          [
            -94.5640136718751,
            35.32521393436904
          ],
          [
            -94.54882812499989,
            35.312127996868995
          ],
          [
            -94.5292236328124,
            35.303778387494084
          ],
          [
            -94.51059570312512,
            35.305194403118975
          ],
          [
            -94.49821777343755,
            35.32147858280656
          ],
          [
            -94.49748535156243,
            35.363470770306535
          ],
          [
            -94.48930664062493,
            35.378363348431705
          ],
          [
            -94.46098632812506,
            35.384149481244144
          ],
          [
            -94.43906250000008,
            35.39105866093169
          ],
          [
            -94.42954101562499,
            35.40766022343159
          ],
          [
            -94.42294921875012,
            35.427557684369184
          ],
          [
            -94.41008300781249,
            35.44435455936909
          ],
          [
            -94.4026367187499,
            35.45177643436908
          ],
          [
            -94.37875976562509,
            35.437811590619184
          ],
          [
            -94.36059570312491,
            35.41950104374418
          ],
          [
            -94.3312988281249,
            35.38043854374402
          ],
          [
            -94.31235351562486,
            35.36688873905662
          ],
          [
            -94.28867187499993,
            35.36193268436906
          ],
          [
            -94.22246093750005,
            35.363153387493966
          ],
          [
            -94.15234375,
            35.373895574994116
          ],
          [
            -94.141943359375,
            35.376727606244216
          ],
          [
            -94.127734375,
            35.39264557499419
          ],
          [
            -94.13549804687489,
            35.410272528119044
          ],
          [
            -94.14721679687484,
            35.429022528119006
          ],
          [
            -94.14477539062497,
            35.44835846561906
          ],
          [
            -94.13859863281247,
            35.453192449994084
          ],
          [
            -94.13193359374986,
            35.45421784061901
          ],
          [
            -94.12492675781252,
            35.45372955936913
          ],
          [
            -94.11748046874986,
            35.4540469421817
          ],
          [
            -94.1083984375001,
            35.45636627811919
          ],
          [
            -94.10141601562503,
            35.459540106244184
          ],
          [
            -94.06694335937499,
            35.48126862186912
          ],
          [
            -94.04777832031237,
            35.48908112186905
          ],
          [
            -94.02768554687492,
            35.492621160931535
          ],
          [
            -93.94272460937509,
            35.49132721561902
          ],
          [
            -93.92246093750003,
            35.494989324994194
          ],
          [
            -93.916064453125,
            35.49782135624403
          ],
          [
            -93.90380859374987,
            35.50573151249422
          ],
          [
            -93.89714355468755,
            35.50787994999405
          ],
          [
            -93.87321777343756,
            35.50490143436913
          ],
          [
            -93.84765624999997,
            35.493426824994216
          ],
          [
            -93.82529296874989,
            35.47650787968155
          ],
          [
            -93.81088867187498,
            35.457464910931606
          ],
          [
            -93.80786132812513,
            35.44769928593169
          ],
          [
            -93.80419921874994,
            35.42731354374427
          ],
          [
            -93.79997558593749,
            35.41766998905656
          ],
          [
            -93.782958984375,
            35.399481512494056
          ],
          [
            -93.76303710937482,
            35.39166901249408
          ],
          [
            -93.62866210937509,
            35.39032623905658
          ],
          [
            -93.60913085937491,
            35.39459869999407
          ],
          [
            -93.55576171875009,
            35.41974518436906
          ],
          [
            -93.51885883063201,
            35.419501882632275
          ],
          [
            -93.47238891856438,
            35.43491453722009
          ],
          [
            -93.44234284716744,
            35.42788168430273
          ],
          [
            -93.43012698893796,
            35.41745610740528
          ],
          [
            -93.41711782575214,
            35.40262806989968
          ],
          [
            -93.41211269964602,
            35.38719044127598
          ],
          [
            -93.39887695312486,
            35.36920807499402
          ],
          [
            -93.38701840124197,
            35.35680997156196
          ],
          [
            -93.3572753906251,
            35.35590241093168
          ],
          [
            -93.33018792684408,
            35.35956112098853
          ],
          [
            -93.30461743049992,
            35.352559695831104
          ],
          [
            -93.28281250000008,
            35.336542059369094
          ],
          [
            -93.18603515625004,
            35.266913153119035
          ],
          [
            -93.16191406249996,
            35.24489166874405
          ],
          [
            -93.13237304687509,
            35.20392487186918
          ],
          [
            -93.12255859375007,
            35.192938543744205
          ],
          [
            -93.11015624999997,
            35.1850039734315
          ],
          [
            -93.09301757812509,
            35.179388739056634
          ],
          [
            -93.03696289062508,
            35.17645905155669
          ],
          [
            -92.92753906249986,
            35.19191315311899
          ],
          [
            -92.87045898437486,
            35.18361237186902
          ],
          [
            -92.86059570312494,
            35.17865631718152
          ],
          [
            -92.82341308593756,
            35.14935944218171
          ],
          [
            -92.79643554687487,
            35.135199285931634
          ],
          [
            -92.7819824218751,
            35.131122137494046
          ],
          [
            -92.77475585937509,
            35.131048895306705
          ],
          [
            -92.75976562499986,
            35.1334903015567
          ],
          [
            -92.7533447265624,
            35.13317291874401
          ],
          [
            -92.74741210937502,
            35.12982819218168
          ],
          [
            -92.72478027343747,
            35.10167877811904
          ],
          [
            -92.71982421875,
            35.09728424686905
          ],
          [
            -92.71330566406252,
            35.094842840619116
          ],
          [
            -92.66435546874985,
            35.08893463749403
          ],
          [
            -92.64887695312491,
            35.08971588749395
          ],
          [
            -92.63371582031249,
            35.09450104374411
          ],
          [
            -92.58496093749996,
            35.12487213749404
          ],
          [
            -92.57499999999986,
            35.128534246869165
          ],
          [
            -92.56474609374986,
            35.129754949993966
          ],
          [
            -92.5549316406251,
            35.12677643436907
          ],
          [
            -92.54802246093755,
            35.11920807499415
          ],
          [
            -92.54697265625006,
            35.109735418744194
          ],
          [
            -92.55966796875012,
            35.06647369999418
          ],
          [
            -92.57060546874999,
            35.04437897343159
          ],
          [
            -92.58513183593757,
            35.02631256718152
          ],
          [
            -92.58749999999988,
            35.019159246869236
          ],
          [
            -92.5839111328124,
            35.00392487186904
          ],
          [
            -92.57207031249993,
            34.994501043744066
          ],
          [
            -92.5562499999998,
            34.98908112186898
          ],
          [
            -92.51921386718746,
            34.980975653119046
          ],
          [
            -92.49833984374996,
            34.973651434368946
          ],
          [
            -92.48056640624988,
            34.961981512494134
          ],
          [
            -92.46831054687503,
            34.944159246868985
          ],
          [
            -92.46403808593752,
            34.93085358280666
          ],
          [
            -92.45239257812503,
            34.87335846561923
          ],
          [
            -92.44565429687512,
            34.8597354187442
          ],
          [
            -92.43554687499996,
            34.848700262494155
          ],
          [
            -92.42138671874994,
            34.84142487186922
          ],
          [
            -92.38793945312491,
            34.83375885624412
          ],
          [
            -92.3529541015625,
            34.82033112186913
          ],
          [
            -92.32988281250009,
            34.81488678593152
          ],
          [
            -92.31943359374999,
            34.81024811405662
          ],
          [
            -92.31103515624991,
            34.80162994999401
          ],
          [
            -92.30729980468762,
            34.79162018436912
          ],
          [
            -92.30639648437497,
            34.78234284061901
          ],
          [
            -92.30395507812494,
            34.77345612186897
          ],
          [
            -92.29582519531236,
            34.76452057499402
          ],
          [
            -92.28623046874988,
            34.75946686405666
          ],
          [
            -92.162109375,
            34.730780340619184
          ],
          [
            -92.15512695312484,
            34.72560455936915
          ],
          [
            -92.15161132812503,
            34.71339752811919
          ],
          [
            -92.15537109375006,
            34.70575592655658
          ],
          [
            -92.162451171875,
            34.69953034061921
          ],
          [
            -92.16879882812502,
            34.69147369999415
          ],
          [
            -92.17270507812512,
            34.67462799686908
          ],
          [
            -92.16879882812508,
            34.62250397343175
          ],
          [
            -92.17539062500009,
            34.588812567181634
          ],
          [
            -92.17558593749985,
            34.581610418744184
          ],
          [
            -92.16879882812513,
            34.573797918744035
          ],
          [
            -92.14804687500002,
            34.56415436405659
          ],
          [
            -92.14145507812495,
            34.55426666874411
          ],
          [
            -92.14274902343743,
            34.54552643436912
          ],
          [
            -92.15361328125007,
            34.52550690311904
          ],
          [
            -92.15512695312498,
            34.513299871869066
          ],
          [
            -92.14982910156247,
            34.50123932499415
          ],
          [
            -92.140234375,
            34.49323151249402
          ],
          [
            -92.12973632812498,
            34.48668854374402
          ],
          [
            -92.12163085937502,
            34.47919342655673
          ],
          [
            -92.11801757812505,
            34.47003815311919
          ],
          [
            -92.11865234374994,
            34.46242096561912
          ],
          [
            -92.12077636718743,
            34.45617096561905
          ],
          [
            -92.12163085937505,
            34.45123932499408
          ],
          [
            -92.12060546875006,
            34.444159246869006
          ],
          [
            -92.11889648437509,
            34.43932526249398
          ],
          [
            -92.09184570312502,
            34.40595123905658
          ],
          [
            -92.08623046874993,
            34.396014715619
          ],
          [
            -92.08300781250007,
            34.38580963749419
          ],
          [
            -92.08171386718745,
            34.36574127811909
          ],
          [
            -92.07939453125005,
            34.35504791874416
          ],
          [
            -92.07236328125005,
            34.341131903119134
          ],
          [
            -92.05981445312494,
            34.32521393436913
          ],
          [
            -92.0433837890624,
            34.31569244999416
          ],
          [
            -92.02475585937506,
            34.320917059369094
          ],
          [
            -92.01645507812498,
            34.3130557312441
          ],
          [
            -91.99790039062496,
            34.30104401249412
          ],
          [
            -91.99064941406237,
            34.29420807499416
          ],
          [
            -91.98764648437485,
            34.287372137493946
          ],
          [
            -91.983984375,
            34.26989166874403
          ],
          [
            -91.9838134765624,
            34.26691315311905
          ],
          [
            -91.97038574218737,
            34.25011627811902
          ],
          [
            -91.96030273437506,
            34.247015692181606
          ],
          [
            -91.9518310546876,
            34.255389715619124
          ],
          [
            -91.94287109374993,
            34.27306549686908
          ],
          [
            -91.9434570312499,
            34.2816836609316
          ],
          [
            -91.947265625,
            34.29059479374408
          ],
          [
            -91.94702148437486,
            34.29755280155664
          ],
          [
            -91.93540039062493,
            34.30040924686918
          ],
          [
            -91.92424316406245,
            34.29767487186903
          ],
          [
            -91.919677734375,
            34.29064362186915
          ],
          [
            -91.91789550781257,
            34.28175690311908
          ],
          [
            -91.91203613281242,
            34.26557037968149
          ],
          [
            -91.91118164062506,
            34.25238678593159
          ],
          [
            -91.90812988281237,
            34.24640534061899
          ],
          [
            -91.90185546874996,
            34.24347565311911
          ],
          [
            -91.87395019531263,
            34.23895905155671
          ],
          [
            -91.79013671875003,
            34.19342682499402
          ],
          [
            -91.76474609374989,
            34.18434479374412
          ],
          [
            -91.71416015624999,
            34.18219635624416
          ],
          [
            -91.69645996093742,
            34.17750885624396
          ],
          [
            -91.6337890625001,
            34.14337799686898
          ],
          [
            -91.64121093750012,
            34.149603582806634
          ],
          [
            -91.62973632812486,
            34.13837311405672
          ],
          [
            -91.61589355468755,
            34.11969635624419
          ],
          [
            -91.60185546875006,
            34.10492584843164
          ],
          [
            -91.58969726562502,
            34.105243231244295
          ],
          [
            -91.57133789062497,
            34.112005926556506
          ],
          [
            -91.54916992187496,
            34.105536199994226
          ],
          [
            -91.51083984375006,
            34.08815338749405
          ],
          [
            -91.46745605468752,
            34.09020416874402
          ],
          [
            -91.44938964843735,
            34.08637116093166
          ],
          [
            -91.44194335937509,
            34.07135651249418
          ],
          [
            -91.43979492187502,
            34.05255768436916
          ],
          [
            -91.43352050781249,
            34.0352236999941
          ],
          [
            -91.42294921874984,
            34.01964752811901
          ],
          [
            -91.4084472656249,
            34.006170965619006
          ],
          [
            -91.38989257812501,
            33.9977481140567
          ],
          [
            -91.37260742187505,
            33.998724676556606
          ],
          [
            -91.35351562499994,
            34.00336334843163
          ],
          [
            -91.32934570312483,
            34.00617096561915
          ],
          [
            -91.3207275390624,
            34.00304596561909
          ],
          [
            -91.32109374999996,
            33.99596588749408
          ],
          [
            -91.32724609374989,
            33.98888580936904
          ],
          [
            -91.33610839843759,
            33.98571198124411
          ],
          [
            -91.35014648437505,
            33.98334381718173
          ],
          [
            -91.35302734375011,
            33.977655340619066
          ],
          [
            -91.34838867187503,
            33.97096588749405
          ],
          [
            -91.33952636718746,
            33.96520416874413
          ],
          [
            -91.31918945312492,
            33.959662176556634
          ],
          [
            -91.19792480468762,
            33.95746491093158
          ],
          [
            -91.1757080078124,
            33.95094635624399
          ],
          [
            -91.15649414062494,
            33.93537018436902
          ],
          [
            -91.1444580078124,
            33.91132233280665
          ],
          [
            -91.1376953125,
            33.88312409061916
          ],
          [
            -91.13408203124999,
            33.855340887494194
          ],
          [
            -91.13632812499995,
            33.85211823124408
          ],
          [
            -91.14104003906239,
            33.84870026249399
          ],
          [
            -91.14389648437502,
            33.84337799686905
          ],
          [
            -91.14091796875009,
            33.834906317181705
          ],
          [
            -91.13420410156235,
            33.829364324994
          ],
          [
            -91.12729492187489,
            33.82904694218155
          ],
          [
            -91.12021484374982,
            33.82995026249404
          ],
          [
            -91.11296386718749,
            33.82807037968158
          ],
          [
            -91.10668945312509,
            33.81976959843158
          ],
          [
            -91.10180664062503,
            33.81012604374401
          ],
          [
            -91.09423828125006,
            33.80609772343158
          ],
          [
            -91.07944335937502,
            33.814398504681705
          ],
          [
            -91.06821289062488,
            33.798895574994106
          ],
          [
            -91.06584472656245,
            33.79328034061915
          ],
          [
            -91.06821289062488,
            33.798895574994106
          ],
          [
            -91.07944335937502,
            33.814398504681705
          ],
          [
            -91.09423828125006,
            33.80609772343158
          ],
          [
            -91.10180664062503,
            33.81012604374401
          ],
          [
            -91.10668945312509,
            33.81976959843158
          ],
          [
            -91.11296386718749,
            33.82807037968158
          ],
          [
            -91.12021484374982,
            33.82995026249404
          ],
          [
            -91.12729492187489,
            33.82904694218155
          ],
          [
            -91.13420410156235,
            33.829364324994
          ],
          [
            -91.14091796875009,
            33.834906317181705
          ],
          [
            -91.14389648437502,
            33.84337799686905
          ],
          [
            -91.14104003906239,
            33.84870026249399
          ],
          [
            -91.13632812499995,
            33.85211823124408
          ],
          [
            -91.13408203124999,
            33.855340887494194
          ],
          [
            -91.1376953125,
            33.88312409061916
          ],
          [
            -91.1444580078124,
            33.91132233280665
          ],
          [
            -91.15649414062494,
            33.93537018436902
          ],
          [
            -91.1757080078124,
            33.95094635624399
          ],
          [
            -91.19792480468762,
            33.95746491093158
          ],
          [
            -91.31918945312492,
            33.959662176556634
          ],
          [
            -91.33952636718746,
            33.96520416874413
          ],
          [
            -91.34838867187503,
            33.97096588749405
          ],
          [
            -91.35302734375011,
            33.977655340619066
          ],
          [
            -91.35014648437505,
            33.98334381718173
          ],
          [
            -91.33610839843759,
            33.98571198124411
          ],
          [
            -91.32724609374989,
            33.98888580936904
          ],
          [
            -91.32109374999996,
            33.99596588749408
          ],
          [
            -91.3207275390624,
            34.00304596561909
          ],
          [
            -91.32934570312483,
            34.00617096561915
          ],
          [
            -91.35351562499994,
            34.00336334843163
          ],
          [
            -91.37260742187505,
            33.998724676556606
          ],
          [
            -91.38989257812501,
            33.9977481140567
          ],
          [
            -91.4084472656249,
            34.006170965619006
          ],
          [
            -91.42294921874984,
            34.01964752811901
          ],
          [
            -91.43352050781249,
            34.0352236999941
          ],
          [
            -91.43979492187502,
            34.05255768436916
          ],
          [
            -91.44194335937509,
            34.07135651249418
          ],
          [
            -91.44938964843735,
            34.08637116093166
          ],
          [
            -91.46745605468752,
            34.09020416874402
          ],
          [
            -91.51083984375006,
            34.08815338749405
          ],
          [
            -91.54916992187496,
            34.105536199994226
          ],
          [
            -91.57133789062497,
            34.112005926556506
          ],
          [
            -91.58969726562502,
            34.105243231244295
          ],
          [
            -91.60185546875006,
            34.10492584843164
          ],
          [
            -91.61589355468755,
            34.11969635624419
          ],
          [
            -91.62973632812486,
            34.13837311405672
          ],
          [
            -91.64121093750012,
            34.149603582806634
          ],
          [
            -91.6337890625001,
            34.14337799686898
          ],
          [
            -91.69645996093742,
            34.17750885624396
          ],
          [
            -91.71416015624999,
            34.18219635624416
          ],
          [
            -91.76474609374989,
            34.18434479374412
          ],
          [
            -91.79013671875003,
            34.19342682499402
          ],
          [
            -91.87395019531263,
            34.23895905155671
          ],
          [
            -91.90185546874996,
            34.24347565311911
          ],
          [
            -91.90812988281237,
            34.24640534061899
          ],
          [
            -91.91118164062506,
            34.25238678593159
          ],
          [
            -91.91203613281242,
            34.26557037968149
          ],
          [
            -91.91789550781257,
            34.28175690311908
          ],
          [
            -91.919677734375,
            34.29064362186915
          ],
          [
            -91.92424316406245,
            34.29767487186903
          ],
          [
            -91.93540039062493,
            34.30040924686918
          ],
          [
            -91.94702148437486,
            34.29755280155664
          ],
          [
            -91.947265625,
            34.29059479374408
          ],
          [
            -91.9434570312499,
            34.2816836609316
          ],
          [
            -91.94287109374993,
            34.27306549686908
          ],
          [
            -91.9518310546876,
            34.255389715619124
          ],
          [
            -91.96030273437506,
            34.247015692181606
          ],
          [
            -91.97038574218737,
            34.25011627811902
          ],
          [
            -91.9838134765624,
            34.26691315311905
          ],
          [
            -91.983984375,
            34.26989166874403
          ],
          [
            -91.98764648437485,
            34.287372137493946
          ],
          [
            -91.99064941406237,
            34.29420807499416
          ],
          [
            -91.99790039062496,
            34.30104401249412
          ],
          [
            -92.01645507812498,
            34.3130557312441
          ],
          [
            -92.02475585937506,
            34.320917059369094
          ],
          [
            -92.0433837890624,
            34.31569244999416
          ],
          [
            -92.05981445312494,
            34.32521393436913
          ],
          [
            -92.07236328125005,
            34.341131903119134
          ],
          [
            -92.07939453125005,
            34.35504791874416
          ],
          [
            -92.08171386718745,
            34.36574127811909
          ],
          [
            -92.08300781250007,
            34.38580963749419
          ],
          [
            -92.08623046874993,
            34.396014715619
          ],
          [
            -92.09184570312502,
            34.40595123905658
          ],
          [
            -92.11889648437509,
            34.43932526249398
          ],
          [
            -92.12060546875006,
            34.444159246869006
          ],
          [
            -92.12163085937505,
            34.45123932499408
          ],
          [
            -92.12077636718743,
            34.45617096561905
          ],
          [
            -92.11865234374994,
            34.46242096561912
          ],
          [
            -92.11801757812505,
            34.47003815311919
          ],
          [
            -92.12163085937502,
            34.47919342655673
          ],
          [
            -92.12973632812498,
            34.48668854374402
          ],
          [
            -92.140234375,
            34.49323151249402
          ],
          [
            -92.14982910156247,
            34.50123932499415
          ],
          [
            -92.15512695312498,
            34.513299871869066
          ],
          [
            -92.15361328125007,
            34.52550690311904
          ],
          [
            -92.14274902343743,
            34.54552643436912
          ],
          [
            -92.14145507812495,
            34.55426666874411
          ]
        ]
      }
    },
    {
      "type": "Feature",
      "properties": {
        "id": "colorado-river",
        "label": "Colorado River",
        "name": "Colorado River",
        "sourceName": "Colorado",
        "type": "river",
        "kind": "river",
        "sourceDataset": "Natural Earth 10m Rivers, lake centerlines",
        "sourceFile": "ne_10m_rivers_lake_centerlines.shp",
        "sourceUrl": "https://naciscdn.org/naturalearth/10m/physical/ne_10m_rivers_lake_centerlines.zip",
        "naturalEarthFeatureClass": "River",
        "naturalEarthRiverNumber": 163,
        "naturalEarthRiverNumbers": [
          163
        ],
        "naturalEarthId": 1159112855,
        "naturalEarthIds": [
          1159112855,
          1159112837
        ],
        "sourceRecords": [
          {
            "naturalEarthId": 1159112855,
            "naturalEarthRiverNumber": 163,
            "featureClass": "River",
            "sourceName": "Colorado",
            "partStart": 0,
            "partCount": 8,
            "bounds": [
              -115.21323242187502,
              31.964178778118967,
              -105.809912109375,
              40.4041201843691
            ]
          },
          {
            "naturalEarthId": 1159112837,
            "naturalEarthRiverNumber": 163,
            "featureClass": "Lake Centerline",
            "sourceName": "Colorado",
            "partStart": 8,
            "partCount": 5,
            "bounds": [
              -114.74138183593752,
              34.317206121869006,
              -105.81577148437488,
              40.175970770306606
            ]
          }
        ],
        "playableExposure": {
          "status": "memory-trail",
          "reason": "Accepted for this Memory Trail pass. The verified Natural Earth mainstem has a minor Gulf of California endpoint imperfection; do not repair source geometry here."
        },
        "lineWidthPx": 2,
        "highlightWidthPx": 5,
        "hitWidthPx": 30
      },
      "geometry": {
        "type": "MultiLineString",
        "coordinates": [
          [
            [
              -105.81560058593756,
              40.176336981244106
            ],
            [
              -105.809912109375,
              40.19508698124398
            ],
            [
              -105.81542968750014,
              40.21466705936923
            ],
            [
              -105.8366699218749,
              40.25079987186908
            ],
            [
              -105.84277343750006,
              40.26618073124418
            ],
            [
              -105.84453125000016,
              40.28078034061918
            ],
            [
              -105.84355468749999,
              40.31627838749412
            ],
            [
              -105.84692382812487,
              40.34430573124418
            ],
            [
              -105.85283203124996,
              40.363299871869074
            ],
            [
              -105.85454101562485,
              40.38073151249401
            ],
            [
              -105.84555664062503,
              40.4041201843691
            ]
          ],
          [
            [
              -105.86137695312482,
              40.16466705936904
            ],
            [
              -105.86687011718743,
              40.15587799686915
            ],
            [
              -105.87109375000016,
              40.15070221561918
            ],
            [
              -105.87687988281246,
              40.14606354374416
            ],
            [
              -105.88452148437506,
              40.14154694218164
            ],
            [
              -105.90390625000005,
              40.15131256718159
            ],
            [
              -105.92783203124992,
              40.148016668744184
            ],
            [
              -105.95151367187492,
              40.13715241093174
            ],
            [
              -105.9701416015624,
              40.124139715619066
            ],
            [
              -105.98691406250002,
              40.11847565311909
            ],
            [
              -106.05576171875003,
              40.11359284061902
            ],
            [
              -106.12036132812491,
              40.08424713749419
            ],
            [
              -106.14145507812516,
              40.08014557499416
            ],
            [
              -106.24077148437513,
              40.08629791874414
            ],
            [
              -106.38237304687503,
              40.077020574994016
            ],
            [
              -106.42578124999996,
              40.06647369999418
            ],
            [
              -106.44499511718749,
              40.05651276249416
            ],
            [
              -106.4977294921874,
              40.00775787968154
            ],
            [
              -106.51433105468747,
              39.99616119999408
            ],
            [
              -106.55485839843764,
              39.97431061405649
            ],
            [
              -106.57036132812493,
              39.96276276249418
            ],
            [
              -106.62070312499985,
              39.89398834843168
            ],
            [
              -106.65117187500006,
              39.87470123905652
            ],
            [
              -106.6857910156248,
              39.89454987186901
            ],
            [
              -106.7058105468751,
              39.917254949994
            ],
            [
              -106.72722167968762,
              39.93244049686925
            ],
            [
              -106.75131835937513,
              39.93541901249408
            ],
            [
              -106.79174804687516,
              39.91425202030668
            ],
            [
              -106.80493164062494,
              39.910272528119066
            ],
            [
              -106.84904785156237,
              39.9071719421817
            ],
            [
              -106.90903320312502,
              39.895086981244205
            ],
            [
              -106.91845703124999,
              39.89147369999405
            ],
            [
              -106.92563476562489,
              39.885199285931556
            ],
            [
              -106.93095703124997,
              39.87470123905655
            ],
            [
              -106.93937988281242,
              39.85187409061906
            ],
            [
              -106.94523925781243,
              39.84205963749415
            ],
            [
              -106.95395507812516,
              39.83190338749416
            ],
            [
              -107.00107421875015,
              39.79205963749416
            ],
            [
              -107.00854492187509,
              39.780780340618975
            ],
            [
              -107.01840820312486,
              39.75787994999419
            ],
            [
              -107.02531738281233,
              39.747748114056606
            ],
            [
              -107.03410644531246,
              39.7415225281193
            ],
            [
              -107.05283203125,
              39.73278229374408
            ],
            [
              -107.05639648437487,
              39.72692291874415
            ],
            [
              -107.069384765625,
              39.689081121869165
            ],
            [
              -107.09001464843764,
              39.65919830936919
            ],
            [
              -107.12236328125,
              39.638006903119056
            ],
            [
              -107.2885009765626,
              39.58185455936923
            ],
            [
              -107.33471679687484,
              39.57702057499421
            ],
            [
              -107.46215820312497,
              39.58820221561902
            ],
            [
              -107.50090332031255,
              39.58595612186903
            ],
            [
              -107.54077148437487,
              39.57892487186904
            ],
            [
              -107.61181640624986,
              39.56354401249403
            ],
            [
              -107.6357421874999,
              39.563495184369124
            ],
            [
              -107.68393554687512,
              39.571161199993995
            ],
            [
              -107.73154296874999,
              39.573309637494205
            ],
            [
              -107.77714843750009,
              39.582342840619006
            ],
            [
              -107.79802246093753,
              39.57929108280666
            ],
            [
              -107.8174804687499,
              39.57067291874405
            ],
            [
              -107.83452148437505,
              39.55748932499415
            ],
            [
              -107.85051269531256,
              39.535345770306634
            ],
            [
              -107.85668945312506,
              39.529315496869074
            ],
            [
              -107.86748046875002,
              39.524286199994066
            ],
            [
              -107.95297851562506,
              39.505926824994006
            ],
            [
              -107.99272460937509,
              39.489203192181726
            ],
            [
              -108.20029296875006,
              39.3532901062442
            ],
            [
              -108.25444335937502,
              39.29804108280666
            ],
            [
              -108.26298828125002,
              39.28192780155662
            ],
            [
              -108.26127929687499,
              39.2400088562441
            ],
            [
              -108.26684570312487,
              39.22785065311924
            ],
            [
              -108.29423828124996,
              39.19660065311909
            ],
            [
              -108.3248779296874,
              39.15155670780663
            ],
            [
              -108.33122558593742,
              39.13764069218158
            ],
            [
              -108.34091796875012,
              39.12933991093154
            ],
            [
              -108.44687500000012,
              39.083319403119106
            ],
            [
              -108.4913085937501,
              39.07643463749411
            ],
            [
              -108.5376953124999,
              39.077826239056506
            ],
            [
              -108.58447265624994,
              39.08576080936922
            ],
            [
              -108.62468261718749,
              39.100360418744046
            ],
            [
              -108.75327148437486,
              39.17824127811915
            ],
            [
              -108.77426757812492,
              39.18434479374402
            ],
            [
              -108.79697265625006,
              39.18776276249413
            ],
            [
              -108.82097167968755,
              39.188788153119084
            ],
            [
              -108.84367675781263,
              39.192694403119134
            ],
            [
              -108.90600585937511,
              39.21613190311898
            ],
            [
              -108.91918945312511,
              39.217474676556705
            ],
            [
              -108.92539062499984,
              39.2161807312442
            ],
            [
              -108.98173828124987,
              39.17206452030669
            ],
            [
              -108.99096679687511,
              39.158514715619106
            ],
            [
              -109.01206054687503,
              39.14992096561912
            ],
            [
              -109.0506347656249,
              39.141058660931655
            ],
            [
              -109.06713867187503,
              39.13092682499413
            ],
            [
              -109.09416503906259,
              39.10394928593161
            ],
            [
              -109.10917968749985,
              39.092157293744016
            ],
            [
              -109.13774414062493,
              39.074969793744174
            ],
            [
              -109.1734375,
              39.04420807499411
            ],
            [
              -109.22202148437499,
              39.019354559369134
            ],
            [
              -109.23471679687484,
              39.009344793744134
            ],
            [
              -109.24389648437507,
              38.996844793744
            ],
            [
              -109.24760742187502,
              38.98073151249422
            ],
            [
              -109.23979492187497,
              38.93615143436898
            ],
            [
              -109.24106445312508,
              38.921405340619216
            ],
            [
              -109.24667968750003,
              38.911078192181556
            ],
            [
              -109.26352539062488,
              38.896258856244074
            ],
            [
              -109.27036132812503,
              38.88715241093165
            ],
            [
              -109.27006835937493,
              38.83165924686902
            ],
            [
              -109.27507324218736,
              38.82277252811913
            ],
            [
              -109.30283203125012,
              38.81879303593175
            ],
            [
              -109.31079101562494,
              38.807635809369174
            ],
            [
              -109.31047363281255,
              38.79039948124408
            ],
            [
              -109.31357421874995,
              38.768133856244035
            ],
            [
              -109.32714843749996,
              38.75018952030653
            ],
            [
              -109.3690673828125,
              38.728461004681556
            ],
            [
              -109.39184570312484,
              38.71161530155652
            ],
            [
              -109.41040039062509,
              38.70282623905659
            ],
            [
              -109.41967773437509,
              38.69672272343167
            ],
            [
              -109.4320556640626,
              38.69103424686909
            ],
            [
              -109.45849609374993,
              38.689960028119145
            ],
            [
              -109.46997070312503,
              38.686224676556726
            ],
            [
              -109.48088378906262,
              38.66930573124409
            ],
            [
              -109.48027343750017,
              38.65123932499411
            ],
            [
              -109.48442382812487,
              38.636835028119094
            ],
            [
              -109.53247070312499,
              38.62470123905652
            ],
            [
              -109.54760742187483,
              38.609198309369035
            ],
            [
              -109.56791992187493,
              38.569525457806755
            ],
            [
              -109.58500976562483,
              38.546210028119
            ],
            [
              -109.59165039062486,
              38.55390045780659
            ],
            [
              -109.5975097656251,
              38.57306549686904
            ],
            [
              -109.61230468750011,
              38.58380768436901
            ],
            [
              -109.627490234375,
              38.57660553593159
            ],
            [
              -109.63103027343755,
              38.558905340619106
            ],
            [
              -109.62939453124996,
              38.514911199993975
            ],
            [
              -109.63427734374997,
              38.49713776249399
            ],
            [
              -109.6437255859374,
              38.47443268436922
            ],
            [
              -109.65544433593732,
              38.45490143436908
            ],
            [
              -109.66723632812497,
              38.446600653119035
            ],
            [
              -109.71501464843739,
              38.44660065311909
            ],
            [
              -109.71850585937489,
              38.441351629681606
            ],
            [
              -109.71933593750009,
              38.3814151062441
            ],
            [
              -109.72307128906256,
              38.368426824994
            ],
            [
              -109.73308105468739,
              38.36207916874427
            ],
            [
              -109.75224609375002,
              38.35785553593155
            ],
            [
              -109.74145507812503,
              38.34669830936909
            ],
            [
              -109.74082031250009,
              38.33209869999418
            ],
            [
              -109.74687499999997,
              38.317450262494035
            ],
            [
              -109.77734375000001,
              38.28351471561908
            ],
            [
              -109.80375976562487,
              38.23707916874403
            ],
            [
              -109.81357421874989,
              38.22545807499416
            ],
            [
              -109.85148925781236,
              38.19428131718155
            ],
            [
              -109.87968750000002,
              38.17955963749405
            ],
            [
              -109.89006347656243,
              38.17223541874425
            ],
            [
              -109.89746093749999,
              38.16515534061901
            ],
            [
              -109.91936035156235,
              38.14650299686893
            ],
            [
              -109.99248046875012,
              38.10394928593159
            ],
            [
              -110.01757812500011,
              38.081976629681535
            ],
            [
              -110.04892578125012,
              38.025165106243975
            ],
            [
              -110.06821289062499,
              38.00099518436915
            ],
            [
              -110.0884765625001,
              38.00458405155669
            ],
            [
              -110.11333007812485,
              38.00514557499406
            ],
            [
              -110.13437500000003,
              37.99762604374415
            ],
            [
              -110.14787597656243,
              37.96784088749418
            ],
            [
              -110.15844726562503,
              37.962225653119134
            ],
            [
              -110.17009277343743,
              37.95795319218176
            ],
            [
              -110.178076171875,
              37.95250885624418
            ],
            [
              -110.18188476562501,
              37.94342682499418
            ],
            [
              -110.1839355468751,
              37.93207428593148
            ],
            [
              -110.18491210937488,
              37.90912506718172
            ],
            [
              -110.20874023437497,
              37.89398834843164
            ],
            [
              -110.36752929687496,
              37.89789459843166
            ]
          ],
          [
            [
              -112.881396484375,
              36.28038971561898
            ],
            [
              -112.86010742187501,
              36.28004791874412
            ],
            [
              -112.79851074218743,
              36.28693268436915
            ],
            [
              -112.77709960937494,
              36.295282293744165
            ],
            [
              -112.75668945312509,
              36.31268952030658
            ],
            [
              -112.74675292968746,
              36.31708405155662
            ],
            [
              -112.72705078125003,
              36.32111237186911
            ],
            [
              -112.71794433593766,
              36.32404205936919
            ],
            [
              -112.70981445312496,
              36.330096746869046
            ],
            [
              -112.71708984374993,
              36.337469793744035
            ],
            [
              -112.71843261718755,
              36.34393952030672
            ],
            [
              -112.71469726562486,
              36.34955475468168
            ],
            [
              -112.70703125000003,
              36.35431549686908
            ],
            [
              -112.69785156250002,
              36.35639069218158
            ],
            [
              -112.69072265624992,
              36.354510809369174
            ],
            [
              -112.68376464843755,
              36.35138580936906
            ],
            [
              -112.67521972656243,
              36.349872137494216
            ],
            [
              -112.65917968750013,
              36.35451080936906
            ],
            [
              -112.65405273437484,
              36.365350653119066
            ],
            [
              -112.65195312499992,
              36.37946198124424
            ],
            [
              -112.64487304687493,
              36.39398834843159
            ],
            [
              -112.63022460937486,
              36.40197174686905
            ],
            [
              -112.61240234374985,
              36.40167877811924
            ],
            [
              -112.59367675781245,
              36.39855377811912
            ],
            [
              -112.57597656250002,
              36.39765045780652
            ],
            [
              -112.54331054687489,
              36.40089752811908
            ],
            [
              -112.50004882812507,
              36.40021393436916
            ],
            [
              -112.46489257812509,
              36.387469793744174
            ],
            [
              -112.45659179687499,
              36.354510809369145
            ],
            [
              -112.46518554687496,
              36.32794830936909
            ],
            [
              -112.47153320312506,
              36.31574127811913
            ],
            [
              -112.47978515625007,
              36.30495026249411
            ],
            [
              -112.5027343750001,
              36.2886904968691
            ],
            [
              -112.51254882812512,
              36.27826569218167
            ],
            [
              -112.51342773437514,
              36.26598541874408
            ],
            [
              -112.50292968750006,
              36.25636627811921
            ],
            [
              -112.468603515625,
              36.24506256718153
            ],
            [
              -112.45512695312497,
              36.233221746869035
            ],
            [
              -112.44841308593749,
              36.22284577030647
            ],
            [
              -112.44125976562508,
              36.21637604374399
            ],
            [
              -112.43286132812484,
              36.21564362186905
            ],
            [
              -112.42216796875012,
              36.22301666874405
            ],
            [
              -112.41147460937508,
              36.237176824994094
            ],
            [
              -112.40458984374996,
              36.24889557499418
            ],
            [
              -112.39453125000006,
              36.25690338749399
            ],
            [
              -112.37436523437495,
              36.259955145306606
            ],
            [
              -112.35502929687495,
              36.25604889530673
            ],
            [
              -112.33969726562489,
              36.24567291874414
            ],
            [
              -112.32700195312493,
              36.230780340619006
            ],
            [
              -112.29399414062492,
              36.175604559368985
            ],
            [
              -112.28154296874995,
              36.16498444218172
            ],
            [
              -112.27189941406239,
              36.159735418744205
            ],
            [
              -112.25986328124996,
              36.155145574993966
            ],
            [
              -112.24748535156245,
              36.151922918744106
            ],
            [
              -112.23686523437507,
              36.15070221561916
            ],
            [
              -112.23063964843764,
              36.14533112186912
            ],
            [
              -112.22666015625002,
              36.121893621869134
            ],
            [
              -112.22324218750015,
              36.11652252811915
            ],
            [
              -112.13754882812498,
              36.116522528119084
            ],
            [
              -112.12773437500019,
              36.11395905155665
            ],
            [
              -112.10605468749984,
              36.10541412968162
            ],
            [
              -112.09287109374992,
              36.1035342468691
            ],
            [
              -112.05192871093749,
              36.10353424686916
            ],
            [
              -112.0462402343751,
              36.100409246869134
            ],
            [
              -112.02084960937509,
              36.0818057312441
            ],
            [
              -111.9414062499999,
              36.05641510624409
            ],
            [
              -111.92871093750004,
              36.055121160931634
            ],
            [
              -111.91894531250001,
              36.05829498905671
            ],
            [
              -111.8999511718749,
              36.072381903119165
            ],
            [
              -111.89428710937503,
              36.07555573124412
            ],
            [
              -111.8816406249999,
              36.07941315311925
            ],
            [
              -111.87353515625014,
              36.088202215619106
            ],
            [
              -111.86801757812489,
              36.097601629681606
            ],
            [
              -111.86328124999993,
              36.1035342468691
            ],
            [
              -111.85312499999982,
              36.10700104374408
            ],
            [
              -111.8319580078125,
              36.110907293744106
            ],
            [
              -111.8222656249999,
              36.116522528119084
            ],
            [
              -111.81254882812509,
              36.130145574994
            ],
            [
              -111.80624999999992,
              36.14838287968173
            ],
            [
              -111.79965820312513,
              36.214300848431606
            ],
            [
              -111.80180664062492,
              36.22638580936902
            ],
            [
              -111.8112792968749,
              36.247919012494066
            ],
            [
              -111.81308593750008,
              36.25758698124406
            ],
            [
              -111.80864257812489,
              36.26740143436928
            ],
            [
              -111.81918945312488,
              36.279730535931634
            ],
            [
              -111.8479003906248,
              36.30292389530652
            ],
            [
              -111.85703125000013,
              36.31520416874414
            ],
            [
              -111.86108398437497,
              36.33490631718149
            ],
            [
              -111.86132812500006,
              36.35077545780662
            ],
            [
              -111.86630859375002,
              36.36444733280678
            ],
            [
              -111.88432617187503,
              36.37726471561899
            ],
            [
              -111.8573486328126,
              36.386590887494094
            ],
            [
              -111.84677734374984,
              36.39318268436914
            ],
            [
              -111.84335937500013,
              36.40455963749413
            ],
            [
              -111.84709472656252,
              36.40368073124411
            ],
            [
              -111.85600585937489,
              36.40504791874413
            ],
            [
              -111.86533203124985,
              36.40778229374405
            ],
            [
              -111.87070312500006,
              36.41139557499405
            ],
            [
              -111.87126464843763,
              36.41930573124401
            ],
            [
              -111.86674804687512,
              36.42360260624399
            ],
            [
              -111.86425781249993,
              36.42694733280653
            ],
            [
              -111.87070312500012,
              36.43248932499409
            ],
            [
              -111.84545898437507,
              36.44428131718156
            ],
            [
              -111.83520507812483,
              36.453436590619106
            ],
            [
              -111.82910156249991,
              36.466620184369006
            ],
            [
              -111.83842773437516,
              36.503485418744134
            ],
            [
              -111.8411621093749,
              36.52484772343155
            ],
            [
              -111.76262207031243,
              36.61017487186896
            ],
            [
              -111.7590332031251,
              36.61847565311906
            ],
            [
              -111.76083984375006,
              36.6409854187441
            ],
            [
              -111.75903320312504,
              36.649969793744035
            ],
            [
              -111.7545654296876,
              36.65587799686895
            ],
            [
              -111.74882812500003,
              36.660956121869035
            ],
            [
              -111.74326171874986,
              36.66735260624418
            ],
            [
              -111.7328369140624,
              36.69079010624408
            ],
            [
              -111.7266601562501,
              36.69777252811909
            ],
            [
              -111.71892089843743,
              36.70258209843156
            ],
            [
              -111.70158691406239,
              36.709735418744174
            ],
            [
              -111.6936035156251,
              36.71442291874412
            ],
            [
              -111.68320312499988,
              36.72467682499409
            ],
            [
              -111.67465820312502,
              36.736761785931535
            ],
            [
              -111.62998046874993,
              36.82196686405659
            ],
            [
              -111.60849609374996,
              36.843817449994035
            ],
            [
              -111.57675781249999,
              36.85687897343149
            ],
            [
              -111.5738281250001,
              36.85431549686918
            ],
            [
              -111.56933593749991,
              36.85199616093156
            ],
            [
              -111.5639648437501,
              36.85028717655651
            ],
            [
              -111.55844726562484,
              36.84955475468169
            ],
            [
              -111.55559082031256,
              36.85167877811914
            ],
            [
              -111.55461425781239,
              36.85639069218167
            ],
            [
              -111.55559082031245,
              36.86110260624417
            ],
            [
              -111.56206054687513,
              36.86640045780653
            ],
            [
              -111.55761718749997,
              36.87348053593165
            ],
            [
              -111.54843750000006,
              36.88056061405655
            ],
            [
              -111.52287597656239,
              36.88917877811909
            ],
            [
              -111.50463867187489,
              36.902362371869174
            ],
            [
              -111.47343749999993,
              36.9321475281192
            ]
          ],
          [
            [
              -113.63566894531255,
              35.830829168744145
            ],
            [
              -113.61191406250005,
              35.830340887494174
            ],
            [
              -113.59262695312509,
              35.827899481244096
            ],
            [
              -113.48203124999993,
              35.76246979374416
            ],
            [
              -113.4724121093749,
              35.76002838749413
            ],
            [
              -113.45439453124982,
              35.76044342655656
            ],
            [
              -113.44482421874994,
              35.75954010624402
            ],
            [
              -113.4108154296874,
              35.747186590619265
            ],
            [
              -113.40024414062506,
              35.74572174686918
            ],
            [
              -113.37387695312505,
              35.75043366093156
            ],
            [
              -113.35051269531239,
              35.76239655155668
            ],
            [
              -113.33098144531253,
              35.78258698124408
            ],
            [
              -113.31625976562492,
              35.81207916874421
            ],
            [
              -113.30859374999996,
              35.85126373905666
            ],
            [
              -113.31193847656247,
              35.883002020306606
            ],
            [
              -113.31909179687493,
              35.91266510624406
            ],
            [
              -113.32309570312484,
              35.94550202030664
            ],
            [
              -113.32109374999989,
              35.94855377811916
            ],
            [
              -113.3173828125,
              35.95062897343175
            ],
            [
              -113.31572265625002,
              35.95363190311919
            ],
            [
              -113.31967773437502,
              35.959491278119174
            ],
            [
              -113.33422851562489,
              35.969989324994145
            ],
            [
              -113.33610839843755,
              35.97284577030663
            ],
            [
              -113.33554687500012,
              35.994012762494144
            ],
            [
              -113.33911132812506,
              36.04005768436902
            ],
            [
              -113.33281250000012,
              36.053900457806726
            ],
            [
              -113.31625976562498,
              36.07208893436918
            ],
            [
              -113.29973144531256,
              36.08405182499406
            ],
            [
              -113.28623046874993,
              36.085223699994
            ],
            [
              -113.26982421875012,
              36.08148834843148
            ],
            [
              -113.24455566406239,
              36.07897369999418
            ],
            [
              -113.21909179687495,
              36.088153387493975
            ],
            [
              -113.20451660156256,
              36.110052801556634
            ],
            [
              -113.19353027343753,
              36.13624909061899
            ],
            [
              -113.17905273437493,
              36.158148504681705
            ],
            [
              -113.11418457031239,
              36.1815860046817
            ],
            [
              -113.10336914062488,
              36.18854401249412
            ],
            [
              -113.09204101562509,
              36.1978213562441
            ],
            [
              -113.02148437499993,
              36.23261139530673
            ],
            [
              -112.95268554687507,
              36.23756744999406
            ],
            [
              -112.93637695312508,
              36.24347565311915
            ],
            [
              -112.9244140624999,
              36.25548737186925
            ],
            [
              -112.91025390625009,
              36.26666901249403
            ],
            [
              -112.8941406250001,
              36.27545807499412
            ],
            [
              -112.8763916015624,
              36.28038971561915
            ]
          ],
          [
            [
              -114.64519042968747,
              35.630560614056506
            ],
            [
              -114.65170898437512,
              35.64667389530661
            ],
            [
              -114.68676757812511,
              35.71930573124412
            ],
            [
              -114.69169921874995,
              35.73952057499413
            ],
            [
              -114.69462890624996,
              35.76696198124404
            ],
            [
              -114.693603515625,
              35.82233307499407
            ],
            [
              -114.68823242187511,
              35.83717682499393
            ],
            [
              -114.6706542968749,
              35.86266510624418
            ],
            [
              -114.66691894531245,
              35.87384674686902
            ],
            [
              -114.66899414062497,
              35.885321356244134
            ],
            [
              -114.67539062499995,
              35.894110418744106
            ],
            [
              -114.71477050781253,
              35.93610260624396
            ],
            [
              -114.72929687500016,
              35.95917389530666
            ],
            [
              -114.73967285156257,
              35.985711981244194
            ],
            [
              -114.74138183593752,
              36.01349518436902
            ]
          ],
          [
            [
              -114.37890624999993,
              34.540643621869165
            ],
            [
              -114.38371582031246,
              34.56098053593165
            ],
            [
              -114.39458007812487,
              34.570868231244155
            ],
            [
              -114.40776367187493,
              34.579413153119134
            ],
            [
              -114.4198486328124,
              34.59589264530659
            ],
            [
              -114.42119140625,
              34.60248444218175
            ],
            [
              -114.41984863281243,
              34.62628815311909
            ],
            [
              -114.42119140624997,
              34.63422272343166
            ],
            [
              -114.42456054687499,
              34.63861725468173
            ],
            [
              -114.42900390625016,
              34.64276764530658
            ],
            [
              -114.49438476562494,
              34.75348541874406
            ],
            [
              -114.5213378906249,
              34.75690338749418
            ],
            [
              -114.54240722656264,
              34.767767645306584
            ],
            [
              -114.55510253906257,
              34.786883856244046
            ],
            [
              -114.5570556640626,
              34.81500885624422
            ],
            [
              -114.5607910156251,
              34.827093817181684
            ],
            [
              -114.56870117187495,
              34.8429629578065
            ],
            [
              -114.5801269531251,
              34.856805731244066
            ],
            [
              -114.59428710937503,
              34.86273834843168
            ],
            [
              -114.61010742187494,
              34.867450262494174
            ],
            [
              -114.61704101562496,
              34.87921784061919
            ],
            [
              -114.62939453125,
              35.0152529968691
            ],
            [
              -114.63896484375,
              35.04772369999398
            ],
            [
              -114.61547851562507,
              35.07306549686919
            ],
            [
              -114.61166992187506,
              35.08246491093149
            ],
            [
              -114.61557617187499,
              35.09638092655662
            ],
            [
              -114.63432617187502,
              35.114203192181606
            ],
            [
              -114.63896484374995,
              35.12340729374412
            ],
            [
              -114.63559570312508,
              35.13707916874409
            ],
            [
              -114.62548828124987,
              35.14093659061918
            ],
            [
              -114.61198730468757,
              35.14093659061912
            ],
            [
              -114.59799804687486,
              35.14332916874418
            ],
            [
              -114.58618164062491,
              35.14821198124414
            ],
            [
              -114.58188476562502,
              35.15123932499402
            ],
            [
              -114.57268066406245,
              35.19110748905654
            ],
            [
              -114.57202148437493,
              35.21246979374407
            ],
            [
              -114.57690429687489,
              35.252557684369094
            ],
            [
              -114.58994140625006,
              35.30040924686908
            ],
            [
              -114.59238281249988,
              35.32587311405655
            ],
            [
              -114.59099121093757,
              35.35280182499413
            ]
          ],
          [
            [
              -115.03520507812489,
              31.966083074994263
            ],
            [
              -115.05517578125007,
              31.978094793744074
            ],
            [
              -115.0733398437499,
              31.974188543744056
            ],
            [
              -115.09189453124986,
              31.966986395306577
            ],
            [
              -115.1119873046876,
              31.964178778118967
            ],
            [
              -115.10996093749996,
              31.96723053593149
            ],
            [
              -115.10717773437496,
              31.97455475468147
            ],
            [
              -115.10515136718746,
              31.97780182499432
            ],
            [
              -115.11674804687489,
              31.986395574994255
            ],
            [
              -115.11630859375009,
              31.999383856244034
            ],
            [
              -115.11210937500007,
              32.013495184369006
            ],
            [
              -115.11198730468735,
              32.02558014530659
            ],
            [
              -115.12304687500003,
              32.03761627811895
            ],
            [
              -115.15361328124993,
              32.04909088749419
            ],
            [
              -115.1666015625,
              32.06037018436903
            ],
            [
              -115.1695312499999,
              32.05267975468169
            ],
            [
              -115.17529296874994,
              32.04791901249415
            ],
            [
              -115.18364257812509,
              32.046014715618995
            ],
            [
              -115.19458007812499,
              32.04669830936909
            ],
            [
              -115.1918945312499,
              32.039496160931726
            ],
            [
              -115.19018554687494,
              32.036444403119006
            ],
            [
              -115.18710937500009,
              32.032416082806485
            ],
            [
              -115.1907226562501,
              32.031024481244145
            ],
            [
              -115.1929687500001,
              32.031366278119236
            ],
            [
              -115.194140625,
              32.03053619999403
            ],
            [
              -115.19458007812513,
              32.02558014530676
            ],
            [
              -115.21323242187502,
              32.06066315311916
            ],
            [
              -115.21306152343739,
              32.10907623905663
            ],
            [
              -115.19995117187511,
              32.1570986999941
            ],
            [
              -115.18027343750003,
              32.190692449994174
            ],
            [
              -115.14868164062501,
              32.203876043744145
            ],
            [
              -115.1001464843749,
              32.215399481244184
            ],
            [
              -115.0574218749999,
              32.23156159061928
            ],
            [
              -115.04306640625002,
              32.25897858280656
            ],
            [
              -115.03710937499991,
              32.29169342655659
            ],
            [
              -115.02060546874993,
              32.309759832806606
            ],
            [
              -115.00009765624993,
              32.323065496869155
            ],
            [
              -114.98168945312516,
              32.34149811405666
            ],
            [
              -114.97167968749997,
              32.36347077030669
            ],
            [
              -114.96948242187501,
              32.38170807499401
            ],
            [
              -114.97006835937496,
              32.39845612186902
            ],
            [
              -114.96860351562493,
              32.41603424686906
            ],
            [
              -114.96020507812499,
              32.43866608280675
            ],
            [
              -114.9452392578126,
              32.46283600468165
            ],
            [
              -114.92626953124996,
              32.482538153119236
            ],
            [
              -114.90593261718742,
              32.49176666874422
            ],
            [
              -114.8536865234375,
              32.48798248905676
            ],
            [
              -114.83276367187483,
              32.49196198124403
            ],
            [
              -114.81035156250003,
              32.51159088749401
            ],
            [
              -114.79638671875016,
              32.55250885624418
            ],
            [
              -114.79501953125003,
              32.57428619999411
            ],
            [
              -114.80351562500013,
              32.594745184369216
            ],
            [
              -114.78769531249999,
              32.62128327030658
            ],
            [
              -114.78239746093737,
              32.62824127811908
            ],
            [
              -114.75969238281246,
              32.64508698124415
            ],
            [
              -114.75200195312496,
              32.652460028119066
            ],
            [
              -114.74033203125,
              32.66930573124425
            ],
            [
              -114.73210449218747,
              32.68683502811921
            ],
            [
              -114.72094726562513,
              32.724481512494066
            ]
          ],
          [
            [
              -114.72087402343762,
              32.72448151249404
            ],
            [
              -114.6830322265624,
              32.7480654968692
            ],
            [
              -114.57829589843743,
              32.72999909061917
            ],
            [
              -114.53593750000005,
              32.73810455936925
            ],
            [
              -114.52622070312495,
              32.753119207806705
            ],
            [
              -114.5251953124999,
              32.77106354374405
            ],
            [
              -114.52604980468757,
              32.78966705936898
            ],
            [
              -114.52226562500002,
              32.80707428593165
            ],
            [
              -114.50932617187506,
              32.82025787968147
            ],
            [
              -114.47216796875,
              32.84191315311898
            ],
            [
              -114.46079101562495,
              32.85480377811916
            ],
            [
              -114.45805664062509,
              32.87665436405669
            ],
            [
              -114.47387695312511,
              32.94049713749408
            ],
            [
              -114.47250976562503,
              32.952997137494094
            ],
            [
              -114.47031250000012,
              32.96271393436899
            ],
            [
              -114.46989746093743,
              32.972528387494236
            ],
            [
              -114.47387695312493,
              32.98517487186925
            ],
            [
              -114.50180664062484,
              33.019305731244046
            ],
            [
              -114.53662109374994,
              33.03527252811904
            ],
            [
              -114.62744140624993,
              33.04088776249405
            ],
            [
              -114.66691894531247,
              33.05407135624408
            ],
            [
              -114.69682617187505,
              33.08922760624421
            ],
            [
              -114.69345703124995,
              33.12404205936906
            ],
            [
              -114.67832031249996,
              33.16149323124402
            ],
            [
              -114.67309570312503,
              33.204901434369056
            ],
            [
              -114.68327636718749,
              33.26271393436923
            ],
            [
              -114.69018554687493,
              33.27631256718159
            ],
            [
              -114.7214355468749,
              33.306219793744106
            ],
            [
              -114.72355957031267,
              33.32116119999411
            ],
            [
              -114.71403808593742,
              33.34889557499406
            ],
            [
              -114.70200195312508,
              33.359735418744
            ],
            [
              -114.69824218749991,
              33.36835358280666
            ],
            [
              -114.7041503906249,
              33.37897369999405
            ],
            [
              -114.71215820312493,
              33.38703034061918
            ],
            [
              -114.72246093750009,
              33.399676824994
            ],
            [
              -114.72697753906237,
              33.411395574994
            ],
            [
              -114.71752929687503,
              33.41657135624406
            ],
            [
              -114.6683837890625,
              33.41954987186916
            ],
            [
              -114.64379882812506,
              33.42572662968156
            ],
            [
              -114.62590332031239,
              33.43703034061922
            ],
            [
              -114.58886718750003,
              33.49542877811902
            ],
            [
              -114.57939453124993,
              33.52003815311929
            ],
            [
              -114.5693847656249,
              33.530340887494106
            ],
            [
              -114.54960937499995,
              33.5468936218691
            ],
            [
              -114.53593749999999,
              33.56178619999423
            ],
            [
              -114.53271484374994,
              33.56847565311914
            ],
            [
              -114.52910156250003,
              33.58165924686924
            ],
            [
              -114.53452148437486,
              33.603461004681634
            ],
            [
              -114.53452148437498,
              33.6167178406192
            ],
            [
              -114.52568359374996,
              33.62262604374415
            ],
            [
              -114.52250976562496,
              33.62746002811906
            ],
            [
              -114.52158203124999,
              33.63873932499413
            ],
            [
              -114.5222656249999,
              33.66017487186929
            ],
            [
              -114.51738281250009,
              33.68463776249406
            ],
            [
              -114.50639648437507,
              33.69904205936896
            ],
            [
              -114.4947998046876,
              33.710272528118935
            ],
            [
              -114.48813476562493,
              33.725043035931506
            ],
            [
              -114.49907226562512,
              33.74310944218158
            ],
            [
              -114.50327148437498,
              33.754217840619106
            ],
            [
              -114.49804687500001,
              33.75914948124405
            ],
            [
              -114.49462890624994,
              33.76452057499412
            ],
            [
              -114.49345703124987,
              33.77623932499421
            ],
            [
              -114.49462890624994,
              33.78795807499404
            ],
            [
              -114.49804687499999,
              33.79328034061906
            ],
            [
              -114.51035156249999,
              33.80407135624399
            ],
            [
              -114.51401367187503,
              33.82819244999416
            ],
            [
              -114.51416015625003,
              33.853876043744286
            ],
            [
              -114.51604003906243,
              33.86901276249416
            ],
            [
              -114.49785156249986,
              33.88136627811906
            ],
            [
              -114.48984374999992,
              33.89057037968161
            ],
            [
              -114.49121093749997,
              33.89943268436902
            ],
            [
              -114.51079101562512,
              33.91857330936923
            ],
            [
              -114.51889648437508,
              33.92975494999412
            ],
            [
              -114.5222656249999,
              33.94135162968165
            ],
            [
              -114.51604003906266,
              33.96356842655668
            ],
            [
              -114.50041503906247,
              33.97741119999395
            ],
            [
              -114.46079101562486,
              33.999383856244066
            ],
            [
              -114.4443359374999,
              34.012884832806776
            ],
            [
              -114.42871093749994,
              34.02907135624401
            ],
            [
              -114.4169921875,
              34.04835846561913
            ],
            [
              -114.40874023437499,
              34.09100983280662
            ],
            [
              -114.39829101562495,
              34.109637762494025
            ],
            [
              -114.3821777343751,
              34.12360260624415
            ],
            [
              -114.34594726562504,
              34.13312409061909
            ],
            [
              -114.2439453124999,
              34.1936221374942
            ],
            [
              -114.224365234375,
              34.19801666874399
            ],
            [
              -114.19267578124999,
              34.232123114056705
            ],
            [
              -114.15917968749986,
              34.25946686405669
            ],
            [
              -114.12749023437502,
              34.279608465619134
            ],
            [
              -114.119140625,
              34.29308502811914
            ],
            [
              -114.1249999999999,
              34.31408112186905
            ]
          ],
          [
            [
              -105.86083984374996,
              40.16522858280669
            ],
            [
              -105.85075683593747,
              40.171893621869245
            ],
            [
              -105.83403320312516,
              40.17084381718173
            ],
            [
              -105.81901855468747,
              40.17267487186918
            ],
            [
              -105.81577148437488,
              40.175970770306606
            ]
          ],
          [
            [
              -111.47343749999993,
              36.9321475281192
            ],
            [
              -111.45810546874985,
              36.96193268436901
            ],
            [
              -111.44384765624991,
              36.98053619999409
            ],
            [
              -111.43266601562487,
              36.98969147343163
            ],
            [
              -111.428955078125,
              37.00910065311902
            ],
            [
              -111.41667480468762,
              37.02721588749401
            ],
            [
              -111.35710449218752,
              37.01906159061906
            ],
            [
              -111.33212890625013,
              37.01776764530655
            ],
            [
              -111.2924072265624,
              37.0264834656191
            ],
            [
              -111.28247070312491,
              37.04103424686903
            ],
            [
              -111.28369140625,
              37.06867096561912
            ],
            [
              -111.27421875000012,
              37.079852606244096
            ],
            [
              -111.2236328124999,
              37.06622955936898
            ],
            [
              -111.20678710937503,
              37.06745026249406
            ],
            [
              -111.18857421874988,
              37.0806338562442
            ],
            [
              -111.16948242187506,
              37.10216705936895
            ],
            [
              -111.14934082031256,
              37.11200592655668
            ],
            [
              -111.13103027343749,
              37.109637762494074
            ],
            [
              -111.11132812499997,
              37.10949127811908
            ],
            [
              -111.09252929687501,
              37.112127996869056
            ],
            [
              -111.0646240234374,
              37.11364166874401
            ],
            [
              -111.02922363281239,
              37.11334869999417
            ],
            [
              -110.98837890625008,
              37.12018463749406
            ],
            [
              -110.95224609375012,
              37.1344668640567
            ],
            [
              -110.93254394531262,
              37.15289948124406
            ],
            [
              -110.91752929687493,
              37.17418854374422
            ],
            [
              -110.91057128906253,
              37.18068268436923
            ],
            [
              -110.89189453124992,
              37.192987371869116
            ],
            [
              -110.88151855468747,
              37.20275299686915
            ],
            [
              -110.87216796874995,
              37.218280340619216
            ],
            [
              -110.86662597656257,
              37.23383209843175
            ],
            [
              -110.8552734375001,
              37.24865143436902
            ],
            [
              -110.846728515625,
              37.26727936405654
            ],
            [
              -110.84067382812489,
              37.284979559369106
            ],
            [
              -110.83183593749993,
              37.29340241093173
            ],
            [
              -110.81201171875009,
              37.31818268436896
            ],
            [
              -110.78483886718745,
              37.33307526249421
            ],
            [
              -110.75488281249997,
              37.33307526249415
            ],
            [
              -110.73315429687497,
              37.34772369999414
            ],
            [
              -110.72631835937511,
              37.375311590619006
            ],
            [
              -110.72539062499999,
              37.39252350468155
            ],
            [
              -110.70395507812495,
              37.41627838749403
            ],
            [
              -110.68784179687496,
              37.43908112186906
            ],
            [
              -110.69780273437503,
              37.44606354374409
            ],
            [
              -110.70898437500004,
              37.45880768436922
            ],
            [
              -110.72380371093749,
              37.47711823124414
            ],
            [
              -110.72729492187503,
              37.49010651249412
            ],
            [
              -110.71020507812507,
              37.49196198124397
            ],
            [
              -110.69218750000007,
              37.490741278119174
            ],
            [
              -110.67045898437499,
              37.493231512494155
            ],
            [
              -110.65214843750013,
              37.50158112186904
            ],
            [
              -110.65063476562497,
              37.51557037968162
            ],
            [
              -110.64672851562499,
              37.53004791874418
            ],
            [
              -110.62370605468742,
              37.55170319218164
            ],
            [
              -110.61540527343764,
              37.56232330936911
            ],
            [
              -110.60180664062493,
              37.578070379681485
            ],
            [
              -110.58562011718763,
              37.59874909061918
            ],
            [
              -110.55747070312502,
              37.62145416874417
            ],
            [
              -110.5194580078124,
              37.64179108280657
            ],
            [
              -110.49321289062486,
              37.657904364056556
            ],
            [
              -110.47807617187487,
              37.67157623905658
            ],
            [
              -110.47392578125,
              37.68585846561906
            ],
            [
              -110.47470703125002,
              37.706317449994174
            ],
            [
              -110.4598876953126,
              37.724481512494066
            ],
            [
              -110.43505859374997,
              37.74274323124423
            ],
            [
              -110.42778320312516,
              37.76422760624412
            ],
            [
              -110.44165039062501,
              37.785760809369165
            ],
            [
              -110.45385742187499,
              37.80231354374404
            ],
            [
              -110.45488281250002,
              37.81391022343174
            ],
            [
              -110.44433593749991,
              37.824896551556655
            ],
            [
              -110.42016601562496,
              37.832147528119094
            ],
            [
              -110.40812988281247,
              37.84533112186909
            ],
            [
              -110.40356445312511,
              37.873480535931606
            ],
            [
              -110.38208007812511,
              37.89496491093158
            ],
            [
              -110.36772460937503,
              37.897894598431634
            ]
          ],
          [
            [
              -114.74138183593752,
              36.01349518436902
            ],
            [
              -114.72446289062499,
              36.027777410931535
            ],
            [
              -114.72001953125007,
              36.03883698124419
            ],
            [
              -114.71948242187497,
              36.050116278119006
            ],
            [
              -114.72282714843762,
              36.073016668744216
            ],
            [
              -114.72275390625008,
              36.08424713749404
            ],
            [
              -114.72124023437512,
              36.09259674686915
            ],
            [
              -114.718115234375,
              36.097284246869066
            ],
            [
              -114.71110839843745,
              36.10529205936912
            ],
            [
              -114.70727539062509,
              36.10883209843155
            ],
            [
              -114.70292968749995,
              36.11193268436926
            ],
            [
              -114.66943359374999,
              36.12470123905659
            ],
            [
              -114.63688964843745,
              36.14118073124416
            ],
            [
              -114.57890624999993,
              36.15350983280655
            ],
            [
              -114.56333007812508,
              36.158710028119046
            ],
            [
              -114.55485839843755,
              36.16046784061914
            ],
            [
              -114.54550781249998,
              36.15961334843153
            ],
            [
              -114.49204101562503,
              36.14679596561912
            ],
            [
              -114.4882812500001,
              36.14545319218168
            ],
            [
              -114.48291015625014,
              36.14288971561922
            ],
            [
              -114.47441406249989,
              36.13746979374416
            ],
            [
              -114.46411132812513,
              36.13202545780658
            ],
            [
              -114.4507324218751,
              36.12836334843149
            ],
            [
              -114.44296874999999,
              36.12763092655679
            ],
            [
              -114.43554687500013,
              36.12763092655673
            ],
            [
              -114.42875976562499,
              36.128436590619096
            ],
            [
              -114.4229492187501,
              36.13024323124398
            ],
            [
              -114.39731445312495,
              36.14288971561908
            ],
            [
              -114.39189453125,
              36.14489166874411
            ],
            [
              -114.38591308593757,
              36.14635651249405
            ],
            [
              -114.37924804687488,
              36.147284246869205
            ],
            [
              -114.37236328124996,
              36.147577215619194
            ],
            [
              -114.36572265625006,
              36.147088934368966
            ],
            [
              -114.35649414062507,
              36.144232489056684
            ],
            [
              -114.3475830078125,
              36.139715887494134
            ],
            [
              -114.33671874999983,
              36.130633856243975
            ],
            [
              -114.3271484375001,
              36.12067291874402
            ],
            [
              -114.31967773437503,
              36.11102936405666
            ],
            [
              -114.29721679687489,
              36.07037994999415
            ],
            [
              -114.28784179687509,
              36.05797760624397
            ],
            [
              -114.27539062500001,
              36.04552643436921
            ],
            [
              -114.25659179687489,
              36.032342840619215
            ],
            [
              -114.23369140624982,
              36.02435944218166
            ],
            [
              -114.20781250000003,
              36.02313873905666
            ],
            [
              -114.15874023437505,
              36.02960846561906
            ],
            [
              -114.1240234374999,
              36.04577057499412
            ],
            [
              -114.10844726562496,
              36.0893740906192
            ],
            [
              -114.09526367187496,
              36.12641022343162
            ],
            [
              -114.08422851562491,
              36.15753815311918
            ],
            [
              -114.06552734375003,
              36.178045965619035
            ],
            [
              -114.04533691406249,
              36.2004580749941
            ],
            [
              -114.0375976562501,
              36.20148346561912
            ],
            [
              -114.02092285156257,
              36.21210358280668
            ],
            [
              -114.00156249999992,
              36.217718817181776
            ],
            [
              -113.98862304687495,
              36.19721100468163
            ],
            [
              -113.98137207031249,
              36.18170807499417
            ],
            [
              -113.97128906250012,
              36.16246979374421
            ],
            [
              -113.96274414062485,
              36.14074127811904
            ],
            [
              -113.95141601562493,
              36.13764069218159
            ],
            [
              -113.93620605468752,
              36.1393496765567
            ],
            [
              -113.91911621093756,
              36.12897369999405
            ],
            [
              -113.89775390624992,
              36.10834381718169
            ],
            [
              -113.87070312499998,
              36.07929108280669
            ],
            [
              -113.83959960937497,
              36.06056549686919
            ],
            [
              -113.80742187499985,
              36.05573151249405
            ],
            [
              -113.78056640624995,
              36.04113190311905
            ],
            [
              -113.76396484374999,
              36.01720612186914
            ],
            [
              -113.7610839843751,
              36.01166412968158
            ],
            [
              -113.75986328124999,
              36.006659246869205
            ],
            [
              -113.75585937500009,
              35.98480866093165
            ],
            [
              -113.7366699218749,
              35.9675967468692
            ],
            [
              -113.71152343750006,
              35.939520574994134
            ],
            [
              -113.70688476562496,
              35.91791412968172
            ],
            [
              -113.69897460937497,
              35.89948151249418
            ],
            [
              -113.65629882812505,
              35.865497137494195
            ],
            [
              -113.65227050781259,
              35.85089752811916
            ],
            [
              -113.64218750000002,
              35.83678619999408
            ],
            [
              -113.63579101562496,
              35.83092682499404
            ]
          ],
          [
            [
              -114.64519042968747,
              35.630560614056506
            ],
            [
              -114.65283203125009,
              35.608832098431684
            ],
            [
              -114.6465820312501,
              35.56537506718163
            ],
            [
              -114.66772460937487,
              35.51696198124411
            ],
            [
              -114.65073242187516,
              35.47692291874415
            ],
            [
              -114.63242187499995,
              35.428656317181506
            ],
            [
              -114.60068359374992,
              35.376581121869165
            ],
            [
              -114.59099121093757,
              35.35280182499413
            ]
          ],
          [
            [
              -114.12504882812506,
              34.317206121869006
            ],
            [
              -114.12524414062496,
              34.32770416874409
            ],
            [
              -114.15715332031264,
              34.344989324994174
            ],
            [
              -114.16879882812489,
              34.3557803406191
            ],
            [
              -114.17846679687487,
              34.362616278119134
            ],
            [
              -114.195556640625,
              34.37030670780659
            ],
            [
              -114.27897949218737,
              34.42072174686907
            ],
            [
              -114.29387207031253,
              34.435419012494165
            ],
            [
              -114.29892578124992,
              34.438983465619145
            ],
            [
              -114.31884765625007,
              34.44982330936918
            ],
            [
              -114.32373046875006,
              34.45331452030663
            ],
            [
              -114.33139648437503,
              34.460516668744134
            ],
            [
              -114.33549804687506,
              34.463202215619155
            ],
            [
              -114.33952636718737,
              34.464471746868995
            ],
            [
              -114.3442871093751,
              34.46503327030656
            ],
            [
              -114.35727539062493,
              34.465521551556535
            ],
            [
              -114.36386718750015,
              34.466913153119165
            ],
            [
              -114.36899414062485,
              34.471454168744145
            ],
            [
              -114.373046875,
              34.478045965619046
            ],
            [
              -114.37607421875012,
              34.49005768436914
            ],
            [
              -114.37724609374989,
              34.499579168744006
            ],
            [
              -114.37712402343752,
              34.50031159061923
            ],
            [
              -114.37175292968747,
              34.5153994812442
            ],
            [
              -114.36728515624988,
              34.530096746869035
            ],
            [
              -114.37695312500003,
              34.53966705936922
            ]
          ]
        ]
      }
    },
    {
      "type": "Feature",
      "properties": {
        "id": "columbia-river",
        "label": "Columbia River",
        "name": "Columbia River",
        "sourceName": "Columbia",
        "type": "river",
        "kind": "river",
        "sourceDataset": "Natural Earth 10m Rivers, lake centerlines",
        "sourceFile": "ne_10m_rivers_lake_centerlines.shp",
        "sourceUrl": "https://naciscdn.org/naturalearth/10m/physical/ne_10m_rivers_lake_centerlines.zip",
        "naturalEarthFeatureClass": "River",
        "naturalEarthRiverNumber": 64,
        "naturalEarthRiverNumbers": [
          64
        ],
        "naturalEarthId": 1159124377,
        "naturalEarthIds": [
          1159124377,
          1159124363
        ],
        "sourceRecords": [
          {
            "naturalEarthId": 1159124377,
            "naturalEarthRiverNumber": 64,
            "featureClass": "River",
            "sourceName": "Columbia",
            "partStart": 0,
            "partCount": 8,
            "bounds": [
              -123.18009481300012,
              45.566107489056506,
              -115.86540527343763,
              52.10175202030655
            ]
          },
          {
            "naturalEarthId": 1159124363,
            "naturalEarthRiverNumber": 64,
            "featureClass": "Lake Centerline",
            "sourceName": "Columbia",
            "partStart": 8,
            "partCount": 5,
            "bounds": [
              -118.5266113281252,
              48.232367254681705,
              -117.51708984374979,
              52.10443756718171
            ]
          }
        ],
        "playableExposure": {
          "status": "memory-trail",
          "reason": "Accepted for this Memory Trail pass using the verified Natural Earth mainstem; dev-preview-only display repairs remain isolated from normal activity geometry."
        },
        "lineWidthPx": 2,
        "highlightWidthPx": 5,
        "hitWidthPx": 30
      },
      "geometry": {
        "type": "MultiLineString",
        "coordinates": [
          [
            [
              -117.51708984374979,
              51.659247137494084
            ],
            [
              -117.51311035156237,
              51.63971588749419
            ],
            [
              -117.50351562499996,
              51.628607489056634
            ],
            [
              -117.47612304687509,
              51.61078522343163
            ],
            [
              -117.41777343750007,
              51.538763739056506
            ],
            [
              -117.39414062500018,
              51.524481512494134
            ],
            [
              -117.36613769531264,
              51.51930573124413
            ],
            [
              -117.33554687499993,
              51.51784088749413
            ],
            [
              -117.25322265625022,
              51.504584051556655
            ],
            [
              -117.15551757812503,
              51.475946356244165
            ],
            [
              -117.11240234374989,
              51.45314362186902
            ],
            [
              -117.07890625000006,
              51.42255280155665
            ],
            [
              -117.00253906249996,
              51.316595770306556
            ],
            [
              -116.93798828124987,
              51.26447174686899
            ],
            [
              -116.92424316406246,
              51.24774811405648
            ],
            [
              -116.90166015624985,
              51.20509674686911
            ],
            [
              -116.88706054687499,
              51.18622467655665
            ],
            [
              -116.87114257812493,
              51.17450592655656
            ],
            [
              -116.81877441406259,
              51.14398834843165
            ],
            [
              -116.8011230468751,
              51.13781159061901
            ],
            [
              -116.77836914062514,
              51.13385651249415
            ],
            [
              -116.51416015625006,
              51.00568268436911
            ],
            [
              -116.43579101562513,
              50.95514557499422
            ],
            [
              -116.38793945312514,
              50.912958074993924
            ],
            [
              -116.35795898437516,
              50.87550690311919
            ],
            [
              -116.35205078125004,
              50.86005280155666
            ],
            [
              -116.15341796875006,
              50.69281647343173
            ],
            [
              -116.13688964843739,
              50.67243073124412
            ],
            [
              -116.11625976562506,
              50.633368231244134
            ],
            [
              -116.10190429687479,
              50.613641668744066
            ],
            [
              -116.06108398437512,
              50.570428778119094
            ],
            [
              -116.05039062499999,
              50.55499909061918
            ],
            [
              -116.01201171875016,
              50.48468659061925
            ],
            [
              -115.99082031250015,
              50.45502350468171
            ],
            [
              -115.89550781250011,
              50.368280340619066
            ],
            [
              -115.87207031249989,
              50.33483307499418
            ],
            [
              -115.86540527343763,
              50.28746979374402
            ]
          ],
          [
            [
              -117.90642089843752,
              50.68287994999427
            ],
            [
              -117.95239257812484,
              50.71559479374416
            ],
            [
              -117.98222656249996,
              50.72584869999416
            ],
            [
              -117.98984374999984,
              50.74000885624412
            ],
            [
              -117.99626464843756,
              50.77472565311902
            ],
            [
              -118.0078613281248,
              50.80353424686903
            ],
            [
              -118.0139648437499,
              50.81195709843162
            ],
            [
              -118.02294921875,
              50.816180731244174
            ],
            [
              -118.04541015624994,
              50.815130926556634
            ],
            [
              -118.05493164062506,
              50.818793035931456
            ],
            [
              -118.07036132812492,
              50.83722565311919
            ],
            [
              -118.07878417968737,
              50.84362213749411
            ],
            [
              -118.08837890624989,
              50.84821198124408
            ],
            [
              -118.11972656250018,
              50.8566348328065
            ],
            [
              -118.11142578125006,
              50.87506744999423
            ],
            [
              -118.12192382812486,
              50.88854401249407
            ],
            [
              -118.16447753906246,
              50.914984442181655
            ],
            [
              -118.182666015625,
              50.931830145306755
            ],
            [
              -118.20053710937508,
              50.952704168744084
            ],
            [
              -118.21501464843767,
              50.97614166874419
            ],
            [
              -118.22282714843733,
              51.00067780155657
            ],
            [
              -118.22014160156236,
              51.02594635624426
            ],
            [
              -118.19492187500003,
              51.05182526249419
            ],
            [
              -118.18864746093739,
              51.07262604374415
            ],
            [
              -118.1946777343752,
              51.09503815311919
            ],
            [
              -118.20646972656246,
              51.118963934368985
            ],
            [
              -118.21445312500005,
              51.14284088749399
            ],
            [
              -118.2091552734374,
              51.164496160931535
            ],
            [
              -118.21416015625012,
              51.191034246869236
            ],
            [
              -118.23015136718752,
              51.227972723431705
            ],
            [
              -118.25351562499988,
              51.26080963749409
            ],
            [
              -118.3190185546875,
              51.30914948124408
            ],
            [
              -118.37485351562516,
              51.33209869999416
            ],
            [
              -118.39409179687503,
              51.343280340618996
            ],
            [
              -118.43749999999987,
              51.38654205936904
            ],
            [
              -118.50126953125009,
              51.49555084843168
            ],
            [
              -118.53874511718752,
              51.542547918744255
            ],
            [
              -118.60986328124987,
              51.584051824994056
            ],
            [
              -118.62065429687512,
              51.60028717655651
            ],
            [
              -118.62687988281236,
              51.63746979374418
            ],
            [
              -118.63615722656232,
              51.64911530155661
            ],
            [
              -118.65927734375006,
              51.66369049686909
            ],
            [
              -118.66782226562509,
              51.67223541874404
            ],
            [
              -118.6741699218749,
              51.74286530155679
            ],
            [
              -118.68554687500001,
              51.754754949994165
            ],
            [
              -118.68571777343767,
              51.76564362186916
            ],
            [
              -118.65422363281252,
              51.829901434369056
            ],
            [
              -118.59545898437517,
              51.87706940311912
            ],
            [
              -118.5859375000001,
              51.88825104374393
            ],
            [
              -118.5796875,
              51.97389557499412
            ],
            [
              -118.5852050781249,
              51.99787018436912
            ],
            [
              -118.59416503906255,
              52.017645574993985
            ],
            [
              -118.59843750000009,
              52.03527252811915
            ],
            [
              -118.58964843749996,
              52.052752996869046
            ],
            [
              -118.56657714843739,
              52.08429596561915
            ],
            [
              -118.55144042968757,
              52.098504949993924
            ],
            [
              -118.52963867187489,
              52.10175202030655
            ]
          ],
          [
            [
              -118.0924560546875,
              49.80153229374426
            ],
            [
              -118.09147949218736,
              49.82611725468159
            ],
            [
              -118.08945312500009,
              49.85590241093174
            ],
            [
              -118.08457031250005,
              49.88336823124414
            ],
            [
              -118.06828613281263,
              49.90790436405658
            ],
            [
              -118.04370117187497,
              49.9259707703067
            ],
            [
              -118.01718750000006,
              49.938495184369145
            ],
            [
              -117.95532226562484,
              49.95910065311915
            ],
            [
              -117.93188476562514,
              49.97130768436904
            ],
            [
              -117.90996093749983,
              49.991644598431606
            ],
            [
              -117.89965820312511,
              50.017157293744155
            ],
            [
              -117.91093749999997,
              50.04479401249418
            ],
            [
              -117.92944335937509,
              50.070624090619155
            ],
            [
              -117.92978515624995,
              50.08881256718152
            ],
            [
              -117.91123046875016,
              50.09955475468152
            ],
            [
              -117.88017578124992,
              50.103143621869286
            ]
          ],
          [
            [
              -118.36621093750023,
              52.08996002811915
            ],
            [
              -118.35009765625004,
              52.07770416874417
            ],
            [
              -118.31718749999983,
              52.06007721561923
            ],
            [
              -118.28623046875005,
              52.052118231244165
            ],
            [
              -118.25969238281246,
              52.0329043640565
            ],
            [
              -118.24699707031253,
              52.028509832806684
            ],
            [
              -118.20708007812507,
              52.02094147343159
            ],
            [
              -118.13305664062514,
              51.98766510624411
            ],
            [
              -118.06560058593749,
              51.97228424686915
            ],
            [
              -118.01787109375012,
              51.93353912968159
            ],
            [
              -117.99003906249985,
              51.91864655155666
            ],
            [
              -117.89165039062512,
              51.88673737186923
            ],
            [
              -117.87272949218743,
              51.87018463749423
            ]
          ],
          [
            [
              -118.07353515624992,
              48.66351959843152
            ],
            [
              -118.05302734375009,
              48.669696356244074
            ],
            [
              -118.04155273437489,
              48.67926666874427
            ],
            [
              -118.03964843749999,
              48.693377996869245
            ],
            [
              -118.06132812499992,
              48.73839752811916
            ],
            [
              -118.06210937500016,
              48.74603912968159
            ],
            [
              -118.05737304687509,
              48.75294830936908
            ],
            [
              -118.0492431640623,
              48.75617096561912
            ],
            [
              -118.04013671874999,
              48.758319403119124
            ],
            [
              -118.0324707031251,
              48.761737371869174
            ],
            [
              -118.02153320312509,
              48.77387116093163
            ],
            [
              -118.0133544921874,
              48.787298895306506
            ],
            [
              -118.00341796875011,
              48.79962799686906
            ],
            [
              -117.98710937499983,
              48.808783270306535
            ],
            [
              -117.97648925781247,
              48.81066315311893
            ],
            [
              -117.95532226562507,
              48.81073639530647
            ],
            [
              -117.94531250000001,
              48.81232330936903
            ],
            [
              -117.93735351562516,
              48.816229559369106
            ],
            [
              -117.91782226562495,
              48.83539459843169
            ],
            [
              -117.73918457031245,
              48.95192291874403
            ],
            [
              -117.67148437499995,
              48.97492096561905
            ],
            [
              -117.6468261718749,
              48.98756744999429
            ],
            [
              -117.62851562500018,
              49.00646393436918
            ],
            [
              -117.62138671874986,
              49.03283112186905
            ],
            [
              -117.62846679687479,
              49.065936590619046
            ],
            [
              -117.64697265624993,
              49.085223699994025
            ],
            [
              -117.67290039062513,
              49.09645416874405
            ],
            [
              -117.71582031250009,
              49.109247137494194
            ],
            [
              -117.72373046874992,
              49.112616278119084
            ],
            [
              -117.7275878906248,
              49.11969635624395
            ],
            [
              -117.72924804687516,
              49.13478424686912
            ],
            [
              -117.72233886718723,
              49.16693756718152
            ],
            [
              -117.7032226562498,
              49.18727448124407
            ],
            [
              -117.68046874999982,
              49.204535223431535
            ],
            [
              -117.66259765625,
              49.227606512494035
            ],
            [
              -117.66057128906257,
              49.240252996869124
            ],
            [
              -117.66289062499987,
              49.28729889530651
            ],
            [
              -117.65795898437507,
              49.31854889530655
            ],
            [
              -117.65935058593749,
              49.32746002811919
            ],
            [
              -117.67172851562498,
              49.3381533874942
            ],
            [
              -117.692236328125,
              49.343622137494165
            ],
            [
              -117.71464843750002,
              49.345819403119194
            ],
            [
              -117.85454101562499,
              49.33527252811909
            ],
            [
              -117.89470214843752,
              49.33966705936916
            ],
            [
              -117.90708007812506,
              49.341620184368956
            ]
          ],
          [
            [
              -118.16821289062507,
              48.232367254681705
            ],
            [
              -118.18725585937503,
              48.193304754681634
            ],
            [
              -118.19633789062499,
              48.17108795780667
            ],
            [
              -118.18864746093739,
              48.14984772343155
            ],
            [
              -118.22006835937506,
              48.12409088749398
            ],
            [
              -118.23222656249995,
              48.10797760624419
            ],
            [
              -118.23710937499993,
              48.085272528119106
            ],
            [
              -118.2373535156249,
              48.06683991093158
            ],
            [
              -118.2411376953123,
              48.05040924686905
            ],
            [
              -118.25322265624997,
              48.03668854374398
            ],
            [
              -118.2780761718749,
              48.026312567181535
            ],
            [
              -118.30454101562503,
              48.02623932499405
            ],
            [
              -118.35820312500007,
              48.03698151249408
            ],
            [
              -118.37705078125006,
              48.03004791874415
            ],
            [
              -118.38347167968739,
              48.011908270306606
            ],
            [
              -118.37304687500004,
              47.996405340619035
            ],
            [
              -118.35686035156246,
              47.981390692181606
            ],
            [
              -118.34570312500011,
              47.96491119999412
            ],
            [
              -118.34570312500006,
              47.930731512494035
            ],
            [
              -118.34025878906245,
              47.90382721561912
            ],
            [
              -118.33945312500005,
              47.89318268436912
            ],
            [
              -118.34228515625013,
              47.870965887494215
            ],
            [
              -118.35075683593736,
              47.85224030155669
            ],
            [
              -118.36564941406232,
              47.83930084843158
            ],
            [
              -118.38730468749998,
              47.834491278119245
            ],
            [
              -118.41118164062507,
              47.84100983280655
            ],
            [
              -118.44511718750005,
              47.869086004681705
            ],
            [
              -118.46611328125013,
              47.875506903119025
            ],
            [
              -118.51391601562513,
              47.87550690311908
            ],
            [
              -118.52148437500001,
              47.87885162968162
            ],
            [
              -118.52556152343759,
              47.88678619999421
            ],
            [
              -118.528173828125,
              47.89606354374401
            ],
            [
              -118.5312988281248,
              47.90343659061901
            ],
            [
              -118.54809570312514,
              47.91681549686922
            ],
            [
              -118.57133789062505,
              47.925238348431606
            ],
            [
              -118.67871093750009,
              47.938177801556634
            ],
            [
              -118.69206542968733,
              47.935248114056584
            ],
            [
              -118.69963378906246,
              47.9280459656191
            ],
            [
              -118.70605468750007,
              47.9188906921816
            ],
            [
              -118.71623535156259,
              47.910223699994035
            ],
            [
              -118.73374023437485,
              47.90619537968175
            ],
            [
              -118.7638427734376,
              47.90392487186904
            ],
            [
              -118.7923339843751,
              47.90734284061897
            ],
            [
              -118.81748046875003,
              47.93468659061919
            ],
            [
              -118.84611816406253,
              47.94025299686907
            ],
            [
              -118.90063476562518,
              47.938177801556776
            ],
            [
              -118.92553710937511,
              47.9335391296815
            ],
            [
              -118.94768066406255,
              47.93207428593159
            ],
            [
              -118.9634765625001,
              47.93947174686917
            ],
            [
              -118.96948242187493,
              47.96149323124421
            ],
            [
              -118.96831054687493,
              48.00446198124421
            ],
            [
              -118.97600097656266,
              48.01874420780665
            ],
            [
              -118.99741210937506,
              48.03375885624416
            ],
            [
              -119.01855468749997,
              48.043329168744265
            ],
            [
              -119.02353515624993,
              48.04828522343171
            ],
            [
              -119.04936523437509,
              48.09577057499399
            ],
            [
              -119.0520507812501,
              48.10516998905664
            ],
            [
              -119.06249999999989,
              48.121893621869155
            ],
            [
              -119.08725585937493,
              48.131463934369116
            ],
            [
              -119.11662597656235,
              48.13561432499405
            ],
            [
              -119.14079589843749,
              48.13617584843165
            ],
            [
              -119.16235351562496,
              48.13258698124414
            ],
            [
              -119.2050048828123,
              48.11876862186901
            ],
            [
              -119.229541015625,
              48.115741278119124
            ],
            [
              -119.25895996093733,
              48.10285065311909
            ],
            [
              -119.26433105468749,
              48.098578192181606
            ],
            [
              -119.2708496093751,
              48.096014715618935
            ],
            [
              -119.30185546874982,
              48.106146551556556
            ],
            [
              -119.31210937499998,
              48.108221746869134
            ],
            [
              -119.326953125,
              48.09401276249395
            ],
            [
              -119.34465332031247,
              48.04992096561922
            ],
            [
              -119.36394042968752,
              48.040594793744056
            ],
            [
              -119.42668457031266,
              48.04913971561912
            ],
            [
              -119.44409179687493,
              48.06146881718165
            ],
            [
              -119.456103515625,
              48.06732819218154
            ],
            [
              -119.50351562499998,
              48.070013739056506
            ],
            [
              -119.5463134765626,
              48.05397369999403
            ],
            [
              -119.62802734375019,
              48.012640692181634
            ],
            [
              -119.65161132812489,
              48.009100653119226
            ],
            [
              -119.68449707031237,
              48.00873444218161
            ],
            [
              -119.70708007812513,
              48.01647369999411
            ],
            [
              -119.69975585937509,
              48.03717682499409
            ],
            [
              -119.68864746093739,
              48.06032135624413
            ],
            [
              -119.7023925781248,
              48.075311590619094
            ],
            [
              -119.76945800781252,
              48.09430573124426
            ],
            [
              -119.77824707031255,
              48.09523346561901
            ],
            [
              -119.78696289062496,
              48.09259674686912
            ],
            [
              -119.7974609375001,
              48.07977936405648
            ],
            [
              -119.80559082031259,
              48.074774481244226
            ],
            [
              -119.81425781250007,
              48.07335846561916
            ],
            [
              -119.84311523437492,
              48.074774481244106
            ],
            [
              -119.8527099609374,
              48.07257721561915
            ],
            [
              -119.86870117187499,
              48.06325104374415
            ],
            [
              -119.8958007812499,
              48.05597565311916
            ],
            [
              -119.89951171875012,
              48.04376862186899
            ],
            [
              -119.89404296874993,
              48.028998114056705
            ],
            [
              -119.87590332031246,
              48.00587799686919
            ],
            [
              -119.87133789062516,
              47.99547760624414
            ],
            [
              -119.86699218750005,
              47.97169830936911
            ],
            [
              -119.85888671875007,
              47.94769928593166
            ],
            [
              -119.86113281250006,
              47.93829987186901
            ],
            [
              -119.87443847656246,
              47.923895574994
            ],
            [
              -119.88127441406262,
              47.91954987186905
            ],
            [
              -119.89848632812485,
              47.91156647343165
            ],
            [
              -119.90520019531239,
              47.90680573124404
            ],
            [
              -119.9078857421876,
              47.89850494999409
            ],
            [
              -119.90097656249993,
              47.881415106244226
            ],
            [
              -119.90520019531256,
              47.872381903119106
            ],
            [
              -119.9358886718749,
              47.85370514530671
            ],
            [
              -119.95029296875009,
              47.84137604374408
            ],
            [
              -119.96171874999987,
              47.81349518436913
            ],
            [
              -119.97460937499994,
              47.80255768436918
            ],
            [
              -119.99047851562507,
              47.79332916874408
            ],
            [
              -120.0048095703124,
              47.78737213749409
            ],
            [
              -120.01840820312509,
              47.787372137493975
            ],
            [
              -120.04135742187502,
              47.78143952030662
            ],
            [
              -120.05258789062525,
              47.77990143436926
            ],
            [
              -120.0674316406249,
              47.78107330936915
            ],
            [
              -120.09497070312501,
              47.78620026249402
            ],
            [
              -120.11064453125007,
              47.787372137493975
            ],
            [
              -120.12890625000013,
              47.7832217468691
            ],
            [
              -120.17741699218749,
              47.76190827030659
            ],
            [
              -120.18974609374992,
              47.75255768436913
            ],
            [
              -120.18881835937503,
              47.73651764530654
            ],
            [
              -120.17895507812503,
              47.687811590619084
            ],
            [
              -120.18603515625017,
              47.67750885624421
            ],
            [
              -120.19931640624989,
              47.666693426556755
            ],
            [
              -120.2170898437501,
              47.59552643436916
            ],
            [
              -120.2768554687499,
              47.538104559369124
            ],
            [
              -120.28598632812485,
              47.51613190311907
            ],
            [
              -120.28593750000007,
              47.47194244999413
            ],
            [
              -120.281982421875,
              47.4525088562441
            ],
            [
              -120.271728515625,
              47.43048737186918
            ],
            [
              -120.23583984374984,
              47.399359442181584
            ],
            [
              -120.18596191406243,
              47.38439362186917
            ],
            [
              -120.134375,
              47.3752627624941
            ],
            [
              -120.09355468749983,
              47.36151764530663
            ],
            [
              -120.08178710937494,
              47.35309479374415
            ],
            [
              -120.0741455078125,
              47.34503815311911
            ],
            [
              -120.06992187499989,
              47.33698151249399
            ],
            [
              -120.06835937499997,
              47.32880280155666
            ],
            [
              -120.07309570312488,
              47.28302643436919
            ],
            [
              -120.068212890625,
              47.2575869812441
            ],
            [
              -120.05510253906262,
              47.24872467655653
            ],
            [
              -120.03549804687492,
              47.245868231244216
            ],
            [
              -120.01164550781253,
              47.2386416687441
            ],
            [
              -119.99663085937499,
              47.22479889530665
            ],
            [
              -119.99064941406247,
              47.205585028119216
            ],
            [
              -119.99052734374995,
              47.15978424686902
            ],
            [
              -119.99594726562492,
              47.141058660931705
            ],
            [
              -120.01701660156249,
              47.10956452030653
            ],
            [
              -120.01782226562489,
              47.08783600468153
            ],
            [
              -120.00261230468762,
              47.069110418744174
            ],
            [
              -119.99797363281247,
              47.05988190311908
            ],
            [
              -119.99052734375006,
              47.01581452030666
            ],
            [
              -119.98417968749993,
              46.998797918744074
            ],
            [
              -119.95378417968749,
              46.962225653119106
            ],
            [
              -119.94335937500014,
              46.94386627811917
            ],
            [
              -119.94028320312486,
              46.924432684369165
            ],
            [
              -119.94335937500014,
              46.865008856244124
            ],
            [
              -119.94003906249989,
              46.85939362186911
            ],
            [
              -119.92553710937484,
              46.84027741093168
            ],
            [
              -119.92221679687506,
              46.83087799686926
            ],
            [
              -119.92412109374986,
              46.807245184368966
            ],
            [
              -119.93774414062493,
              46.74342682499402
            ],
            [
              -119.9322265625,
              46.70827057499405
            ],
            [
              -119.91318359374985,
              46.67799713749413
            ],
            [
              -119.88066406250014,
              46.649603582806556
            ],
            [
              -119.84306640624999,
              46.63927643436927
            ],
            [
              -119.69633789062499,
              46.66266510624416
            ],
            [
              -119.63994140625005,
              46.660589910931556
            ],
            [
              -119.61186523437483,
              46.66290924686899
            ],
            [
              -119.58989257812487,
              46.673211981244236
            ],
            [
              -119.53183593749995,
              46.72472565311916
            ],
            [
              -119.51352539062512,
              46.73414948124413
            ],
            [
              -119.49199218749985,
              46.73766510624404
            ],
            [
              -119.47070312500014,
              46.73371002811909
            ],
            [
              -119.42587890624995,
              46.700995184369006
            ],
            [
              -119.42197265625013,
              46.693963934369066
            ],
            [
              -119.41928710937509,
              46.68322174686912
            ],
            [
              -119.41259765625007,
              46.678900457806506
            ],
            [
              -119.40373535156229,
              46.67621491093151
            ],
            [
              -119.39462890624998,
              46.67011139530676
            ],
            [
              -119.38266601562495,
              46.65338776249402
            ],
            [
              -119.36442871093752,
              46.620062567181606
            ],
            [
              -119.34995117187498,
              46.60431549686906
            ],
            [
              -119.27800292968746,
              46.54723541874418
            ],
            [
              -119.25786132812502,
              46.51373932499408
            ],
            [
              -119.25529785156243,
              46.47455475468162
            ],
            [
              -119.25732421875011,
              46.438739324994
            ],
            [
              -119.2506591796875,
              46.41559479374405
            ],
            [
              -119.25175781250017,
              46.39752838749419
            ],
            [
              -119.24414062499994,
              46.3554141296816
            ],
            [
              -119.24382324218737,
              46.333685614056684
            ],
            [
              -119.24838867187485,
              46.32196686405651
            ],
            [
              -119.25480957031257,
              46.31415436405662
            ],
            [
              -119.25927734374984,
              46.30609772343153
            ],
            [
              -119.25749511718752,
              46.29332916874405
            ],
            [
              -119.25078124999992,
              46.28339264530665
            ],
            [
              -119.24162597656253,
              46.27814362186916
            ],
            [
              -119.13574218750013,
              46.241815496869016
            ],
            [
              -119.05205078124982,
              46.22382233280655
            ]
          ],
          [
            [
              -118.91943359375007,
              46.07985260624419
            ],
            [
              -118.92619628906255,
              46.056170965619025
            ],
            [
              -118.93754882812483,
              46.03815338749412
            ],
            [
              -118.95207519531242,
              46.024115301556684
            ],
            [
              -118.98740234374992,
              46.01183502811915
            ],
            [
              -119.04460449218766,
              45.96437409061918
            ],
            [
              -119.09335937499992,
              45.94874909061917
            ],
            [
              -119.34140625000012,
              45.94606354374412
            ],
            [
              -119.42912597656252,
              45.934149481244106
            ],
            [
              -119.47966308593737,
              45.927313543744184
            ],
            [
              -119.54892578125013,
              45.92963287968145
            ],
            [
              -119.57529296875,
              45.92750885624408
            ],
            [
              -119.59179687500013,
              45.92108795780668
            ],
            [
              -119.62060546875003,
              45.89552643436917
            ],
            [
              -119.66252441406257,
              45.87169830936904
            ],
            [
              -119.9342529296873,
              45.83790924686906
            ],
            [
              -120.08049316406255,
              45.794696356244
            ],
            [
              -120.12729492187499,
              45.78900787968163
            ],
            [
              -120.1455078125,
              45.78046295780656
            ],
            [
              -120.17612304687512,
              45.758905340618995
            ],
            [
              -120.20219726562483,
              45.7457949890566
            ],
            [
              -120.22998046875006,
              45.736932684368995
            ],
            [
              -120.2454589843749,
              45.735907293744184
            ],
            [
              -120.27495117187516,
              45.740106512494044
            ],
            [
              -120.29013671874996,
              45.740301824994
            ],
            [
              -120.30070800781239,
              45.7382998718691
            ],
            [
              -120.33994140625003,
              45.721698309368946
            ],
            [
              -120.36264648437485,
              45.71515534061912
            ],
            [
              -120.37412109375005,
              45.71405670780674
            ],
            [
              -120.42563476562518,
              45.720770574994134
            ],
            [
              -120.43437499999979,
              45.71935455936913
            ],
            [
              -120.45859374999999,
              45.71088287968152
            ],
            [
              -120.47026367187497,
              45.710028387494106
            ],
            [
              -120.62102050781262,
              45.73078034061916
            ],
            [
              -120.6315185546875,
              45.728949285931584
            ],
            [
              -120.65805664062503,
              45.71649811405656
            ],
            [
              -120.66496582031247,
              45.71071198124412
            ],
            [
              -120.66870117187489,
              45.703314520306655
            ],
            [
              -120.7158203124999,
              45.68981354374412
            ],
            [
              -120.78703613281232,
              45.679510809369134
            ],
            [
              -120.79443359375007,
              45.677313543744106
            ],
            [
              -120.83879394531235,
              45.652460028119194
            ],
            [
              -120.84399414062496,
              45.65131256718173
            ],
            [
              -120.85751953124996,
              45.65058014530656
            ],
            [
              -120.90019531250009,
              45.641717840619194
            ],
            [
              -120.94279785156239,
              45.6455264343692
            ],
            [
              -120.95720214843729,
              45.65016510624399
            ],
            [
              -120.9683105468749,
              45.65123932499425
            ],
            [
              -121.00122070312511,
              45.64992096561902
            ],
            [
              -121.006884765625,
              45.65033600468174
            ],
            [
              -121.01787109375012,
              45.65253327030662
            ],
            [
              -121.03898925781245,
              45.65326569218168
            ],
            [
              -121.04399414062505,
              45.652850653119074
            ],
            [
              -121.13298339843742,
              45.624090887494134
            ],
            [
              -121.15507812499997,
              45.6221377624942
            ],
            [
              -121.17294921875015,
              45.63165924686906
            ],
            [
              -121.18645019531262,
              45.65260651249416
            ],
            [
              -121.19426269531246,
              45.670233465619276
            ],
            [
              -121.20434570312509,
              45.68488190311915
            ],
            [
              -121.22446289062503,
              45.696844793744
            ],
            [
              -121.27189941406253,
              45.70868561405652
            ],
            [
              -121.57031249999987,
              45.72936432499399
            ],
            [
              -121.71757812499996,
              45.709906317181634
            ],
            [
              -121.79272460937483,
              45.721307684369094
            ],
            [
              -121.8208984374999,
              45.71735260624406
            ],
            [
              -121.86247558593759,
              45.700702215619174
            ],
            [
              -121.93107910156257,
              45.659979559368985
            ],
            [
              -121.97119140625001,
              45.642279364056535
            ],
            [
              -122.14990234375007,
              45.593866278119066
            ]
          ],
          [
            [
              -123.18009481300012,
              46.17910209500012
            ],
            [
              -123.17723055084934,
              46.17918688146933
            ],
            [
              -123.17202307780275,
              46.17851875713481
            ],
            [
              -123.11191406250009,
              46.186346746869006
            ],
            [
              -123.09245605468745,
              46.182635809369145
            ],
            [
              -123.07910156250009,
              46.17328522343171
            ],
            [
              -123.04394531250014,
              46.15473053593165
            ],
            [
              -123.03007812500006,
              46.14923737186899
            ],
            [
              -122.99956054687482,
              46.14537994999414
            ],
            [
              -122.96679687500001,
              46.13556549686897
            ],
            [
              -122.9357177734374,
              46.12208893436913
            ],
            [
              -122.91025390624999,
              46.10768463749412
            ],
            [
              -122.89184570312486,
              46.09230377811919
            ],
            [
              -122.87419433593746,
              46.07179596561898
            ],
            [
              -122.86088867187505,
              46.04950592655653
            ],
            [
              -122.8500976562498,
              46.01129791874408
            ],
            [
              -122.83684082031233,
              46.00018952030666
            ],
            [
              -122.82065429687515,
              45.99066803593169
            ],
            [
              -122.80664062500001,
              45.97797272343172
            ],
            [
              -122.80063476562503,
              45.96137116093156
            ],
            [
              -122.79257812499993,
              45.916131903119144
            ],
            [
              -122.77416992187513,
              45.88117096561919
            ],
            [
              -122.77597656250015,
              45.862665106244116
            ],
            [
              -122.7806884765626,
              45.842474676556535
            ],
            [
              -122.7799560546876,
              45.819647528118985
            ],
            [
              -122.75725097656246,
              45.792010809369046
            ],
            [
              -122.75322265625012,
              45.782098699994016
            ],
            [
              -122.75419921875005,
              45.77111237186914
            ],
            [
              -122.75847167968737,
              45.751898504681606
            ],
            [
              -122.75944824218742,
              45.74079010624414
            ],
            [
              -122.75456542968743,
              45.701727606243985
            ],
            [
              -122.74821777343757,
              45.679315496869094
            ],
            [
              -122.73894042968736,
              45.66266510624406
            ],
            [
              -122.72172851562502,
              45.648749090619184
            ],
            [
              -122.69799804687493,
              45.63551666874403
            ],
            [
              -122.6731933593749,
              45.62555573124422
            ],
            [
              -122.59497070312511,
              45.61420319218166
            ],
            [
              -122.55461425781243,
              45.62208893436915
            ],
            [
              -122.53972167968737,
              45.62164948124418
            ],
            [
              -122.50725097656264,
              45.60980866093162
            ],
            [
              -122.45610351562502,
              45.600043035931584
            ],
            [
              -122.42619628906237,
              45.587958074994035
            ],
            [
              -122.3417236328123,
              45.58693268436919
            ],
            [
              -122.26115722656246,
              45.566107489056506
            ],
            [
              -122.24179687499998,
              45.569842840618975
            ],
            [
              -122.22465820312492,
              45.57770416874418
            ],
            [
              -122.14995117187483,
              45.593768621869
            ]
          ],
          [
            [
              -117.87272949218743,
              51.87018463749423
            ],
            [
              -117.8594238281248,
              51.86559479374415
            ],
            [
              -117.83842773437514,
              51.856219793744025
            ],
            [
              -117.81186523437498,
              51.845648504681776
            ],
            [
              -117.78330078124988,
              51.836981512494155
            ],
            [
              -117.75546875000019,
              51.82684967655659
            ],
            [
              -117.72568359374986,
              51.813910223431655
            ],
            [
              -117.69316406250013,
              51.792596746869116
            ],
            [
              -117.66162109374994,
              51.762713934369046
            ],
            [
              -117.64641113281239,
              51.73627350468166
            ],
            [
              -117.63217773437493,
              51.720404364056535
            ],
            [
              -117.59501953124996,
              51.706488348431634
            ],
            [
              -117.55791015625,
              51.68964264530656
            ],
            [
              -117.51708984374979,
              51.659247137494084
            ]
          ],
          [
            [
              -117.88017578124992,
              50.103143621869286
            ],
            [
              -117.85546875000006,
              50.11461823124408
            ],
            [
              -117.8270019531251,
              50.13165924686916
            ],
            [
              -117.81738281249999,
              50.152362371869145
            ],
            [
              -117.80961914062479,
              50.17760651249405
            ],
            [
              -117.81723632812502,
              50.20665924686901
            ],
            [
              -117.83696289062495,
              50.23847077030658
            ],
            [
              -117.88657226562518,
              50.31049225468164
            ],
            [
              -117.90844726562483,
              50.35143463749428
            ],
            [
              -117.92009277343755,
              50.39240143436921
            ],
            [
              -117.92138671874982,
              50.499139715619144
            ],
            [
              -117.92631835937493,
              50.584784246869155
            ],
            [
              -117.91796874999994,
              50.62299225468155
            ],
            [
              -117.90397949218742,
              50.65558502811925
            ],
            [
              -117.90214843749986,
              50.674432684369016
            ],
            [
              -117.90568847656235,
              50.68200104374402
            ]
          ],
          [
            [
              -118.36621093750023,
              52.08996002811915
            ],
            [
              -118.38103027343757,
              52.09027741093155
            ],
            [
              -118.40837402343755,
              52.09442780155662
            ],
            [
              -118.44970703125001,
              52.10443756718171
            ],
            [
              -118.5266113281252,
              52.102118231244134
            ]
          ],
          [
            [
              -117.90722656250014,
              49.34162018436907
            ],
            [
              -118.0272705078126,
              49.40675690311905
            ],
            [
              -118.0827636718749,
              49.45143463749416
            ],
            [
              -118.12329101562486,
              49.50604889530656
            ],
            [
              -118.13940429687504,
              49.57018463749422
            ],
            [
              -118.14311523437493,
              49.62194244999426
            ],
            [
              -118.13608398437508,
              49.66334869999422
            ],
            [
              -118.1265625000001,
              49.704657293743985
            ],
            [
              -118.0924560546875,
              49.80153229374426
            ]
          ],
          [
            [
              -118.16821289062507,
              48.232367254681705
            ],
            [
              -118.16740722656245,
              48.253363348431535
            ],
            [
              -118.16796875000001,
              48.28400299686906
            ],
            [
              -118.19370117187486,
              48.3519961609317
            ],
            [
              -118.21201171875016,
              48.43463776249406
            ],
            [
              -118.20854492187493,
              48.46154205936898
            ],
            [
              -118.19548339843749,
              48.484247137494066
            ],
            [
              -118.18242187500014,
              48.500555731244056
            ],
            [
              -118.16796874999984,
              48.52101471561913
            ],
            [
              -118.15324707031243,
              48.54828522343166
            ],
            [
              -118.14404296875014,
              48.574286199994205
            ],
            [
              -118.13420410156255,
              48.59870026249399
            ],
            [
              -118.12016601562499,
              48.61476471561911
            ],
            [
              -118.10686035156256,
              48.62775299686906
            ],
            [
              -118.09628906250013,
              48.647772528119006
            ],
            [
              -118.08286132812502,
              48.661200262494
            ],
            [
              -118.07285156250013,
              48.663690496869094
            ],
            [
              -118.0721923828125,
              48.66388580936902
            ]
          ]
        ]
      }
    },
    {
      "type": "Feature",
      "properties": {
        "id": "mississippi-river",
        "label": "Mississippi River",
        "name": "Mississippi River",
        "sourceName": "Mississippi",
        "type": "river",
        "kind": "river",
        "sourceDataset": "Natural Earth 10m Rivers, lake centerlines",
        "sourceFile": "ne_10m_rivers_lake_centerlines.shp",
        "sourceUrl": "https://naciscdn.org/naturalearth/10m/physical/ne_10m_rivers_lake_centerlines.zip",
        "naturalEarthFeatureClass": "River",
        "naturalEarthRiverNumber": 3,
        "naturalEarthRiverNumbers": [
          3,
          156
        ],
        "naturalEarthId": 1159119147,
        "naturalEarthIds": [
          1159119147,
          1159112621,
          1159112609
        ],
        "sourceRecords": [
          {
            "naturalEarthId": 1159119147,
            "naturalEarthRiverNumber": 3,
            "featureClass": "River",
            "sourceName": "Mississippi",
            "partStart": 0,
            "partCount": 5,
            "bounds": [
              -91.66166992187499,
              28.92833893436918,
              -89.03056640624999,
              38.818670965618985
            ]
          },
          {
            "naturalEarthId": 1159112621,
            "naturalEarthRiverNumber": 156,
            "featureClass": "River",
            "sourceName": "Mississippi",
            "partStart": 5,
            "partCount": 3,
            "bounds": [
              -95.25815429687489,
              38.818670965618985,
              -90.12729492187498,
              47.499383856244236
            ]
          },
          {
            "naturalEarthId": 1159112609,
            "naturalEarthRiverNumber": 156,
            "featureClass": "Lake Centerline",
            "sourceName": "Mississippi",
            "partStart": 8,
            "partCount": 2,
            "bounds": [
              -94.63706054687495,
              47.40534088749421,
              -94.09409179687509,
              47.47455475468167
            ]
          }
        ],
        "playableExposure": {
          "status": "memory-trail",
          "reason": "Accepted for this Memory Trail pass. Delta/coastline alignment is imperfect against the simplified app coastline; do not repair source geometry here."
        },
        "lineWidthPx": 2,
        "highlightWidthPx": 5,
        "hitWidthPx": 30
      },
      "geometry": {
        "type": "MultiLineString",
        "coordinates": [
          [
            [
              -89.18823242187491,
              29.318793035931677
            ],
            [
              -89.25717773437502,
              29.234442449993942
            ],
            [
              -89.2701904296875,
              29.202093817181698
            ]
          ],
          [
            [
              -89.03056640624999,
              29.195868231244013
            ],
            [
              -89.09294433593746,
              29.189471746868897
            ],
            [
              -89.19677734375003,
              29.161322332806698
            ],
            [
              -89.25712890624997,
              29.154901434369172
            ]
          ],
          [
            [
              -90.76352539062489,
              34.36249420780664
            ],
            [
              -90.76108398437495,
              34.352118231244106
            ],
            [
              -90.76420898437513,
              34.36627838749401
            ],
            [
              -90.76401367187512,
              34.37536041874404
            ],
            [
              -90.75944824218746,
              34.38056061405665
            ],
            [
              -90.7470703125001,
              34.372748114056556
            ],
            [
              -90.73894042968735,
              34.36901276249411
            ],
            [
              -90.72763671874995,
              34.368182684369074
            ],
            [
              -90.68583984375007,
              34.372259832806435
            ],
            [
              -90.66293945312503,
              34.37941315311899
            ],
            [
              -90.62639160156233,
              34.396014715619174
            ],
            [
              -90.59404296874983,
              34.42499420780659
            ],
            [
              -90.58618164062487,
              34.45429108280659
            ],
            [
              -90.58659667968764,
              34.48888580936911
            ],
            [
              -90.57617187500013,
              34.573431707806705
            ],
            [
              -90.59399414062514,
              34.642279364056634
            ],
            [
              -90.58544921874982,
              34.684588934369145
            ],
            [
              -90.56804199218752,
              34.71979401249425
            ],
            [
              -90.55380859374996,
              34.739862371869094
            ],
            [
              -90.54135742187513,
              34.74298737186906
            ],
            [
              -90.52231445312508,
              34.73285553593168
            ],
            [
              -90.49980468749992,
              34.73204987186908
            ],
            [
              -90.47832031249986,
              34.73749420780649
            ],
            [
              -90.46933593750005,
              34.74603912968159
            ],
            [
              -90.45483398437511,
              34.75922272343175
            ],
            [
              -90.45996093749991,
              34.777704168744165
            ],
            [
              -90.4712402343751,
              34.797626043744074
            ],
            [
              -90.47558593750003,
              34.81500885624416
            ],
            [
              -90.46396484375012,
              34.827826239056506
            ],
            [
              -90.35246582031257,
              34.86403229374413
            ],
            [
              -90.30551757812512,
              34.88893463749403
            ],
            [
              -90.2718994140626,
              34.92296784061912
            ],
            [
              -90.27075195312509,
              34.965155340618956
            ],
            [
              -90.30131835937496,
              34.99562409061903
            ],
            [
              -90.31279296874987,
              35.01246979374413
            ],
            [
              -90.3017578125,
              35.01979401249411
            ],
            [
              -90.28276367187499,
              35.02296784061896
            ],
            [
              -90.25913085937515,
              35.030633856244
            ],
            [
              -90.22233886718736,
              35.047723699994066
            ],
            [
              -90.20756835937513,
              35.060736395306606
            ],
            [
              -90.19687500000006,
              35.07579987186911
            ],
            [
              -90.1903564453125,
              35.09303619999403
            ],
            [
              -90.1881591796875,
              35.11261627811905
            ],
            [
              -90.17790527343736,
              35.129828192181506
            ],
            [
              -90.15390624999984,
              35.13024323124402
            ],
            [
              -90.12656249999993,
              35.12457916874396
            ],
            [
              -90.10624999999987,
              35.12340729374398
            ],
            [
              -90.08544921874994,
              35.14826080936901
            ],
            [
              -90.08471679687489,
              35.18891022343149
            ],
            [
              -90.09477539062493,
              35.23090241093158
            ],
            [
              -90.11442871093753,
              35.280462957806535
            ],
            [
              -90.11845703124996,
              35.300604559369006
            ],
            [
              -90.11987304687509,
              35.34625885624417
            ],
            [
              -90.1153320312499,
              35.369501043744066
            ],
            [
              -90.10319824218745,
              35.38544342655648
            ],
            [
              -90.04990234375002,
              35.42174713749413
            ],
            [
              -90.03447265625007,
              35.436297918743996
            ],
            [
              -90.02238769531243,
              35.452655340618925
            ],
            [
              -90.01750488281245,
              35.46918366093154
            ],
            [
              -90.01689453124995,
              35.4946475281191
            ],
            [
              -90.01245117187489,
              35.511542059369106
            ],
            [
              -90.00009765625003,
              35.521795965618985
            ],
            [
              -89.97587890625,
              35.527460028119044
            ],
            [
              -89.95134277343739,
              35.530145574994094
            ],
            [
              -89.92832031249992,
              35.5354190124941
            ],
            [
              -89.91801757812502,
              35.547919012494035
            ],
            [
              -89.9314941406251,
              35.572211004681726
            ],
            [
              -89.94711914062486,
              35.590765692181705
            ],
            [
              -89.95141601562517,
              35.60248444218159
            ],
            [
              -89.94487304687497,
              35.611835028119216
            ],
            [
              -89.928076171875,
              35.62311432499415
            ],
            [
              -89.91015624999993,
              35.63898346561905
            ],
            [
              -89.9099609375,
              35.652044989056655
            ],
            [
              -89.9380371093749,
              35.68175690311918
            ],
            [
              -89.95297851562502,
              35.70502350468171
            ],
            [
              -89.95200195312488,
              35.72291901249423
            ],
            [
              -89.93798828125003,
              35.736200262494066
            ],
            [
              -89.78508300781243,
              35.79079010624411
            ],
            [
              -89.7222167968751,
              35.83336823124409
            ],
            [
              -89.73120117187497,
              35.851678778119094
            ],
            [
              -89.75786132812485,
              35.86730377811911
            ],
            [
              -89.7841064453125,
              35.87755768436902
            ],
            [
              -89.77441406249991,
              35.89611237186901
            ],
            [
              -89.75961914062488,
              35.908880926556684
            ],
            [
              -89.7408203124999,
              35.91620514530669
            ],
            [
              -89.71892089843742,
              35.9185244812441
            ],
            [
              -89.68955078124995,
              35.899530340619194
            ],
            [
              -89.67412109375012,
              35.896185614056606
            ],
            [
              -89.66740722656235,
              35.91510651249416
            ],
            [
              -89.68076171874998,
              35.9457461609315
            ],
            [
              -89.70708007812497,
              35.96764557499419
            ],
            [
              -89.72563476562502,
              35.99323151249401
            ],
            [
              -89.71582031250006,
              36.03461334843146
            ],
            [
              -89.68530273437487,
              36.07619049686909
            ],
            [
              -89.68107910156252,
              36.09259674686915
            ],
            [
              -89.67416992187499,
              36.102118231244184
            ],
            [
              -89.657958984375,
              36.11212799686913
            ],
            [
              -89.63876953124998,
              36.120135809369174
            ],
            [
              -89.6230468750001,
              36.12335846561912
            ],
            [
              -89.6139404296876,
              36.14162018436909
            ],
            [
              -89.64038085937497,
              36.182245184369066
            ],
            [
              -89.69475097656239,
              36.24689362186902
            ],
            [
              -89.67661132812488,
              36.251776434369006
            ],
            [
              -89.58354492187499,
              36.25465729374413
            ],
            [
              -89.57138671874995,
              36.257269598431634
            ],
            [
              -89.56127929687509,
              36.263690496869074
            ],
            [
              -89.55742187500003,
              36.27467682499413
            ],
            [
              -89.56730957031233,
              36.281317449994134
            ],
            [
              -89.59228515625,
              36.287860418744096
            ],
            [
              -89.61137695312509,
              36.30255768436916
            ],
            [
              -89.62631835937484,
              36.323065496869106
            ],
            [
              -89.62851562499989,
              36.341376043744056
            ],
            [
              -89.60937500000009,
              36.34931061405659
            ],
            [
              -89.58334960937506,
              36.34906647343159
            ],
            [
              -89.55986328124996,
              36.35162994999415
            ],
            [
              -89.54150390624986,
              36.36159088749413
            ],
            [
              -89.53085937499998,
              36.383417059369194
            ],
            [
              -89.53403320312498,
              36.406073309369084
            ],
            [
              -89.55600585937502,
              36.447381903119194
            ],
            [
              -89.55444335937494,
              36.462909246869174
            ],
            [
              -89.5476074218749,
              36.48146393436915
            ],
            [
              -89.55576171875003,
              36.49611237186912
            ],
            [
              -89.56918945312482,
              36.50873444218156
            ],
            [
              -89.57805175781259,
              36.52125885624416
            ],
            [
              -89.56975097656239,
              36.556341864056556
            ],
            [
              -89.53703613281247,
              36.567816473431726
            ],
            [
              -89.50278320312499,
              36.55431549686925
            ],
            [
              -89.48984375000003,
              36.51442291874406
            ],
            [
              -89.49741210937495,
              36.49286530155666
            ],
            [
              -89.50693359374995,
              36.47284577030652
            ],
            [
              -89.50517578125012,
              36.45812409061905
            ],
            [
              -89.47905273437496,
              36.452337957806606
            ],
            [
              -89.46616210937486,
              36.45795319218173
            ],
            [
              -89.44975585937506,
              36.47077057499417
            ],
            [
              -89.42719726562488,
              36.49328034061898
            ],
            [
              -89.41918945312484,
              36.51037018436905
            ],
            [
              -89.40336914062499,
              36.557147528119145
            ],
            [
              -89.40048828124992,
              36.572455145306506
            ],
            [
              -89.38623046875004,
              36.60997955936919
            ],
            [
              -89.37646484374996,
              36.62738678593148
            ],
            [
              -89.37021484375,
              36.632928778119236
            ],
            [
              -89.35893554687496,
              36.63788483280662
            ],
            [
              -89.3348876953125,
              36.62042877811903
            ],
            [
              -89.31096191406245,
              36.597479559369035
            ],
            [
              -89.28466796875003,
              36.577508856244016
            ],
            [
              -89.25341796875003,
              36.56903717655652
            ],
            [
              -89.22641601562499,
              36.58043854374404
            ],
            [
              -89.20541992187493,
              36.60748932499406
            ],
            [
              -89.18076171874985,
              36.66522858280655
            ],
            [
              -89.14072265624988,
              36.73444244999409
            ],
            [
              -89.13298339843749,
              36.760809637494106
            ],
            [
              -89.13461914062489,
              36.78322174686903
            ],
            [
              -89.14975585937493,
              36.81830475468148
            ],
            [
              -89.15349121093746,
              36.83937409061917
            ],
            [
              -89.14941406249987,
              36.851092840619074
            ],
            [
              -89.1403808593751,
              36.861517645306684
            ],
            [
              -89.13085937500004,
              36.87023346561915
            ],
            [
              -89.12553710937505,
              36.87689850468167
            ],
            [
              -89.12412109374986,
              36.88666412968156
            ],
            [
              -89.12553710937493,
              36.91847565311913
            ],
            [
              -89.11899414062505,
              36.96185944218162
            ],
            [
              -89.12382812499999,
              36.979559637494184
            ],
            [
              -89.1435546875,
              36.986761785931634
            ],
            [
              -89.15292968750008,
              36.98468659061914
            ],
            [
              -89.16472167968743,
              36.98073151249413
            ],
            [
              -89.17709960937489,
              36.978290106243996
            ],
            [
              -89.18823242187509,
              36.98053619999412
            ],
            [
              -89.19750976562489,
              36.98937409061903
            ],
            [
              -89.20122070312496,
              36.99970123905651
            ],
            [
              -89.2036132812499,
              37.0106875671816
            ],
            [
              -89.208740234375,
              37.021502996868904
            ],
            [
              -89.21655273437507,
              37.02826569218155
            ],
            [
              -89.23686523437492,
              37.03851959843167
            ],
            [
              -89.24626464843762,
              37.04542877811919
            ],
            [
              -89.24956054687509,
              37.05414459843142
            ],
            [
              -89.25375976562503,
              37.07807037968159
            ],
            [
              -89.26025390624991,
              37.08295319218149
            ],
            [
              -89.28410644531249,
              37.0832705749942
            ],
            [
              -89.30234374999989,
              37.08092682499419
            ],
            [
              -89.30893554687498,
              37.07106354374412
            ],
            [
              -89.29809570312494,
              37.04884674686918
            ],
            [
              -89.28916015625005,
              37.04030182499412
            ],
            [
              -89.28007812499997,
              37.034247137494006
            ],
            [
              -89.27304687500003,
              37.02599518436911
            ],
            [
              -89.27019042968756,
              37.01100494999417
            ],
            [
              -89.27524414062498,
              37.000311590619184
            ],
            [
              -89.28691406250007,
              37.00043366093154
            ],
            [
              -89.32724609374989,
              37.01410553593159
            ],
            [
              -89.37744140625013,
              37.04723541874399
            ],
            [
              -89.39365234375003,
              37.062518621869145
            ],
            [
              -89.38701171875006,
              37.091327215619124
            ],
            [
              -89.40161132812509,
              37.11998932499402
            ],
            [
              -89.4415039062501,
              37.164862371869205
            ],
            [
              -89.46420898437492,
              37.19769928593173
            ],
            [
              -89.47246093749986,
              37.213934637493985
            ],
            [
              -89.47563476562507,
              37.230731512494124
            ],
            [
              -89.47387695312499,
              37.24376862186918
            ],
            [
              -89.48984375000006,
              37.254266668744066
            ],
            [
              -89.49829101562506,
              37.25800202030648
            ],
            [
              -89.51811523437499,
              37.263934637494
            ],
            [
              -89.5234375,
              37.26788971561904
            ],
            [
              -89.52319335937494,
              37.30658600468152
            ],
            [
              -89.49382324218742,
              37.33502838749418
            ],
            [
              -89.45874023437514,
              37.36249420780658
            ],
            [
              -89.4415039062501,
              37.39826080936915
            ],
            [
              -89.45126953125002,
              37.4402529968693
            ],
            [
              -89.47490234375002,
              37.47479889530656
            ],
            [
              -89.50229492187509,
              37.506952215619165
            ],
            [
              -89.5234375,
              37.541620184369094
            ],
            [
              -89.52709960937507,
              37.56195709843153
            ],
            [
              -89.52421875,
              37.58019440311911
            ],
            [
              -89.51921386718746,
              37.59718659061909
            ],
            [
              -89.51660156250004,
              37.61395905155665
            ],
            [
              -89.52050781249997,
              37.631854559369195
            ],
            [
              -89.52758789062516,
              37.65021393436905
            ],
            [
              -89.53085937500003,
              37.66657135624406
            ],
            [
              -89.52343749999982,
              37.67882721561911
            ],
            [
              -89.54965820312498,
              37.69757721561898
            ],
            [
              -89.64689941406252,
              37.733465887494056
            ],
            [
              -89.66911621093752,
              37.754339910931584
            ],
            [
              -89.69760742187505,
              37.80919830936901
            ],
            [
              -89.72202148437486,
              37.837103582806506
            ],
            [
              -89.74677734375001,
              37.850653387494205
            ],
            [
              -89.80820312500012,
              37.87160065311916
            ],
            [
              -89.83188476562495,
              37.884222723431606
            ],
            [
              -89.88884277343728,
              37.93170807499421
            ],
            [
              -89.92285156249999,
              37.952508856244144
            ],
            [
              -89.95541992187486,
              37.96002838749419
            ],
            [
              -89.96806640624982,
              37.96295807499401
            ],
            [
              -90.005126953125,
              37.96242096561909
            ],
            [
              -90.02060546875006,
              37.970233465618975
            ],
            [
              -90.07553710937492,
              38.00775787968168
            ],
            [
              -90.11088867187513,
              38.01654694218166
            ],
            [
              -90.13811035156259,
              38.03742096561905
            ],
            [
              -90.16220703125,
              38.06244537968162
            ],
            [
              -90.1881591796875,
              38.083514715619216
            ],
            [
              -90.22539062500007,
              38.100848699994174
            ],
            [
              -90.24284667968747,
              38.112811590619174
            ],
            [
              -90.25024414062491,
              38.12787506718159
            ],
            [
              -90.2566406250001,
              38.136835028118995
            ],
            [
              -90.28483886718756,
              38.15997955936906
            ],
            [
              -90.29118652343757,
              38.169134832806535
            ],
            [
              -90.34643554687506,
              38.20704987186906
            ],
            [
              -90.35478515625005,
              38.21632721561903
            ],
            [
              -90.36166992187502,
              38.22650787968149
            ],
            [
              -90.36767578125,
              38.238714910931634
            ],
            [
              -90.37314453125005,
              38.25421784061926
            ],
            [
              -90.3820800781249,
              38.300409246869044
            ],
            [
              -90.37802734375,
              38.33751862186921
            ],
            [
              -90.36303710937513,
              38.369159246869174
            ],
            [
              -90.31486816406246,
              38.43146393436905
            ],
            [
              -90.2639160156249,
              38.54279205936921
            ],
            [
              -90.21362304687483,
              38.6067080749941
            ],
            [
              -90.19658203125002,
              38.638055731244116
            ],
            [
              -90.19560546874987,
              38.67938873905658
            ],
            [
              -90.20068359375004,
              38.71954987186919
            ],
            [
              -90.19804687499997,
              38.744159246869174
            ],
            [
              -90.18505859374991,
              38.755072332806634
            ],
            [
              -90.17050781250003,
              38.76483795780658
            ],
            [
              -90.1515380859376,
              38.78729889530663
            ],
            [
              -90.13481445312503,
              38.81244537968156
            ],
            [
              -90.13217773437486,
              38.818670965618985
            ]
          ],
          [
            [
              -89.26098632812503,
              29.155145574994144
            ],
            [
              -89.28124999999986,
              29.100165106244155
            ],
            [
              -89.40048828125006,
              28.95568268436928
            ],
            [
              -89.41357421874997,
              28.92833893436918
            ],
            [
              -89.41357421875003,
              28.93517487186913
            ],
            [
              -89.41357421874997,
              28.92833893436918
            ]
          ],
          [
            [
              -90.76108398437495,
              34.352118231244106
            ],
            [
              -90.75205078124986,
              34.33331940311905
            ],
            [
              -90.75053710937487,
              34.32091705936901
            ],
            [
              -90.75395507812486,
              34.31281159061919
            ],
            [
              -90.7678222656249,
              34.29406159061905
            ],
            [
              -90.77099609375006,
              34.28395416874413
            ],
            [
              -90.77531738281249,
              34.27965729374418
            ],
            [
              -90.78515625000009,
              34.28136627811917
            ],
            [
              -90.80136718749995,
              34.28737213749418
            ],
            [
              -90.814697265625,
              34.287372137494124
            ],
            [
              -90.82128906250001,
              34.28558991093156
            ],
            [
              -90.82568359375003,
              34.279559637494
            ],
            [
              -90.8643554687499,
              34.206170965619144
            ],
            [
              -90.87712402343743,
              34.19801666874413
            ],
            [
              -90.89306640624997,
              34.19293854374408
            ],
            [
              -90.94243164062502,
              34.16754791874415
            ],
            [
              -90.95598144531255,
              34.15704987186912
            ],
            [
              -90.95507812499989,
              34.12877838749412
            ],
            [
              -90.88256835937487,
              34.09938385624423
            ],
            [
              -90.88022460937509,
              34.060809637494216
            ],
            [
              -90.89306640624991,
              34.04308502811901
            ],
            [
              -90.90935058593746,
              34.0352236999941
            ],
            [
              -90.92905273437505,
              34.03327057499405
            ],
            [
              -90.95256347656235,
              34.03351471561922
            ],
            [
              -90.97526855468757,
              34.03034088749396
            ],
            [
              -91.0310546875001,
              34.00617096561912
            ],
            [
              -91.0847656249999,
              33.996600653119216
            ],
            [
              -91.09311523437509,
              33.989447332806634
            ],
            [
              -91.08916015625,
              33.975653387494
            ],
            [
              -91.07915039062492,
              33.968817449994106
            ],
            [
              -91.06591796875001,
              33.964422918744035
            ],
            [
              -91.05219726562501,
              33.95783112186902
            ],
            [
              -91.03574218750002,
              33.93043854374419
            ],
            [
              -91.05039062499992,
              33.906122137494
            ],
            [
              -91.06933593749991,
              33.88356354374412
            ],
            [
              -91.06308593749989,
              33.849432684369106
            ],
            [
              -91.05168457031243,
              33.83336823124405
            ],
            [
              -91.04550781249988,
              33.81439850468165
            ],
            [
              -91.0583496093751,
              33.793280340619
            ],
            [
              -91.06840820312485,
              33.78956940311914
            ],
            [
              -91.09531249999986,
              33.78851959843157
            ],
            [
              -91.10678710937506,
              33.786444403119134
            ],
            [
              -91.11650390624993,
              33.78038971561902
            ],
            [
              -91.13762207031257,
              33.76281159061901
            ],
            [
              -91.1443359374999,
              33.75914948124414
            ],
            [
              -91.15317382812488,
              33.75202057499414
            ],
            [
              -91.1924316406249,
              33.707953192181556
            ],
            [
              -91.210693359375,
              33.69689362186925
            ],
            [
              -91.22607421874993,
              33.68981354374418
            ],
            [
              -91.22880859375009,
              33.68068268436912
            ],
            [
              -91.20922851562491,
              33.66359284061902
            ],
            [
              -91.16772460937486,
              33.64655182499405
            ],
            [
              -91.15178222656256,
              33.63331940311907
            ],
            [
              -91.14775390624996,
              33.60834381718159
            ],
            [
              -91.15654296875007,
              33.587420965619046
            ],
            [
              -91.1738281249999,
              33.57746002811912
            ],
            [
              -91.19597167968742,
              33.574335028119
            ],
            [
              -91.21972656250011,
              33.57423737186923
            ],
            [
              -91.2355224609376,
              33.56676666874411
            ],
            [
              -91.2310546875,
              33.550311590619
            ],
            [
              -91.21586914062512,
              33.53388092655648
            ],
            [
              -91.19956054687492,
              33.526434637494056
            ],
            [
              -91.18090820312491,
              33.520697332806485
            ],
            [
              -91.16105957031255,
              33.50709869999403
            ],
            [
              -91.12729492187484,
              33.47804596561905
            ],
            [
              -91.12626953125007,
              33.46002838749418
            ],
            [
              -91.12534179687495,
              33.43092682499403
            ],
            [
              -91.12875976562498,
              33.40148346561912
            ],
            [
              -91.13408203124987,
              33.38239166874413
            ],
            [
              -91.17143554687486,
              33.34137604374412
            ],
            [
              -91.18222656250009,
              33.31994049686905
            ],
            [
              -91.16821289062491,
              33.30048248905656
            ],
            [
              -91.15739746093755,
              33.29877350468179
            ],
            [
              -91.12631835937486,
              33.28912994999418
            ],
            [
              -91.11296386718743,
              33.28004791874398
            ],
            [
              -91.10766601562496,
              33.26776764530656
            ],
            [
              -91.10678710937489,
              33.217889715619094
            ],
            [
              -91.09555664062492,
              33.18463776249411
            ],
            [
              -91.09318847656243,
              33.16735260624412
            ],
            [
              -91.09936523437493,
              33.149676824994245
            ],
            [
              -91.11230468750003,
              33.14308502811926
            ],
            [
              -91.13322753906262,
              33.13800690311915
            ],
            [
              -91.15283203125004,
              33.1309268249942
            ],
            [
              -91.16142578125005,
              33.11859772343156
            ],
            [
              -91.16821289062491,
              32.98146393436906
            ],
            [
              -91.16269531249996,
              32.971698309369145
            ],
            [
              -91.14926757812489,
              32.96422760624415
            ],
            [
              -91.13242187499993,
              32.959540106244084
            ],
            [
              -91.11669921875003,
              32.95783112186906
            ],
            [
              -91.10393066406257,
              32.953558660931485
            ],
            [
              -91.09135742187502,
              32.94354889530674
            ],
            [
              -91.07202148437511,
              32.92311432499416
            ],
            [
              -91.08188476562489,
              32.90582916874426
            ],
            [
              -91.09604492187503,
              32.88800690311919
            ],
            [
              -91.11125488281245,
              32.87409088749414
            ],
            [
              -91.12387695312484,
              32.86847565311904
            ],
            [
              -91.13347167968756,
              32.85846588749424
            ],
            [
              -91.1499511718749,
              32.81037018436905
            ],
            [
              -91.1573974609374,
              32.77077057499403
            ],
            [
              -91.1546386718751,
              32.755804754681556
            ],
            [
              -91.14226074218759,
              32.74750397343155
            ],
            [
              -91.0928710937498,
              32.740497137494046
            ],
            [
              -91.0750000000001,
              32.728461004681606
            ],
            [
              -91.07031250000006,
              32.71088287968162
            ],
            [
              -91.08627929687479,
              32.689764715619205
            ],
            [
              -91.10498046875014,
              32.68549225468172
            ],
            [
              -91.13242187499993,
              32.68458893436909
            ],
            [
              -91.15739746093752,
              32.68029205936899
            ],
            [
              -91.16821289062503,
              32.6661319031192
            ],
            [
              -91.1664306640624,
              32.64440338749405
            ],
            [
              -91.16113281250003,
              32.62531159061909
            ],
            [
              -91.15251464843736,
              32.60883209843166
            ],
            [
              -91.14091796874997,
              32.59474518436901
            ],
            [
              -91.1307861328125,
              32.58759186405669
            ],
            [
              -91.1068603515624,
              32.57457916874404
            ],
            [
              -91.09936523437504,
              32.566839910931606
            ],
            [
              -91.09721679687505,
              32.55504791874418
            ],
            [
              -91.10014648437492,
              32.543085028119215
            ],
            [
              -91.10454101562505,
              32.53192780155652
            ],
            [
              -91.10678710937484,
              32.52247955936906
            ],
            [
              -91.1088867187499,
              32.481390692181634
            ],
            [
              -91.1052734375001,
              32.46503327030662
            ],
            [
              -91.09311523437503,
              32.45075104374401
            ],
            [
              -91.05986328125002,
              32.43378327030656
            ],
            [
              -91.029052734375,
              32.42279694218156
            ],
            [
              -91.00634765624994,
              32.404242254681634
            ],
            [
              -90.99755859374997,
              32.36452057499405
            ],
            [
              -90.9905761718749,
              32.35712311405673
            ],
            [
              -90.97416992187502,
              32.35167877811901
            ],
            [
              -90.9392089843749,
              32.34711334843162
            ],
            [
              -90.91660156249988,
              32.339789129681634
            ],
            [
              -90.90991210937509,
              32.32423737186916
            ],
            [
              -90.91333007812509,
              32.31000397343158
            ],
            [
              -90.9211914062501,
              32.30675690311913
            ],
            [
              -90.9211914062499,
              32.29992096561904
            ],
            [
              -90.96665039062498,
              32.26154205936918
            ],
            [
              -90.99809570312487,
              32.19787018436914
            ],
            [
              -91.03232421874998,
              32.14747955936903
            ],
            [
              -91.08627929687512,
              32.14911530155646
            ],
            [
              -91.09555664062509,
              32.14122955936923
            ],
            [
              -91.09921875000002,
              32.13092682499409
            ],
            [
              -91.0997070312499,
              32.12103912968165
            ],
            [
              -91.09936523437487,
              32.11432526249402
            ],
            [
              -91.06901855468762,
              32.08466217655666
            ],
            [
              -91.06926269531243,
              32.04811432499413
            ],
            [
              -91.09155273437489,
              32.01403229374414
            ],
            [
              -91.12729492187495,
              31.99147369999405
            ],
            [
              -91.15849609375005,
              31.983221746869003
            ],
            [
              -91.16821289062483,
              31.977801824994174
            ],
            [
              -91.17612304687508,
              31.96893952030666
            ],
            [
              -91.18588867187505,
              31.948309637494038
            ],
            [
              -91.19243164062496,
              31.93996002811916
            ],
            [
              -91.23828125000004,
              31.894305731244167
            ],
            [
              -91.25761718750007,
              31.881610418744174
            ],
            [
              -91.276708984375,
              31.875506903119074
            ],
            [
              -91.31884765624986,
              31.867450262494067
            ],
            [
              -91.33610839843759,
              31.857977606244166
            ],
            [
              -91.35148925781246,
              31.840643621869216
            ],
            [
              -91.36076660156246,
              31.823187567181677
            ],
            [
              -91.37370605468755,
              31.786004949994034
            ],
            [
              -91.40429687500009,
              31.738299871869128
            ],
            [
              -91.40844726562496,
              31.720819403119005
            ],
            [
              -91.40996093750012,
              31.701117254681716
            ],
            [
              -91.42895507812509,
              31.614691473431748
            ],
            [
              -91.42961425781239,
              31.59076569218161
            ],
            [
              -91.43461914062502,
              31.58002350468158
            ],
            [
              -91.43579101562506,
              31.573114324994172
            ],
            [
              -91.50595703125005,
              31.529901434369147
            ],
            [
              -91.52905273437491,
              31.50055573124412
            ],
            [
              -91.52451171874995,
              31.457049871869135
            ],
            [
              -91.5201904296874,
              31.449579168744016
            ],
            [
              -91.51005859374987,
              31.438104559369133
            ],
            [
              -91.49741210937508,
              31.417059637494088
            ],
            [
              -91.49570312499999,
              31.41120026249413
            ],
            [
              -91.49716796874986,
              31.391546942181684
            ],
            [
              -91.499365234375,
              31.382684637494197
            ],
            [
              -91.50871582031257,
              31.373602606244262
            ],
            [
              -91.52238769531255,
              31.308905340619177
            ],
            [
              -91.52890624999989,
              31.293402410931602
            ],
            [
              -91.54111328124992,
              31.282416082806602
            ],
            [
              -91.56235351562498,
              31.278265692181616
            ],
            [
              -91.6095458984376,
              31.279901434369098
            ],
            [
              -91.63305664062501,
              31.278192449994016
            ],
            [
              -91.64804687500015,
              31.271429754681545
            ],
            [
              -91.64965820312506,
              31.255316473431705
            ],
            [
              -91.63933105468752,
              31.23517487186897
            ],
            [
              -91.6237060546875,
              31.21788971561918
            ],
            [
              -91.60986328125014,
              31.21063873905671
            ],
            [
              -91.60473632812497,
              31.20543854374404
            ],
            [
              -91.60654296875012,
              31.194159246869198
            ],
            [
              -91.61083984374996,
              31.18341705936911
            ],
            [
              -91.61328124999987,
              31.179559637494137
            ],
            [
              -91.61589355468763,
              31.16871979374399
            ],
            [
              -91.62646484374994,
              31.15138580936921
            ],
            [
              -91.62753906250009,
              31.141717840619098
            ],
            [
              -91.61589355468757,
              31.113714910931684
            ],
            [
              -91.58530273437512,
              31.081854559369095
            ],
            [
              -91.57915039062489,
              31.056024481244155
            ],
            [
              -91.66166992187499,
              30.997088934369017
            ],
            [
              -91.65209960937494,
              30.948260809369035
            ],
            [
              -91.62631835937498,
              30.93419830936902
            ],
            [
              -91.58928222656249,
              30.93109772343154
            ],
            [
              -91.54565429687489,
              30.915155340618956
            ],
            [
              -91.5292968750001,
              30.899969793744038
            ],
            [
              -91.521240234375,
              30.88234284061904
            ],
            [
              -91.51855468750007,
              30.86159088749401
            ],
            [
              -91.51831054687504,
              30.836688543744074
            ],
            [
              -91.52519531249995,
              30.817401434369184
            ],
            [
              -91.5417968750001,
              30.805975653119177
            ],
            [
              -91.561865234375,
              30.79694244999417
            ],
            [
              -91.57915039062513,
              30.78485748905653
            ],
            [
              -91.5822753906251,
              30.757269598431662
            ],
            [
              -91.54599609375003,
              30.742621160931616
            ],
            [
              -91.49545898437502,
              30.737250067181485
            ],
            [
              -91.45561523437493,
              30.737665106244147
            ],
            [
              -91.4375488281251,
              30.741717840619216
            ],
            [
              -91.40178222656252,
              30.75524323124404
            ],
            [
              -91.38388671875012,
              30.75812409061913
            ],
            [
              -91.36943359374993,
              30.752020574994063
            ],
            [
              -91.3597900390624,
              30.737176824994147
            ],
            [
              -91.34636230468747,
              30.702899481243975
            ],
            [
              -91.33525390624992,
              30.685663153119112
            ],
            [
              -91.29858398437511,
              30.64826080936908
            ],
            [
              -91.26743164062495,
              30.58815338749411
            ],
            [
              -91.25419921875007,
              30.57936432499419
            ],
            [
              -91.24487304687494,
              30.568719793744023
            ],
            [
              -91.25683593749991,
              30.545233465619127
            ],
            [
              -91.28178710937492,
              30.511102606243977
            ],
            [
              -91.22363281249997,
              30.520209051556694
            ],
            [
              -91.20922851562486,
              30.517938543744105
            ],
            [
              -91.19328613281252,
              30.488299871869234
            ],
            [
              -91.19213867187491,
              30.44452545780664
            ],
            [
              -91.20378417968755,
              30.40485260624422
            ],
            [
              -91.22656249999999,
              30.38756744999411
            ],
            [
              -91.2317382812499,
              30.385077215619013
            ],
            [
              -91.23740234375005,
              30.378924871869128
            ],
            [
              -91.24204101562486,
              30.371161199994223
            ],
            [
              -91.24394531249993,
              30.36403229374408
            ],
            [
              -91.24072265625013,
              30.35241119999403
            ],
            [
              -91.23251953125012,
              30.350116278118975
            ],
            [
              -91.2129394531249,
              30.35407135624415
            ],
            [
              -91.18962402343763,
              30.35407135624415
            ],
            [
              -91.17099609374995,
              30.35162994999413
            ],
            [
              -91.15698242187489,
              30.343524481244106
            ],
            [
              -91.1477539062499,
              30.326117254681556
            ],
            [
              -91.17143554687505,
              30.319769598431776
            ],
            [
              -91.19462890625006,
              30.31798737186921
            ],
            [
              -91.21318359374993,
              30.311590887494038
            ],
            [
              -91.22282714843737,
              30.29137604374411
            ],
            [
              -91.16069335937505,
              30.28932526249411
            ],
            [
              -91.14433593749996,
              30.281439520306677
            ],
            [
              -91.13615722656249,
              30.276068426556574
            ],
            [
              -91.11679687500009,
              30.267279364056655
            ],
            [
              -91.11296386718755,
              30.261297918744145
            ],
            [
              -91.11777343750009,
              30.251654364056755
            ],
            [
              -91.14042968749986,
              30.236346746869195
            ],
            [
              -91.14775390625002,
              30.229925848431698
            ],
            [
              -91.1509277343751,
              30.223993231244087
            ],
            [
              -91.15429687500007,
              30.214862371869167
            ],
            [
              -91.1543457031249,
              30.204779364056623
            ],
            [
              -91.14775390624985,
              30.19581940311907
            ],
            [
              -91.13706054687498,
              30.19330475468151
            ],
            [
              -91.12792968749991,
              30.19850494999418
            ],
            [
              -91.11923828124996,
              30.205829168744046
            ],
            [
              -91.10986328124993,
              30.209418035931524
            ],
            [
              -91.06584472656239,
              30.213153387493996
            ],
            [
              -91.04550781249993,
              30.209784246869166
            ],
            [
              -91.02482910156256,
              30.19581940311916
            ],
            [
              -91.01352539062508,
              30.179266668744162
            ],
            [
              -91.0148193359375,
              30.16662018436904
            ],
            [
              -91.02109375,
              30.15399811405673
            ],
            [
              -91.0248291015625,
              30.13746979374417
            ],
            [
              -91.01298828124986,
              30.12616608280672
            ],
            [
              -90.98691406250003,
              30.121405340619145
            ],
            [
              -90.94907226562496,
              30.12067291874409
            ],
            [
              -90.94182128906243,
              30.12501862186909
            ],
            [
              -90.9389648437499,
              30.130487371868995
            ],
            [
              -90.93427734374993,
              30.132635809368942
            ],
            [
              -90.92119140625005,
              30.12689850468163
            ],
            [
              -90.9126953125,
              30.11852448124397
            ],
            [
              -90.89877929687509,
              30.093695379681662
            ],
            [
              -90.89111328125003,
              30.08312409061918
            ],
            [
              -90.88281249999993,
              30.078143621869014
            ],
            [
              -90.86459960937502,
              30.074481512494053
            ],
            [
              -90.85629882812503,
              30.069452215618984
            ],
            [
              -90.84985351562491,
              30.060980535931634
            ],
            [
              -90.83928222656243,
              30.031927801556513
            ],
            [
              -90.82524414062485,
              30.011493231244135
            ],
            [
              -90.81259765625006,
              30.008612371869102
            ],
            [
              -90.79704589843739,
              30.013861395306588
            ],
            [
              -90.77409667968737,
              30.01764557499408
            ],
            [
              -90.75195312499997,
              30.018500067181662
            ],
            [
              -90.73510742187496,
              30.02150299686902
            ],
            [
              -90.71997070312491,
              30.02777741093161
            ],
            [
              -90.7027343749999,
              30.038153387494198
            ],
            [
              -90.68823242187491,
              30.04987213749405
            ],
            [
              -90.67827148437507,
              30.055975653119237
            ],
            [
              -90.66796875000006,
              30.058661199994056
            ],
            [
              -90.655615234375,
              30.056415106244103
            ],
            [
              -90.63500976562491,
              30.047064520306556
            ],
            [
              -90.62329101562511,
              30.044989324994237
            ],
            [
              -90.61394042968746,
              30.04828522343164
            ],
            [
              -90.5949707031251,
              30.062811590619187
            ],
            [
              -90.58916015624999,
              30.066034246868995
            ],
            [
              -90.57675781249998,
              30.065130926556538
            ],
            [
              -90.54443359375013,
              30.058661199994198
            ],
            [
              -90.5007324218751,
              30.059515692181698
            ],
            [
              -90.48283691406246,
              30.05548737186909
            ],
            [
              -90.47558593749994,
              30.041571356244187
            ],
            [
              -90.47324218750009,
              30.018670965618977
            ],
            [
              -90.46557617187503,
              30.00946686405663
            ],
            [
              -90.42839355468749,
              30.004022528119048
            ],
            [
              -90.40825195312496,
              29.996771551556634
            ],
            [
              -90.39697265624994,
              29.98620026249415
            ],
            [
              -90.38852539062509,
              29.973456121869113
            ],
            [
              -90.37687988281235,
              29.959588934369194
            ],
            [
              -90.35361328124984,
              29.948114324994084
            ],
            [
              -90.32788085937499,
              29.948260809369163
            ],
            [
              -90.30332031249998,
              29.954901434369074
            ],
            [
              -90.26164550781255,
              29.971551824994133
            ],
            [
              -90.24602050781246,
              29.972040106244133
            ],
            [
              -90.23144531249996,
              29.96364166874398
            ],
            [
              -90.21240234375013,
              29.945672918744087
            ],
            [
              -90.19418945312486,
              29.93786041874417
            ],
            [
              -90.15917968750016,
              29.951776434369044
            ],
            [
              -90.14038085937509,
              29.948797918744148
            ],
            [
              -90.13217773437498,
              29.940448309369124
            ],
            [
              -90.12841796874994,
              29.932440496869194
            ],
            [
              -90.12211914062507,
              29.925897528119055
            ],
            [
              -90.10625000000007,
              29.922064520306492
            ],
            [
              -90.09624023437485,
              29.92365143436916
            ],
            [
              -90.06835937500011,
              29.93512604374416
            ],
            [
              -90.06450195312487,
              29.938421942181705
            ],
            [
              -90.06169433593733,
              29.94567291874406
            ],
            [
              -90.0570556640626,
              29.95294830936908
            ],
            [
              -90.04790039062489,
              29.95617096561903
            ],
            [
              -90.02475585937492,
              29.954169012494134
            ],
            [
              -89.95922851562494,
              29.93707916874415
            ],
            [
              -89.93735351562486,
              29.926629949994197
            ],
            [
              -89.92807617187506,
              29.911566473431606
            ],
            [
              -89.92587890625006,
              29.905829168744035
            ],
            [
              -89.91601562500006,
              29.892108465619053
            ],
            [
              -89.913818359375,
              29.883612371869123
            ],
            [
              -89.91782226562509,
              29.8755069031191
            ],
            [
              -89.92734374999989,
              29.87511627811916
            ],
            [
              -89.948583984375,
              29.87990143436909
            ],
            [
              -89.95263671875001,
              29.88141510624413
            ],
            [
              -89.95708007812496,
              29.884833074994177
            ],
            [
              -89.96240234374987,
              29.887640692181495
            ],
            [
              -89.96909179687489,
              29.887323309369016
            ],
            [
              -89.97429199218759,
              29.88422272343165
            ],
            [
              -89.97436523437501,
              29.88117096561913
            ],
            [
              -89.9735595703125,
              29.877801824994155
            ],
            [
              -89.99350585937484,
              29.846136785931694
            ],
            [
              -89.99638671874989,
              29.84259674686903
            ],
            [
              -90.00219726562511,
              29.822528387494067
            ],
            [
              -90.02402343749989,
              29.786444403119095
            ],
            [
              -90.02368164062511,
              29.764422918743993
            ],
            [
              -90.00944824218752,
              29.742377020306687
            ],
            [
              -89.97080078125006,
              29.704364324994184
            ],
            [
              -89.95581054687513,
              29.65626862186894
            ],
            [
              -89.93828124999987,
              29.644794012494174
            ],
            [
              -89.89396972656255,
              29.634100653119248
            ],
            [
              -89.86083984374991,
              29.62111237186915
            ],
            [
              -89.78996582031263,
              29.579291082806723
            ],
            [
              -89.7052490234376,
              29.50060455936919
            ],
            [
              -89.68937988281246,
              29.490057684369173
            ],
            [
              -89.60996093749996,
              29.463934637494273
            ],
            [
              -89.60375976562497,
              29.45892975468147
            ],
            [
              -89.59912109375004,
              29.449090887493984
            ],
            [
              -89.605322265625,
              29.427313543743825
            ],
            [
              -89.6073486328124,
              29.414081121869103
            ],
            [
              -89.60253906249991,
              29.40814850468152
            ],
            [
              -89.50737304687507,
              29.36005280155662
            ],
            [
              -89.48894042968755,
              29.35492584843152
            ],
            [
              -89.46508789062509,
              29.352899481244187
            ],
            [
              -89.426513671875,
              29.354803778119162
            ],
            [
              -89.40830078125008,
              29.34943268436909
            ],
            [
              -89.38623046875004,
              29.333075262494134
            ],
            [
              -89.27197265625,
              29.201922918743925
            ],
            [
              -89.26450195312512,
              29.186786199994195
            ],
            [
              -89.26098632812494,
              29.17116119999418
            ],
            [
              -89.26098632812503,
              29.155145574994144
            ]
          ],
          [
            [
              -94.32646484375013,
              47.40563385624405
            ],
            [
              -94.36914062499994,
              47.43322174686915
            ],
            [
              -94.41728515624997,
              47.445428778119066
            ],
            [
              -94.50773925781263,
              47.45656159061897
            ]
          ],
          [
            [
              -94.09409179687509,
              47.43280670780666
            ],
            [
              -94.07365722656239,
              47.43048737186918
            ],
            [
              -94.05307617187502,
              47.42687409061917
            ],
            [
              -94.04741210937487,
              47.41393463749415
            ],
            [
              -94.04802246093743,
              47.39557526249406
            ],
            [
              -94.04638671874986,
              47.37579987186915
            ],
            [
              -94.03710937499986,
              47.36017487186919
            ],
            [
              -94.02104492187512,
              47.347113348431726
            ],
            [
              -94.0014648437501,
              47.33820221561908
            ],
            [
              -93.98149414062493,
              47.33490631718153
            ],
            [
              -93.96435546874991,
              47.32880280155654
            ],
            [
              -93.93637695312505,
              47.303534246869084
            ],
            [
              -93.91660156250003,
              47.30011627811912
            ],
            [
              -93.908056640625,
              47.304217840619145
            ],
            [
              -93.90122070312509,
              47.31110260624409
            ],
            [
              -93.89262695312495,
              47.31769440311904
            ],
            [
              -93.87875976562495,
              47.32062409061906
            ],
            [
              -93.86857910156249,
              47.31842682499425
            ],
            [
              -93.84892578125009,
              47.30910065311902
            ],
            [
              -93.83720703124986,
              47.30695221561908
            ],
            [
              -93.80063476562506,
              47.31513092655658
            ],
            [
              -93.79313964843749,
              47.3143985046817
            ],
            [
              -93.79252929687493,
              47.30690338749412
            ],
            [
              -93.79843749999984,
              47.29762604374425
            ],
            [
              -93.80590820312496,
              47.28981354374399
            ],
            [
              -93.80986328125005,
              47.286444403119155
            ],
            [
              -93.80974121093735,
              47.27716705936898
            ],
            [
              -93.81469726562489,
              47.25597565311911
            ],
            [
              -93.8147460937501,
              47.23297760624413
            ],
            [
              -93.79997558593732,
              47.21820709843161
            ],
            [
              -93.7827148437502,
              47.219671942181606
            ],
            [
              -93.74731445312494,
              47.24030182499405
            ],
            [
              -93.6844238281248,
              47.256463934369165
            ],
            [
              -93.66337890624993,
              47.25958893436911
            ],
            [
              -93.6422607421876,
              47.251654364056606
            ],
            [
              -93.6348632812501,
              47.25910065311894
            ],
            [
              -93.4664794921874,
              47.19533112186915
            ],
            [
              -93.44047851562499,
              47.17824127811903
            ],
            [
              -93.42514648437498,
              47.15204498905673
            ],
            [
              -93.40634765625003,
              47.12738678593156
            ],
            [
              -93.40209960937507,
              47.11859772343168
            ],
            [
              -93.40104980468762,
              47.10631744999405
            ],
            [
              -93.39628906249985,
              47.085321356244165
            ],
            [
              -93.39526367187503,
              47.07074616093152
            ],
            [
              -93.38037109375001,
              47.054510809369035
            ],
            [
              -93.30932617187509,
              47.025897528119145
            ],
            [
              -93.28540039062516,
              47.01276276249418
            ],
            [
              -93.30461425781264,
              46.96930573124412
            ],
            [
              -93.31669921875012,
              46.94909088749399
            ],
            [
              -93.33012695312513,
              46.93390534061907
            ],
            [
              -93.364501953125,
              46.9069278015567
            ],
            [
              -93.37724609375,
              46.89008209843163
            ],
            [
              -93.381591796875,
              46.86810944218151
            ],
            [
              -93.36931152343729,
              46.832464910931726
            ],
            [
              -93.36484375000009,
              46.80585358280657
            ],
            [
              -93.37138671875013,
              46.79364655155669
            ],
            [
              -93.38754882812509,
              46.78632233280659
            ],
            [
              -93.44311523437513,
              46.739032293744145
            ],
            [
              -93.50554199218763,
              46.712420965619216
            ],
            [
              -93.52221679687511,
              46.70087311405656
            ],
            [
              -93.54101562499986,
              46.692938543744084
            ],
            [
              -93.59384765625005,
              46.690130926556705
            ],
            [
              -93.61499023437513,
              46.68378327030649
            ],
            [
              -93.61906738281237,
              46.678412176556535
            ],
            [
              -93.63486328124993,
              46.649603582806556
            ],
            [
              -93.64853515624995,
              46.634393621869144
            ],
            [
              -93.65380859375009,
              46.62482330936915
            ],
            [
              -93.65595703125021,
              46.61115143436919
            ],
            [
              -93.66235351562497,
              46.59533112186914
            ],
            [
              -93.67807617187488,
              46.57750885624415
            ],
            [
              -93.69816894531252,
              46.56207916874409
            ],
            [
              -93.71738281249989,
              46.5534121765565
            ],
            [
              -93.74169921874996,
              46.551092840619205
            ],
            [
              -93.76694335937495,
              46.55316803593161
            ],
            [
              -93.78979492187489,
              46.55866119999421
            ],
            [
              -93.80673828124993,
              46.56647369999402
            ],
            [
              -93.81218261718746,
              46.572772528119245
            ],
            [
              -93.81218261718766,
              46.577899481244
            ],
            [
              -93.8146240234376,
              46.58253815311902
            ],
            [
              -93.82724609375018,
              46.58759186405666
            ],
            [
              -93.84008789062493,
              46.588983465619066
            ],
            [
              -93.85263671874995,
              46.58746979374402
            ],
            [
              -93.9564697265625,
              46.55304596561903
            ],
            [
              -93.99975585937501,
              46.55170319218162
            ],
            [
              -94.04013671875012,
              46.57391998905668
            ],
            [
              -94.04387207031242,
              46.570868231244184
            ],
            [
              -94.0532226562499,
              46.56647369999408
            ],
            [
              -94.048095703125,
              46.55499909061916
            ],
            [
              -94.05314941406247,
              46.54957916874396
            ],
            [
              -94.06333007812502,
              46.545917059369
            ],
            [
              -94.07700195312513,
              46.537616278118996
            ],
            [
              -94.084033203125,
              46.53541901249412
            ],
            [
              -94.08732910156235,
              46.53297760624406
            ],
            [
              -94.08984375000003,
              46.528021551556535
            ],
            [
              -94.09287109375003,
              46.515692449994155
            ],
            [
              -94.09758300781253,
              46.50934479374403
            ],
            [
              -94.1062011718749,
              46.492987371869106
            ],
            [
              -94.09580078125013,
              46.46710846561923
            ],
            [
              -94.1084472656249,
              46.45099518436913
            ],
            [
              -94.11687011718742,
              46.44818756718155
            ],
            [
              -94.1400634765625,
              46.44616119999419
            ],
            [
              -94.1494140625001,
              46.443548895306506
            ],
            [
              -94.15935058593764,
              46.43585846561917
            ],
            [
              -94.1636230468749,
              46.42833893436921
            ],
            [
              -94.16684570312484,
              46.42059967655656
            ],
            [
              -94.18010253906236,
              46.40473053593167
            ],
            [
              -94.18857421875003,
              46.386419989056485
            ],
            [
              -94.19345703124999,
              46.37843659061902
            ],
            [
              -94.2686523437499,
              46.323749090619025
            ],
            [
              -94.35107421874996,
              46.284442449994216
            ],
            [
              -94.40312499999987,
              46.23712799686907
            ],
            [
              -94.40844726562516,
              46.22894928593156
            ],
            [
              -94.41008300781232,
              46.2176455749942
            ],
            [
              -94.40629882812495,
              46.20631744999414
            ],
            [
              -94.39160156249994,
              46.18580963749402
            ],
            [
              -94.38835449218743,
              46.17328522343171
            ],
            [
              -94.38835449218755,
              46.13195221561902
            ],
            [
              -94.38371582031233,
              46.12494537968161
            ],
            [
              -94.36206054687484,
              46.11420319218164
            ],
            [
              -94.35483398437489,
              46.107782293744094
            ],
            [
              -94.35156250000011,
              46.09020416874402
            ],
            [
              -94.35556640625006,
              46.07416412968152
            ],
            [
              -94.36850585937492,
              46.046332098431535
            ],
            [
              -94.3707763671876,
              46.030462957806634
            ],
            [
              -94.37182617187489,
              45.99391510624399
            ],
            [
              -94.37534179687499,
              45.97804596561906
            ],
            [
              -94.38745117187513,
              45.95673248905655
            ],
            [
              -94.39633789062513,
              45.945013739056726
            ],
            [
              -94.3979980468749,
              45.932684637494226
            ],
            [
              -94.38835449218735,
              45.90973541874397
            ],
            [
              -94.3722412109376,
              45.88532135624395
            ],
            [
              -94.36850585937515,
              45.87506744999398
            ],
            [
              -94.36784667968749,
              45.86664459843165
            ],
            [
              -94.36948242187489,
              45.849066473431606
            ],
            [
              -94.36850585937498,
              45.84088776249425
            ],
            [
              -94.36137695312507,
              45.82619049686918
            ],
            [
              -94.35131835937487,
              45.81500885624397
            ],
            [
              -94.31108398437503,
              45.789496160931684
            ],
            [
              -94.29931640625007,
              45.77997467655662
            ],
            [
              -94.27978515625001,
              45.758905340619165
            ],
            [
              -94.26938476562484,
              45.750848699994044
            ],
            [
              -94.24301757812509,
              45.73497955936897
            ],
            [
              -94.23198242187507,
              45.72418854374404
            ],
            [
              -94.22575683593753,
              45.710272528119134
            ],
            [
              -94.2216064453124,
              45.69562409061906
            ],
            [
              -94.21379394531236,
              45.68329498905668
            ],
            [
              -94.19658203124999,
              45.67638580936916
            ],
            [
              -94.20859374999995,
              45.66156647343168
            ],
            [
              -94.21770019531232,
              45.638495184368985
            ],
            [
              -94.21713867187486,
              45.617377020306655
            ],
            [
              -94.20029296874992,
              45.60809967655659
            ],
            [
              -94.18823242187511,
              45.59918854374406
            ],
            [
              -94.16325683593735,
              45.555438543744074
            ],
            [
              -94.15185546875013,
              45.529169012494094
            ],
            [
              -94.14648437499997,
              45.50885651249422
            ],
            [
              -94.1419433593748,
              45.49823639530657
            ],
            [
              -94.11840820312496,
              45.47345612186928
            ],
            [
              -94.11459960937503,
              45.467230535931655
            ],
            [
              -94.10532226562479,
              45.456000067181456
            ],
            [
              -94.01132812499988,
              45.40448639530659
            ],
            [
              -93.99072265624999,
              45.39782135624407
            ],
            [
              -93.94931640625,
              45.39342682499405
            ],
            [
              -93.94218749999987,
              45.39142487186913
            ],
            [
              -93.93583984375,
              45.38861725468158
            ],
            [
              -93.81357421874992,
              45.31642487186905
            ],
            [
              -93.78793945312505,
              45.30792877811906
            ],
            [
              -93.59726562499998,
              45.29962799686915
            ],
            [
              -93.58886718750014,
              45.29674713749402
            ],
            [
              -93.58164062499993,
              45.28998444218173
            ],
            [
              -93.57031250000001,
              45.27545807499409
            ],
            [
              -93.56235351562484,
              45.26862213749411
            ],
            [
              -93.5142089843751,
              45.24132721561918
            ],
            [
              -93.49365234374994,
              45.23253815311914
            ],
            [
              -93.47111816406249,
              45.22633698124418
            ],
            [
              -93.44677734375011,
              45.223944403119006
            ],
            [
              -93.43730468749982,
              45.22016022343157
            ],
            [
              -93.39567871093757,
              45.186468817181606
            ],
            [
              -93.36174316406249,
              45.175482489056606
            ],
            [
              -93.31958007812494,
              45.14879791874408
            ],
            [
              -93.29594726562485,
              45.11469147343162
            ],
            [
              -93.28825683593735,
              45.10590241093165
            ],
            [
              -93.29282226562482,
              45.038934637493966
            ],
            [
              -93.2851562500001,
              45.02174713749413
            ],
            [
              -93.27019042968745,
              44.99872467655665
            ],
            [
              -93.25200195312495,
              44.97863190311902
            ],
            [
              -93.23486328124994,
              44.970038153118935
            ],
            [
              -93.22416992187485,
              44.96063873905646
            ],
            [
              -93.21435546875011,
              44.91613190311913
            ],
            [
              -93.20346679687509,
              44.90114166874396
            ],
            [
              -93.17399902343745,
              44.90065338749402
            ],
            [
              -93.11874999999998,
              44.93927643436902
            ],
            [
              -93.09050292968753,
              44.94953034061905
            ],
            [
              -93.08032226562504,
              44.94298737186923
            ],
            [
              -93.0704833984374,
              44.92833893436901
            ],
            [
              -93.06303710937482,
              44.91315338749423
            ],
            [
              -93.06010742187479,
              44.904852606244084
            ],
            [
              -93.05468749999986,
              44.89801666874419
            ],
            [
              -93.04272460937491,
              44.88776276249399
            ],
            [
              -93.03076171874997,
              44.874335028119134
            ],
            [
              -93.02531738281253,
              44.85797760624406
            ],
            [
              -93.02197265625011,
              44.82184479374405
            ],
            [
              -93.01010742187486,
              44.80097077030649
            ],
            [
              -92.98710937499993,
              44.79047272343158
            ],
            [
              -92.8961669921875,
              44.782171942181684
            ],
            [
              -92.88193359374995,
              44.77826569218149
            ],
            [
              -92.87705078125013,
              44.77345612186913
            ],
            [
              -92.87314453125015,
              44.76654694218152
            ],
            [
              -92.86752929687503,
              44.7604434265566
            ],
            [
              -92.85742187500003,
              44.75775787968155
            ],
            [
              -92.81987304687486,
              44.75775787968166
            ],
            [
              -92.79306640624995,
              44.74049713749419
            ],
            [
              -92.73144531250009,
              44.71149323124418
            ],
            [
              -92.6611816406248,
              44.66022369999402
            ],
            [
              -92.64340820312484,
              44.65155670780658
            ],
            [
              -92.63725585937493,
              44.64301178593145
            ],
            [
              -92.63249511718743,
              44.63361237186915
            ],
            [
              -92.6281005859375,
              44.62746002811924
            ],
            [
              -92.58476562500007,
              44.607855535931606
            ],
            [
              -92.42912597656263,
              44.5891787781191
            ],
            [
              -92.39384765624997,
              44.579535223431684
            ],
            [
              -92.35986328125011,
              44.55975983280668
            ],
            [
              -92.33110351562489,
              44.53302643436916
            ],
            [
              -92.30527343749984,
              44.490057684369134
            ],
            [
              -92.29687499999999,
              44.47894928593155
            ],
            [
              -92.28618164062512,
              44.47057526249415
            ],
            [
              -92.27275390625005,
              44.46576569218161
            ],
            [
              -92.15617675781246,
              44.451361395306535
            ],
            [
              -92.10270996093749,
              44.436835028119106
            ],
            [
              -91.95019531250011,
              44.33563873905659
            ],
            [
              -91.91228027343764,
              44.28888580936922
            ],
            [
              -91.83701171874988,
              44.181756903119094
            ],
            [
              -91.81718750000012,
              44.16254303593156
            ],
            [
              -91.77849121093752,
              44.14948151249401
            ],
            [
              -91.66269531250009,
              44.07318756718166
            ],
            [
              -91.65024414062512,
              44.068231512493995
            ],
            [
              -91.63774414062507,
              44.065619207806535
            ],
            [
              -91.54106445312499,
              44.06549713749413
            ],
            [
              -91.53532714843757,
              44.06373932499397
            ],
            [
              -91.47861328124995,
              44.02948639530672
            ],
            [
              -91.47119140625011,
              44.026483465619044
            ],
            [
              -91.46269531249997,
              44.024481512494035
            ],
            [
              -91.42602539062509,
              44.0224063171816
            ],
            [
              -91.41406250000011,
              44.018085028119145
            ],
            [
              -91.40764160156257,
              44.01325104374418
            ],
            [
              -91.40356445312491,
              44.00763580936899
            ],
            [
              -91.40097656250008,
              44.001044012494035
            ],
            [
              -91.39916992187504,
              43.993353582806705
            ],
            [
              -91.39201660156266,
              43.9794375671816
            ],
            [
              -91.36889648437489,
              43.95787994999403
            ],
            [
              -91.36108398437497,
              43.94476959843155
            ],
            [
              -91.31835937499991,
              43.93292877811908
            ],
            [
              -91.3051025390626,
              43.92677643436916
            ],
            [
              -91.29516601562494,
              43.91889069218168
            ],
            [
              -91.28857421875011,
              43.90900299686894
            ],
            [
              -91.28435058593749,
              43.89765045780668
            ],
            [
              -91.27958984375,
              43.87348053593174
            ],
            [
              -91.27885742187505,
              43.85053131718151
            ],
            [
              -91.28129882812483,
              43.821234442181535
            ],
            [
              -91.2806884765625,
              43.81244537968159
            ],
            [
              -91.2786132812501,
              43.80402252811919
            ],
            [
              -91.27465820312486,
              43.795526434369236
            ],
            [
              -91.26928710937504,
              43.78851959843168
            ],
            [
              -91.25561523437497,
              43.7764346374941
            ],
            [
              -91.24931640625009,
              43.76886627811918
            ],
            [
              -91.24584960937506,
              43.75978424686918
            ],
            [
              -91.24291992187511,
              43.74010651249412
            ],
            [
              -91.24277343750006,
              43.72121002811909
            ],
            [
              -91.25488281250003,
              43.66686432499418
            ],
            [
              -91.25463867187486,
              43.65773346561908
            ],
            [
              -91.2471191406251,
              43.63117096561914
            ],
            [
              -91.24667968750015,
              43.620624090619245
            ],
            [
              -91.25083007812489,
              43.589227606244066
            ],
            [
              -91.25009765625013,
              43.57594635624413
            ],
            [
              -91.24418945312487,
              43.55006744999409
            ],
            [
              -91.24291992187489,
              43.536883856244
            ],
            [
              -91.24443359374993,
              43.52428619999407
            ],
            [
              -91.25053710937512,
              43.49953034061902
            ],
            [
              -91.25200195312485,
              43.48688385624425
            ],
            [
              -91.25107421875013,
              43.474383856244145
            ],
            [
              -91.24804687500004,
              43.46271393436902
            ],
            [
              -91.24301757812515,
              43.45184967655655
            ],
            [
              -91.229296875,
              43.431415106244174
            ],
            [
              -91.22429199218766,
              43.42145416874408
            ],
            [
              -91.22104492187486,
              43.410760809369094
            ],
            [
              -91.2166015625,
              43.38336823124412
            ],
            [
              -91.20891113281243,
              43.37282135624419
            ],
            [
              -91.1971923828125,
              43.36591217655672
            ],
            [
              -91.11113281249989,
              43.339960028119194
            ],
            [
              -91.08666992187496,
              43.31725494999411
            ],
            [
              -91.08496093750003,
              43.27997467655672
            ],
            [
              -91.10356445312507,
              43.24921295780666
            ],
            [
              -91.15659179687503,
              43.19525787968149
            ],
            [
              -91.1678955078124,
              43.16034577030646
            ],
            [
              -91.16245117187482,
              43.090277410931485
            ],
            [
              -91.1547851562501,
              43.0564151062442
            ],
            [
              -91.15429687499983,
              43.01972077030665
            ],
            [
              -91.15239257812509,
              43.007586981244046
            ],
            [
              -91.1477539062501,
              42.99628327030662
            ],
            [
              -91.14653320312507,
              42.95026276249416
            ],
            [
              -91.14160156250004,
              42.928168035931606
            ],
            [
              -91.13066406249995,
              42.911200262494006
            ],
            [
              -91.10214843750006,
              42.88488190311901
            ],
            [
              -91.0923339843751,
              42.87086823124419
            ],
            [
              -91.08627929687488,
              42.85285065311899
            ],
            [
              -91.08325195312503,
              42.810492254681634
            ],
            [
              -91.07963867187503,
              42.791937567181655
            ],
            [
              -91.04558105468739,
              42.74201080936894
            ],
            [
              -91.03305664062509,
              42.729120184369194
            ],
            [
              -91.01059570312509,
              42.716327215619025
            ],
            [
              -90.96665039062489,
              42.70153229374412
            ],
            [
              -90.7958251953126,
              42.676776434369245
            ],
            [
              -90.75009765625009,
              42.66376373905659
            ],
            [
              -90.72661132812485,
              42.66107819218149
            ],
            [
              -90.70312500000001,
              42.65521881718156
            ],
            [
              -90.6874267578124,
              42.64032623905654
            ],
            [
              -90.66796875,
              42.59962799686916
            ],
            [
              -90.65976562499985,
              42.588202215619155
            ],
            [
              -90.63461914062506,
              42.55975983280662
            ],
            [
              -90.6263916015626,
              42.54437897343151
            ],
            [
              -90.62875976562513,
              42.533026434368956
            ],
            [
              -90.65429687499994,
              42.48981354374405
            ],
            [
              -90.64208984374994,
              42.475604559368975
            ],
            [
              -90.61157226562509,
              42.463006903119165
            ],
            [
              -90.59628906249996,
              42.451922918744245
            ],
            [
              -90.58122558593763,
              42.437689520306456
            ],
            [
              -90.54924316406232,
              42.41718170780671
            ],
            [
              -90.46337890625009,
              42.37584869999405
            ],
            [
              -90.43229980468735,
              42.35248444218157
            ],
            [
              -90.41472167968759,
              42.318426824994106
            ],
            [
              -90.41472167968753,
              42.32526276249411
            ],
            [
              -90.41220703125009,
              42.26832916874413
            ],
            [
              -90.40324707031256,
              42.245306707806684
            ],
            [
              -90.37045898437508,
              42.23053619999402
            ],
            [
              -90.34904785156236,
              42.207147528119016
            ],
            [
              -90.33554687499984,
              42.201727606244134
            ],
            [
              -90.32207031250002,
              42.1994815124942
            ],
            [
              -90.23657226562489,
              42.16083405155665
            ],
            [
              -90.2262451171874,
              42.1533389343691
            ],
            [
              -90.20126953125008,
              42.13080475468162
            ],
            [
              -90.19189453125006,
              42.12604401249416
            ],
            [
              -90.1765625000001,
              42.123602606244106
            ],
            [
              -90.16977539062516,
              42.11632721561906
            ],
            [
              -90.16806640624988,
              42.104608465619094
            ],
            [
              -90.16831054687488,
              42.088812567181535
            ],
            [
              -90.16503906249984,
              42.07514069218162
            ],
            [
              -90.14038085937491,
              42.030462957806634
            ],
            [
              -90.144140625,
              42.018573309369145
            ],
            [
              -90.14946289062493,
              41.97626373905666
            ],
            [
              -90.16708984374993,
              41.94122955936899
            ],
            [
              -90.174560546875,
              41.87965729374409
            ],
            [
              -90.18864746093745,
              41.83466217655675
            ],
            [
              -90.20126953124984,
              41.81349518436909
            ],
            [
              -90.21884765624985,
              41.80451080936925
            ],
            [
              -90.23515624999987,
              41.79962799686915
            ],
            [
              -90.27714843750006,
              41.77435944218151
            ],
            [
              -90.29118652343749,
              41.76354401249417
            ],
            [
              -90.3051025390626,
              41.74848053593158
            ],
            [
              -90.31835937500013,
              41.72838776249418
            ],
            [
              -90.32829589843736,
              41.70617096561918
            ],
            [
              -90.33212890625006,
              41.68444244999412
            ],
            [
              -90.34653320312509,
              41.66474030155669
            ],
            [
              -90.34477539062482,
              41.66022369999409
            ],
            [
              -90.34106445312489,
              41.65582916874407
            ],
            [
              -90.33896484374982,
              41.64996979374409
            ],
            [
              -90.33935546874993,
              41.62628815311918
            ],
            [
              -90.34147949218755,
              41.61583893436905
            ],
            [
              -90.34643554687497,
              41.60529205936923
            ],
            [
              -90.36166992187502,
              41.59320709843156
            ],
            [
              -90.40556640624993,
              41.57423737186916
            ],
            [
              -90.41472167968759,
              41.56774323124421
            ],
            [
              -90.42241210937513,
              41.55390045780659
            ],
            [
              -90.441015625,
              41.54328034061912
            ],
            [
              -90.4830078125,
              41.53082916874409
            ],
            [
              -90.58232421875005,
              41.517157293744155
            ],
            [
              -90.60332031249999,
              41.51037018436911
            ],
            [
              -90.64140625000017,
              41.47601959843168
            ],
            [
              -90.66171875000002,
              41.46193268436912
            ],
            [
              -90.70458984375004,
              41.45111725468169
            ],
            [
              -90.99155273437496,
              41.433539129681705
            ],
            [
              -91.03105468750007,
              41.41351959843156
            ],
            [
              -91.05485839843747,
              41.382831121869216
            ],
            [
              -91.07561035156263,
              41.34332916874396
            ],
            [
              -91.09116210937498,
              41.29967682499412
            ],
            [
              -91.0993652343751,
              41.256463934369066
            ],
            [
              -91.09912109375001,
              41.23590729374402
            ],
            [
              -91.09409179687492,
              41.21080963749414
            ],
            [
              -91.08244628906246,
              41.18971588749398
            ],
            [
              -91.06206054687507,
              41.18073151249405
            ],
            [
              -91.04785156249994,
              41.17653229374396
            ],
            [
              -90.99755859374989,
              41.14660065311905
            ],
            [
              -90.96874999999982,
              41.11598541874415
            ],
            [
              -90.95166015624997,
              41.075384832806606
            ],
            [
              -90.94536132812499,
              41.02916901249422
            ],
            [
              -90.94907226562513,
              40.98212311405657
            ],
            [
              -90.96672363281243,
              40.946161199994094
            ],
            [
              -91.06584472656233,
              40.85858795780661
            ],
            [
              -91.08349609375009,
              40.83898346561915
            ],
            [
              -91.09360351562503,
              40.823553778119205
            ],
            [
              -91.09824218750019,
              40.80768463749405
            ],
            [
              -91.1016113281249,
              40.76369049686921
            ],
            [
              -91.10776367187493,
              40.741766668744084
            ],
            [
              -91.12729492187495,
              40.70160553593169
            ],
            [
              -91.15312499999995,
              40.672381903119074
            ],
            [
              -91.18791503906252,
              40.65314362186906
            ],
            [
              -91.22746582031259,
              40.64269440311922
            ],
            [
              -91.26757812500003,
              40.6394717468691
            ],
            [
              -91.29833984374989,
              40.63312409061897
            ],
            [
              -91.34306640624999,
              40.6176944031192
            ],
            [
              -91.38339843749984,
              40.59857819218168
            ],
            [
              -91.4009765625,
              40.58117096561907
            ],
            [
              -91.40312500000013,
              40.57428619999416
            ],
            [
              -91.41252441406232,
              40.563666082806634
            ],
            [
              -91.41464843749998,
              40.5538272156192
            ],
            [
              -91.41093749999985,
              40.545282293743966
            ],
            [
              -91.38388671874989,
              40.526239324994044
            ],
            [
              -91.37480468749983,
              40.509881903119236
            ],
            [
              -91.37419433593732,
              40.49213287968173
            ],
            [
              -91.38046875000012,
              40.46137116093148
            ],
            [
              -91.38054199218757,
              40.44428131718175
            ],
            [
              -91.37509765624998,
              40.417792059369035
            ],
            [
              -91.37370605468737,
              40.40302155155643
            ],
            [
              -91.38266601562484,
              40.3928897156191
            ],
            [
              -91.44194335937492,
              40.379461981244305
            ],
            [
              -91.4729980468751,
              40.358026434369236
            ],
            [
              -91.49619140625013,
              40.313299871869226
            ],
            [
              -91.51132812500012,
              40.262152410931634
            ],
            [
              -91.51831054687504,
              40.22113678593169
            ],
            [
              -91.51904296875013,
              40.174872137494134
            ],
            [
              -91.49260253906252,
              40.00946686405659
            ],
            [
              -91.48723144531249,
              39.99433014530658
            ],
            [
              -91.47363281249996,
              39.978216864056506
            ],
            [
              -91.45664062500003,
              39.96198151249405
            ],
            [
              -91.45061035156245,
              39.954950262493995
            ],
            [
              -91.446142578125,
              39.94782135624415
            ],
            [
              -91.44311523437499,
              39.94000885624405
            ],
            [
              -91.44145507812492,
              39.93092682499412
            ],
            [
              -91.441943359375,
              39.90643952030653
            ],
            [
              -91.45029296874985,
              39.87714264530666
            ],
            [
              -91.44938964843763,
              39.86554596561916
            ],
            [
              -91.4451171874999,
              39.85875885624405
            ],
            [
              -91.43173828124985,
              39.84699127811913
            ],
            [
              -91.42521972656246,
              39.83380768436919
            ],
            [
              -91.39787597656259,
              39.813666082806634
            ],
            [
              -91.39152832031255,
              39.803412176556634
            ],
            [
              -91.38933105468732,
              39.79284088749421
            ],
            [
              -91.38730468749988,
              39.76930573124423
            ],
            [
              -91.37504882812486,
              39.73561432499403
            ],
            [
              -91.3552246093751,
              39.71076080936926
            ],
            [
              -91.1044189453124,
              39.53302643436908
            ],
            [
              -91.08867187499983,
              39.518011785931535
            ],
            [
              -91.07675781249985,
              39.49928619999415
            ],
            [
              -91.07202148437489,
              39.477899481244044
            ],
            [
              -91.06584472656239,
              39.464178778119006
            ],
            [
              -91.05102539062489,
              39.452337957806506
            ],
            [
              -90.81962890625009,
              39.320013739056606
            ],
            [
              -90.79746093750015,
              39.303168035931535
            ],
            [
              -90.77409667968743,
              39.27892487186904
            ],
            [
              -90.74829101562489,
              39.24196198124413
            ],
            [
              -90.73681640624989,
              39.22028229374403
            ],
            [
              -90.73002929687487,
              39.20075104374402
            ],
            [
              -90.72893066406232,
              39.18727448124416
            ],
            [
              -90.730712890625,
              39.15961334843166
            ],
            [
              -90.73002929687505,
              39.1461123718691
            ],
            [
              -90.72453613281262,
              39.133807684369046
            ],
            [
              -90.70659179687513,
              39.112127996869006
            ],
            [
              -90.7027343749999,
              39.10114166874406
            ],
            [
              -90.70683593750007,
              39.09020416874425
            ],
            [
              -90.71464843749997,
              39.07868073124398
            ],
            [
              -90.7189208984374,
              39.0663516296816
            ],
            [
              -90.71264648437487,
              39.05304596561908
            ],
            [
              -90.7047607421875,
              39.04083893436925
            ],
            [
              -90.69938964843743,
              39.02435944218165
            ],
            [
              -90.69816894531257,
              39.0077578796817
            ],
            [
              -90.7027343749999,
              38.99530670780659
            ],
            [
              -90.65756835937506,
              38.92096588749397
            ],
            [
              -90.62663574218759,
              38.89032623905667
            ],
            [
              -90.5854492187501,
              38.87799713749397
            ],
            [
              -90.54204101562486,
              38.89391510624421
            ],
            [
              -90.47910156250008,
              38.95880768436925
            ],
            [
              -90.42839355468746,
              38.96735260624405
            ],
            [
              -90.40917968750011,
              38.96137116093168
            ],
            [
              -90.37492675781252,
              38.94371979374404
            ],
            [
              -90.35637207031246,
              38.94005768436914
            ],
            [
              -90.33281249999996,
              38.93805573124421
            ],
            [
              -90.2822265625,
              38.92645905155651
            ],
            [
              -90.18364257812487,
              38.88263580936925
            ],
            [
              -90.14365234375003,
              38.85675690311915
            ],
            [
              -90.12729492187498,
              38.83019440311903
            ],
            [
              -90.13217773437486,
              38.818670965618985
            ]
          ],
          [
            [
              -94.63706054687495,
              47.440008856244205
            ],
            [
              -94.6898681640624,
              47.438666082806705
            ],
            [
              -94.70854492187499,
              47.44264557499432
            ],
            [
              -94.72416992187513,
              47.45094635624402
            ],
            [
              -94.74765625000015,
              47.47724030155666
            ],
            [
              -94.7615234375,
              47.48766510624401
            ],
            [
              -94.83464355468762,
              47.499383856244236
            ],
            [
              -94.84672851562497,
              47.49603912968149
            ],
            [
              -94.86564941406236,
              47.48151276249409
            ],
            [
              -94.88981933593759,
              47.46979401249406
            ],
            [
              -94.94389648437487,
              47.458856512494144
            ],
            [
              -94.96777343749977,
              47.44989655155665
            ],
            [
              -94.98588867187512,
              47.44518463749404
            ],
            [
              -95.00493164062512,
              47.44306061405652
            ],
            [
              -95.02531738281236,
              47.443915106244106
            ],
            [
              -95.06621093750002,
              47.450262762494205
            ],
            [
              -95.08920898437512,
              47.453924871869134
            ],
            [
              -95.11564941406237,
              47.45636627811905
            ],
            [
              -95.13339843749988,
              47.45514557499419
            ],
            [
              -95.14887695312504,
              47.45021393436919
            ],
            [
              -95.16831054687496,
              47.439886785931535
            ],
            [
              -95.18749999999987,
              47.426874090618995
            ],
            [
              -95.22209472656232,
              47.39528229374416
            ],
            [
              -95.23625488281246,
              47.37794830936918
            ],
            [
              -95.24748535156266,
              47.360370184369145
            ],
            [
              -95.25517578124996,
              47.343207098431535
            ],
            [
              -95.25815429687489,
              47.33100006718168
            ],
            [
              -95.25688476562485,
              47.31513092655669
            ],
            [
              -95.24692382812503,
              47.29479401249415
            ],
            [
              -95.17993164062518,
              47.21642487186922
            ]
          ],
          [
            [
              -94.5068359375,
              47.45641510624421
            ],
            [
              -94.50725097656235,
              47.45641510624412
            ],
            [
              -94.50773925781263,
              47.45656159061897
            ],
            [
              -94.5214111328126,
              47.45543854374398
            ],
            [
              -94.5441162109373,
              47.447577215619155
            ],
            [
              -94.56992187499995,
              47.43524811405666
            ],
            [
              -94.59692382812497,
              47.430926824994096
            ],
            [
              -94.62436523437509,
              47.43605377811905
            ],
            [
              -94.63706054687495,
              47.440008856244205
            ]
          ],
          [
            [
              -94.09409179687509,
              47.43280670780666
            ],
            [
              -94.10375976562503,
              47.43468659061904
            ],
            [
              -94.12583007812506,
              47.4581240906192
            ],
            [
              -94.1600097656249,
              47.47455475468167
            ],
            [
              -94.19833984375012,
              47.45966217655665
            ],
            [
              -94.2200195312501,
              47.44020416874413
            ],
            [
              -94.23608398437501,
              47.42189362186909
            ],
            [
              -94.26635742187487,
              47.40534088749421
            ],
            [
              -94.32646484375013,
              47.40563385624405
            ]
          ]
        ]
      }
    },
    {
      "type": "Feature",
      "properties": {
        "id": "missouri-river",
        "label": "Missouri River",
        "name": "Missouri River",
        "sourceName": "Missouri",
        "type": "river",
        "kind": "river",
        "sourceDataset": "Natural Earth 10m Rivers, lake centerlines",
        "sourceFile": "ne_10m_rivers_lake_centerlines.shp",
        "sourceUrl": "https://naciscdn.org/naturalearth/10m/physical/ne_10m_rivers_lake_centerlines.zip",
        "naturalEarthFeatureClass": "River",
        "naturalEarthRiverNumber": 8,
        "naturalEarthRiverNumbers": [
          8
        ],
        "naturalEarthId": 1159128481,
        "naturalEarthIds": [
          1159128481,
          1159128475
        ],
        "sourceRecords": [
          {
            "naturalEarthId": 1159128481,
            "naturalEarthRiverNumber": 8,
            "featureClass": "River",
            "sourceName": "Missouri",
            "partStart": 0,
            "partCount": 5,
            "bounds": [
              -112.0046386718749,
              38.54279205936895,
              -90.13310546874993,
              48.156683660931506
            ]
          },
          {
            "naturalEarthId": 1159128475,
            "naturalEarthRiverNumber": 8,
            "featureClass": "Lake Centerline",
            "sourceName": "Missouri",
            "partStart": 5,
            "partCount": 5,
            "bounds": [
              -111.69731445312493,
              43.059881903119035,
              -98.55966796874982,
              48.162909246869106
            ]
          }
        ],
        "playableExposure": {
          "status": "memory-trail",
          "reason": "Verified Natural Earth geometry is accepted for normal Memory Trail use."
        },
        "lineWidthPx": 2,
        "highlightWidthPx": 5,
        "hitWidthPx": 30
      },
      "geometry": {
        "type": "MultiLineString",
        "coordinates": [
          [
            [
              -108.19060058593763,
              47.601752020306556
            ],
            [
              -108.24985351562484,
              47.599676824994205
            ],
            [
              -108.28002929687504,
              47.59459869999398
            ],
            [
              -108.30009765624989,
              47.579461981244165
            ],
            [
              -108.31650390625018,
              47.58319733280672
            ],
            [
              -108.34824218749975,
              47.59552643436905
            ],
            [
              -108.390234375,
              47.59889557499425
            ],
            [
              -108.40227050781263,
              47.601752020306705
            ],
            [
              -108.41447753906232,
              47.623651434369016
            ],
            [
              -108.42578125000003,
              47.632635809369035
            ],
            [
              -108.44077148437508,
              47.62567780155649
            ],
            [
              -108.45361328125006,
              47.61754791874406
            ],
            [
              -108.46508789062491,
              47.61969635624421
            ],
            [
              -108.47631835937489,
              47.625677801556606
            ],
            [
              -108.4885742187499,
              47.62909577030654
            ],
            [
              -108.52636718749993,
              47.628534246869
            ],
            [
              -108.58496093750003,
              47.63641998905669
            ],
            [
              -108.64812011718746,
              47.63458893436903
            ],
            [
              -108.66699218750018,
              47.639960028119184
            ],
            [
              -108.68718261718756,
              47.65326569218145
            ],
            [
              -108.70036621093769,
              47.657538153119255
            ],
            [
              -108.73242187499986,
              47.653509832806506
            ],
            [
              -108.74545898437515,
              47.65636627811913
            ],
            [
              -108.75097656249984,
              47.663690496868995
            ],
            [
              -108.7591308593749,
              47.69118073124406
            ],
            [
              -108.77734374999997,
              47.70538971561895
            ],
            [
              -108.82553710937508,
              47.72272369999416
            ],
            [
              -108.84482421874996,
              47.73554108280651
            ],
            [
              -108.8663085937501,
              47.74367096561909
            ],
            [
              -108.91618652343752,
              47.738885809369194
            ],
            [
              -108.92985839843742,
              47.752557684369215
            ],
            [
              -108.9258300781251,
              47.75329010624416
            ],
            [
              -108.9193603515625,
              47.764837957806634
            ],
            [
              -108.91333007812491,
              47.779730535931684
            ],
            [
              -108.91064453124987,
              47.790472723431506
            ],
            [
              -108.91367187499978,
              47.79950592655654
            ],
            [
              -108.92131347656233,
              47.80707428593158
            ],
            [
              -108.93115234374999,
              47.812127996869116
            ],
            [
              -108.94072265624989,
              47.81403229374415
            ],
            [
              -109.03972167968742,
              47.81403229374415
            ],
            [
              -109.06242675781259,
              47.80822174686901
            ],
            [
              -109.09086914062495,
              47.79713776249406
            ],
            [
              -109.11875000000003,
              47.79035065311907
            ],
            [
              -109.13999023437492,
              47.79730866093155
            ],
            [
              -109.16342773437506,
              47.80829498905669
            ],
            [
              -109.19995117187487,
              47.81354401249415
            ],
            [
              -109.23730468750014,
              47.81354401249412
            ],
            [
              -109.26318359374996,
              47.808905340619134
            ],
            [
              -109.38769531250003,
              47.75319244999407
            ],
            [
              -109.43505859374996,
              47.746844793744025
            ],
            [
              -109.45922851562513,
              47.750360418744165
            ],
            [
              -109.50683593750006,
              47.76422760624399
            ],
            [
              -109.53344726562493,
              47.767401434369134
            ],
            [
              -109.58525390624989,
              47.760516668744216
            ],
            [
              -109.6262207031249,
              47.760516668744074
            ],
            [
              -109.64868164062487,
              47.75458405155655
            ],
            [
              -109.68791503906229,
              47.73151276249396
            ],
            [
              -109.70507812500016,
              47.726385809369155
            ],
            [
              -109.83232421875003,
              47.73480866093155
            ],
            [
              -109.8474609375001,
              47.738885809369194
            ],
            [
              -109.86083984375001,
              47.74433014530652
            ],
            [
              -109.86987304687506,
              47.75055573124415
            ],
            [
              -109.8764648437501,
              47.76012604374402
            ],
            [
              -109.88183593750011,
              47.77008698124418
            ],
            [
              -109.8879882812501,
              47.777850653119174
            ],
            [
              -109.8968261718749,
              47.781024481244046
            ],
            [
              -109.92058105468737,
              47.784686590619124
            ],
            [
              -109.9436035156248,
              47.79364655155656
            ],
            [
              -109.98251953125008,
              47.81513092655659
            ],
            [
              -110.02685546874983,
              47.83136627811908
            ],
            [
              -110.04882812500009,
              47.84313385624406
            ],
            [
              -110.05820312500008,
              47.85949127811913
            ],
            [
              -110.05478515624993,
              47.883368231244134
            ],
            [
              -110.04912109375002,
              47.89953034061908
            ],
            [
              -110.04802246093762,
              47.91554596561909
            ],
            [
              -110.05820312500016,
              47.93866608280657
            ],
            [
              -110.08227539062511,
              47.967718817181606
            ],
            [
              -110.08842773437503,
              47.98541901249406
            ],
            [
              -110.10295410156243,
              48.00971100468164
            ],
            [
              -110.10913085937493,
              48.01715729374412
            ],
            [
              -110.13999023437502,
              48.04669830936924
            ],
            [
              -110.15971679687507,
              48.05512116093155
            ],
            [
              -110.18798828124986,
              48.05470612186929
            ],
            [
              -110.20639648437488,
              48.044623114056634
            ],
            [
              -110.22690429687499,
              48.028265692181506
            ],
            [
              -110.24780273437507,
              48.01745026249408
            ],
            [
              -110.2670898437499,
              48.02428619999403
            ],
            [
              -110.28312988281259,
              48.02484772343151
            ],
            [
              -110.38012695312503,
              47.96906159061908
            ],
            [
              -110.40024414062505,
              47.96198151249413
            ],
            [
              -110.42441406249998,
              47.95917389530652
            ],
            [
              -110.44824218749994,
              47.95050690311921
            ],
            [
              -110.46728515625,
              47.9326358093691
            ],
            [
              -110.46923828125017,
              47.91774323124408
            ],
            [
              -110.44182128906239,
              47.91815827030663
            ],
            [
              -110.44516601562484,
              47.912909246869226
            ],
            [
              -110.44833984375015,
              47.91002838749405
            ],
            [
              -110.45166015624987,
              47.907782293744155
            ],
            [
              -110.45549316406263,
              47.90448639530669
            ],
            [
              -110.47319335937503,
              47.89240143436896
            ],
            [
              -110.49980468749993,
              47.880975653119044
            ],
            [
              -110.52739257812512,
              47.875311590618956
            ],
            [
              -110.5479492187499,
              47.88031647343161
            ],
            [
              -110.56357421874989,
              47.88756744999414
            ],
            [
              -110.56909179687504,
              47.879095770306705
            ],
            [
              -110.56992187499988,
              47.86505768436924
            ],
            [
              -110.57153320312504,
              47.85607330936905
            ],
            [
              -110.57983398437499,
              47.85321686405654
            ],
            [
              -110.60375976562513,
              47.85175202030672
            ],
            [
              -110.61313476562488,
              47.84992096561899
            ],
            [
              -110.71948242187501,
              47.78925202030672
            ],
            [
              -110.76025390625007,
              47.77306549686913
            ],
            [
              -110.78598632812486,
              47.771844793744165
            ],
            [
              -110.83862304687504,
              47.78827545780658
            ],
            [
              -110.86645507812487,
              47.792792059369205
            ],
            [
              -110.88847656249989,
              47.78790924686922
            ],
            [
              -110.90556640625002,
              47.77570221561919
            ],
            [
              -110.9446777343751,
              47.731146551556556
            ],
            [
              -110.99711914062489,
              47.68695709843173
            ],
            [
              -111.00895996093759,
              47.6725528015566
            ],
            [
              -111.01572265624995,
              47.6612002624941
            ],
            [
              -111.02788085937486,
              47.63312409061915
            ],
            [
              -111.03051757812518,
              47.63190338749418
            ],
            [
              -111.03857421875007,
              47.62274811405659
            ],
            [
              -111.04118652343739,
              47.621454168744336
            ],
            [
              -111.08623046875012,
              47.580511785931584
            ],
            [
              -111.09916992187496,
              47.5744815124942
            ],
            [
              -111.10942382812505,
              47.572943426556634
            ],
            [
              -111.11972656250006,
              47.56891510624415
            ],
            [
              -111.15942382812516,
              47.54616119999416
            ],
            [
              -111.168994140625,
              47.54235260624415
            ],
            [
              -111.17856445312513,
              47.540301824994174
            ],
            [
              -111.19060058593736,
              47.540838934369106
            ],
            [
              -111.2134765624999,
              47.546014715619194
            ],
            [
              -111.22583007812506,
              47.54650299686914
            ],
            [
              -111.23515624999992,
              47.54401276249407
            ],
            [
              -111.25346679687509,
              47.535345770306705
            ],
            [
              -111.28776855468742,
              47.528021551556584
            ],
            [
              -111.29638671875001,
              47.51386139530665
            ],
            [
              -111.29467773437484,
              47.47479889530661
            ],
            [
              -111.28833007812487,
              47.460467840619046
            ],
            [
              -111.27768554687496,
              47.44367096561908
            ],
            [
              -111.27556152343762,
              47.426214910931684
            ],
            [
              -111.29467773437487,
              47.40997955936911
            ],
            [
              -111.3095703125001,
              47.40570709843162
            ],
            [
              -111.31560058593752,
              47.40936920780653
            ],
            [
              -111.31992187499976,
              47.41676666874402
            ],
            [
              -111.32944335937488,
              47.42365143436919
            ],
            [
              -111.33676757812518,
              47.425409246869144
            ],
            [
              -111.36015625000006,
              47.42365143436908
            ],
            [
              -111.3803710937499,
              47.43573639530666
            ],
            [
              -111.39194335937502,
              47.43825104374419
            ],
            [
              -111.40170898437482,
              47.41920807499398
            ],
            [
              -111.41240234374989,
              47.41864655155665
            ],
            [
              -111.43188476562506,
              47.423651434369276
            ],
            [
              -111.45263671874989,
              47.42475006718154
            ],
            [
              -111.46972656249996,
              47.42384674686926
            ],
            [
              -111.50693359375009,
              47.41681549686909
            ],
            [
              -111.50693359374986,
              47.409979559369084
            ],
            [
              -111.49829101562496,
              47.408807684369194
            ],
            [
              -111.48967285156239,
              47.40534088749413
            ],
            [
              -111.48461914062491,
              47.39904205936916
            ],
            [
              -111.48642578124989,
              47.389520574994215
            ],
            [
              -111.49125976562495,
              47.38922760624411
            ],
            [
              -111.52060546875005,
              47.383246160931684
            ],
            [
              -111.6873046875001,
              47.282831121869215
            ],
            [
              -111.751708984375,
              47.22894928593149
            ],
            [
              -111.75766601562502,
              47.21998932499412
            ],
            [
              -111.76621093750015,
              47.210711981244025
            ],
            [
              -111.80375976562507,
              47.19318268436909
            ],
            [
              -111.81230468750012,
              47.17865631718169
            ],
            [
              -111.82739257812503,
              47.161688543744205
            ],
            [
              -111.92961425781259,
              47.12750885624412
            ],
            [
              -111.94340820312502,
              47.115594793744144
            ],
            [
              -111.99692382812506,
              47.051703192181655
            ],
            [
              -112.0046386718749,
              47.03754303593169
            ],
            [
              -112.00024414062503,
              47.02167389530665
            ],
            [
              -111.97990722656269,
              46.99909088749409
            ],
            [
              -111.9404296874999,
              46.97326080936912
            ],
            [
              -111.93872070312504,
              46.96234772343155
            ],
            [
              -111.93872070312484,
              46.949774481244226
            ],
            [
              -111.93522949218735,
              46.94044830936912
            ],
            [
              -111.92880859374985,
              46.92914459843167
            ],
            [
              -111.92973632812489,
              46.905462957806705
            ],
            [
              -111.92595214843743,
              46.8954531921815
            ],
            [
              -111.91484374999987,
              46.88910553593152
            ],
            [
              -111.904541015625,
              46.88893463749403
            ],
            [
              -111.89609375000005,
              46.88703034061908
            ],
            [
              -111.8905517578124,
              46.87555573124402
            ],
            [
              -111.89194335937484,
              46.864374090619044
            ],
            [
              -111.89885253906256,
              46.856390692181634
            ],
            [
              -111.91508789062502,
              46.84454987186931
            ],
            [
              -111.92363281250016,
              46.83156159061918
            ],
            [
              -111.92094726562499,
              46.82416412968175
            ],
            [
              -111.90112304687489,
              46.81007721561907
            ],
            [
              -111.87297363281239,
              46.77277252811913
            ],
            [
              -111.857666015625,
              46.756903387494084
            ],
            [
              -111.83652343750015,
              46.74518463749412
            ],
            [
              -111.7936279296876,
              46.73278229374402
            ],
            [
              -111.7886718749999,
              46.72186920780668
            ],
            [
              -111.788134765625,
              46.69396393436912
            ],
            [
              -111.77792968749985,
              46.67340729374422
            ],
            [
              -111.75351562499986,
              46.66432526249423
            ],
            [
              -111.69877929687505,
              46.66266510624416
            ]
          ],
          [
            [
              -103.77231445312485,
              48.027289129681705
            ],
            [
              -103.78378906249999,
              48.014593817181485
            ],
            [
              -103.81787109374991,
              48.01491119999411
            ],
            [
              -103.82529296874985,
              48.009295965619124
            ],
            [
              -103.8342773437501,
              47.9884707703067
            ],
            [
              -103.85539550781255,
              47.98317291874411
            ],
            [
              -103.88029785156239,
              47.986639715619
            ],
            [
              -103.90043945312486,
              47.992206121868996
            ],
            [
              -104.03483886718752,
              48.01329987186915
            ],
            [
              -104.05810546875011,
              48.023211981244174
            ],
            [
              -104.06503906250003,
              48.03810455936927
            ],
            [
              -104.08178710937518,
              48.047430731244184
            ],
            [
              -104.10209960937483,
              48.0523623718691
            ],
            [
              -104.11955566406235,
              48.054266668744106
            ],
            [
              -104.12646484374996,
              48.052508856244096
            ],
            [
              -104.13273925781266,
              48.048602606244074
            ],
            [
              -104.1392089843749,
              48.045672918744025
            ],
            [
              -104.14682617187502,
              48.04682037968163
            ],
            [
              -104.1476318359375,
              48.050409246869165
            ],
            [
              -104.1459960937499,
              48.06366608280661
            ],
            [
              -104.14682617187485,
              48.06732819218163
            ],
            [
              -104.16040039062486,
              48.075067449994094
            ],
            [
              -104.17822265625007,
              48.074774481244106
            ],
            [
              -104.18168945312485,
              48.07037994999423
            ],
            [
              -104.18730468749996,
              48.060809637494216
            ],
            [
              -104.19597167968743,
              48.05114166874407
            ],
            [
              -104.20859374999988,
              48.04682037968163
            ],
            [
              -104.22136230468759,
              48.04860260624413
            ],
            [
              -104.24003906249996,
              48.057562567181655
            ],
            [
              -104.25048828125014,
              48.06110260624398
            ],
            [
              -104.31699218750005,
              48.0737979187442
            ],
            [
              -104.37834472656246,
              48.099676824994155
            ],
            [
              -104.39111328124999,
              48.10199616093177
            ],
            [
              -104.39799804687496,
              48.10639069218155
            ],
            [
              -104.41032714843749,
              48.12567780155647
            ],
            [
              -104.41806640625012,
              48.12995026249419
            ],
            [
              -104.51738281249985,
              48.13617584843162
            ],
            [
              -104.52434082031246,
              48.135443426556535
            ],
            [
              -104.53691406249993,
              48.13104889530669
            ],
            [
              -104.5446777343749,
              48.129950262494106
            ],
            [
              -104.55200195312509,
              48.132098699994195
            ],
            [
              -104.56259765625002,
              48.14147369999412
            ],
            [
              -104.56889648437502,
              48.1436221374941
            ],
            [
              -104.57866210937513,
              48.142279364056456
            ],
            [
              -104.59033203125003,
              48.13869049686903
            ],
            [
              -104.60148925781266,
              48.133124090619184
            ],
            [
              -104.60986328124994,
              48.126288153119205
            ],
            [
              -104.61943359374995,
              48.12164948124424
            ],
            [
              -104.70922851562506,
              48.122503973431684
            ],
            [
              -104.75114746093732,
              48.134393621869165
            ],
            [
              -104.7671875000001,
              48.13617584843165
            ],
            [
              -104.81560058593763,
              48.13617584843156
            ],
            [
              -104.82634277343749,
              48.13934967655655
            ],
            [
              -104.84831542968746,
              48.15350983280663
            ],
            [
              -104.85996093750006,
              48.156683660931506
            ],
            [
              -104.87719726562489,
              48.154120184368985
            ],
            [
              -104.88388671875009,
              48.14772369999419
            ],
            [
              -104.88720703124987,
              48.139032293744094
            ],
            [
              -104.89414062500015,
              48.129950262494134
            ],
            [
              -104.90356445312511,
              48.12306549686916
            ],
            [
              -104.9123535156252,
              48.11871979374416
            ],
            [
              -104.9232666015624,
              48.116327215619215
            ],
            [
              -104.9388183593749,
              48.11574127811915
            ],
            [
              -104.9452392578126,
              48.111517645306684
            ],
            [
              -104.95805664062519,
              48.09320709843168
            ],
            [
              -104.96616210937512,
              48.08898346561917
            ],
            [
              -104.97763671875012,
              48.08673737186896
            ],
            [
              -105.00468749999983,
              48.07697174686899
            ],
            [
              -105.01708984374989,
              48.07477448124417
            ],
            [
              -105.02915039062498,
              48.0766787781192
            ],
            [
              -105.0406982421874,
              48.079901434369155
            ],
            [
              -105.0524902343748,
              48.080585028119216
            ],
            [
              -105.06547851562502,
              48.074774481244226
            ],
            [
              -105.07463378906255,
              48.08068268436914
            ],
            [
              -105.09458007812489,
              48.08710358280655
            ],
            [
              -105.10302734374991,
              48.09210846561906
            ],
            [
              -105.10888671875014,
              48.09308502811912
            ],
            [
              -105.13876953124995,
              48.10443756718153
            ],
            [
              -105.14116210937516,
              48.108221746869134
            ],
            [
              -105.15292968749985,
              48.104681707806705
            ],
            [
              -105.1570800781248,
              48.10045807499409
            ],
            [
              -105.15910644531232,
              48.094427801556556
            ],
            [
              -105.16479492187516,
              48.085272528119255
            ],
            [
              -105.1758789062501,
              48.076678778119174
            ],
            [
              -105.182861328125,
              48.080145574994035
            ],
            [
              -105.18857421874989,
              48.088641668744145
            ],
            [
              -105.19580078125004,
              48.09523346561901
            ],
            [
              -105.21184082031252,
              48.09948151249403
            ],
            [
              -105.23022460937504,
              48.101996160931705
            ],
            [
              -105.39501953125009,
              48.10199616093148
            ],
            [
              -105.44792480468735,
              48.10809967655652
            ],
            [
              -105.47802734374989,
              48.10582916874419
            ],
            [
              -105.49125976562496,
              48.09210846561915
            ],
            [
              -105.50541992187514,
              48.08864166874411
            ],
            [
              -105.59301757812516,
              48.088983465619236
            ],
            [
              -105.60766601562491,
              48.086249090619134
            ],
            [
              -105.61362304687502,
              48.08434479374407
            ],
            [
              -105.6145996093751,
              48.0785586609316
            ],
            [
              -105.61411132812496,
              48.06422760624409
            ],
            [
              -105.6203613281248,
              48.06098053593168
            ],
            [
              -105.65820312500016,
              48.06732819218157
            ],
            [
              -105.6711914062499,
              48.064813543744066
            ],
            [
              -105.67929687500002,
              48.05902741093168
            ],
            [
              -105.68632812500019,
              48.05231354374417
            ],
            [
              -105.69609374999999,
              48.046820379681485
            ],
            [
              -105.70781250000005,
              48.044794012494066
            ],
            [
              -105.72778320312509,
              48.04706452030651
            ],
            [
              -105.73764648437509,
              48.04682037968163
            ],
            [
              -105.80004882812509,
              48.02350494999408
            ],
            [
              -105.822998046875,
              48.020086981244255
            ],
            [
              -105.86435546874984,
              48.03883698124419
            ],
            [
              -105.88144531250008,
              48.04113190311899
            ],
            [
              -105.87480468750005,
              48.02008698124428
            ],
            [
              -105.91228027343739,
              48.02037994999407
            ],
            [
              -105.94931640624989,
              48.026312567181535
            ],
            [
              -105.95720214843747,
              48.02973053593168
            ],
            [
              -105.97128906249992,
              48.03876373905659
            ],
            [
              -105.98063964843735,
              48.040594793744084
            ],
            [
              -105.9847900390624,
              48.03649323124417
            ],
            [
              -105.98266601562491,
              48.01784088749419
            ],
            [
              -105.98405761718763,
              48.01264069218158
            ],
            [
              -106.00163574218762,
              48.01305573124412
            ],
            [
              -106.02910156250003,
              48.03534577030654
            ],
            [
              -106.04550781249989,
              48.04059479374415
            ],
            [
              -106.05966796875009,
              48.03375885624399
            ],
            [
              -106.07250976562507,
              48.021429754681755
            ],
            [
              -106.0873291015624,
              48.013446356244174
            ],
            [
              -106.10759277343742,
              48.02008698124414
            ],
            [
              -106.10092773437503,
              48.037420965619035
            ],
            [
              -106.12028808593737,
              48.04291412968169
            ],
            [
              -106.17216796875009,
              48.040594793744205
            ],
            [
              -106.19536132812507,
              48.043768621869134
            ],
            [
              -106.24155273437495,
              48.05792877811898
            ],
            [
              -106.3536132812501,
              48.07025787968168
            ],
            [
              -106.389892578125,
              48.06000397343168
            ],
            [
              -106.405810546875,
              48.020770574993946
            ]
          ],
          [
            [
              -100.77714843749992,
              46.71373932499425
            ],
            [
              -100.77348632812483,
              46.73204987186922
            ],
            [
              -100.78671874999996,
              46.7417666687441
            ],
            [
              -100.80883789062499,
              46.74725983280658
            ],
            [
              -100.82707519531233,
              46.75543854374415
            ],
            [
              -100.83500976562496,
              46.77570221561912
            ],
            [
              -100.81315917968743,
              46.811712957806634
            ],
            [
              -100.81682128906247,
              46.83458893436915
            ],
            [
              -100.8941406250001,
              46.88239166874409
            ],
            [
              -100.9040527343751,
              46.899042059369094
            ],
            [
              -100.91064453124997,
              46.92023346561925
            ],
            [
              -100.91308593749999,
              46.94044830936909
            ],
            [
              -100.91635742187486,
              46.950458074994096
            ],
            [
              -100.93041992187497,
              46.967401434368995
            ],
            [
              -100.9329101562499,
              46.97797272343159
            ],
            [
              -100.92875976562513,
              46.98834869999409
            ],
            [
              -100.90625000000004,
              47.012762762494084
            ],
            [
              -100.89628906249987,
              47.03363678593156
            ],
            [
              -100.89311523437495,
              47.04486725468168
            ],
            [
              -100.89194335937499,
              47.05683014530653
            ],
            [
              -100.89624023437497,
              47.06227448124417
            ],
            [
              -100.91503906249999,
              47.072381903119144
            ],
            [
              -100.91923828125005,
              47.077899481244124
            ],
            [
              -100.92431640624999,
              47.09552643436909
            ],
            [
              -100.93686523437505,
              47.115179754681655
            ],
            [
              -100.98251953124978,
              47.16437409061896
            ],
            [
              -100.99162597656243,
              47.178290106243985
            ],
            [
              -100.99389648437509,
              47.19306061405668
            ],
            [
              -100.9881347656249,
              47.210760809369134
            ],
            [
              -100.97758789062483,
              47.22772858280664
            ],
            [
              -100.97519531249995,
              47.235052801556705
            ],
            [
              -100.97446289062512,
              47.24860260624418
            ],
            [
              -100.99870605468739,
              47.273382879681634
            ],
            [
              -101.0095214843751,
              47.27594635624404
            ],
            [
              -101.04277343750006,
              47.29328034061896
            ],
            [
              -101.14892578124993,
              47.30695221561922
            ],
            [
              -101.15854492187503,
              47.30480377811915
            ],
            [
              -101.18071289062503,
              47.29542877811909
            ],
            [
              -101.19018554687509,
              47.29328034061908
            ],
            [
              -101.19418945312485,
              47.28766510624427
            ],
            [
              -101.1923095703125,
              47.26080963749414
            ],
            [
              -101.19360351562484,
              47.251654364056634
            ],
            [
              -101.20305175781236,
              47.2458682312441
            ],
            [
              -101.21420898437488,
              47.24591705936906
            ],
            [
              -101.25566406249992,
              47.259784246869096
            ],
            [
              -101.29135742187489,
              47.2818545593691
            ],
            [
              -101.33862304687491,
              47.29340241093149
            ],
            [
              -101.35156249999993,
              47.310663153119165
            ],
            [
              -101.36491699218756,
              47.355340887494016
            ],
            [
              -101.41789550781253,
              47.43475983280655
            ],
            [
              -101.43022460937487,
              47.477118231244106
            ],
            [
              -101.39965820312503,
              47.506170965619056
            ]
          ],
          [
            [
              -99.36442871093753,
              43.990594793743995
            ],
            [
              -99.4451171875001,
              44.044549871868966
            ],
            [
              -99.47026367187509,
              44.05206940311905
            ],
            [
              -99.49956054687513,
              44.05524323124421
            ],
            [
              -99.53203125000003,
              44.06549713749406
            ],
            [
              -99.55839843749985,
              44.08356354374408
            ],
            [
              -99.56926269531237,
              44.110419012494205
            ],
            [
              -99.56572265624995,
              44.168890692181606
            ],
            [
              -99.57309570312492,
              44.19196198124425
            ],
            [
              -99.59721679687514,
              44.20973541874424
            ],
            [
              -99.62583007812489,
              44.21808502811915
            ],
            [
              -99.66057128906253,
              44.221795965619066
            ],
            [
              -99.69262695312479,
              44.21779205936916
            ],
            [
              -99.713232421875,
              44.20289948124409
            ],
            [
              -99.65722656249989,
              44.16686432499407
            ],
            [
              -99.62358398437502,
              44.15827057499405
            ],
            [
              -99.61606445312503,
              44.1489444031192
            ],
            [
              -99.61206054687514,
              44.136664129681634
            ],
            [
              -99.61083984375001,
              44.124042059369124
            ],
            [
              -99.61484375000003,
              44.11347077030667
            ],
            [
              -99.62485351562498,
              44.10846588749421
            ],
            [
              -99.63818359375003,
              44.10704987186921
            ],
            [
              -99.6518554687499,
              44.10724518436904
            ],
            [
              -99.67612304687484,
              44.11071198124405
            ],
            [
              -99.72583007812493,
              44.124212957806584
            ],
            [
              -99.75146484375009,
              44.12714264530669
            ],
            [
              -99.83715820312514,
              44.1237246765565
            ],
            [
              -99.86406249999986,
              44.12714264530669
            ],
            [
              -99.88354492187503,
              44.136175848431606
            ],
            [
              -99.90898437499989,
              44.15265534061906
            ],
            [
              -99.93100585937502,
              44.17108795780657
            ],
            [
              -99.94042968750004,
              44.1858096374941
            ],
            [
              -99.93457031250006,
              44.20685455936915
            ],
            [
              -99.9095214843751,
              44.234930731243985
            ],
            [
              -99.90507812499985,
              44.25067780155665
            ],
            [
              -99.91650390624993,
              44.26410553593146
            ],
            [
              -99.94084472656242,
              44.27028229374416
            ],
            [
              -99.99072265624986,
              44.27179596561912
            ],
            [
              -100.01059570312512,
              44.27692291874419
            ],
            [
              -100.07700195312495,
              44.31276276249413
            ],
            [
              -100.12614746093737,
              44.32709381718167
            ],
            [
              -100.28247070312493,
              44.340033270306776
            ],
            [
              -100.32836914062497,
              44.35028717655666
            ],
            [
              -100.3584960937499,
              44.372088934369
            ],
            [
              -100.37802734374993,
              44.40529205936909
            ],
            [
              -100.39311523437479,
              44.44494049686895
            ]
          ],
          [
            [
              -98.55209960937475,
              43.05707428593155
            ],
            [
              -98.54606933593736,
              43.04755280155657
            ],
            [
              -98.52385253906237,
              43.0261904968691
            ],
            [
              -98.48210449218742,
              42.99806549686919
            ],
            [
              -98.46191406249996,
              42.97975494999424
            ],
            [
              -98.45427246093747,
              42.97455475468168
            ],
            [
              -98.34921874999998,
              42.923407293744035
            ],
            [
              -98.34331054687492,
              42.92230866093156
            ],
            [
              -98.33134765625002,
              42.921893621869216
            ],
            [
              -98.32585449218739,
              42.9209170593691
            ],
            [
              -98.28410644531264,
              42.89984772343162
            ],
            [
              -98.24296874999999,
              42.87238190311916
            ],
            [
              -98.10478515624999,
              42.8282412781191
            ],
            [
              -98.09440917968755,
              42.82001373905652
            ],
            [
              -98.09013671874986,
              42.808172918744106
            ],
            [
              -98.07854003906253,
              42.80243561405663
            ],
            [
              -98.00700683593757,
              42.784002996869205
            ],
            [
              -97.97998046874999,
              42.78224518436913
            ],
            [
              -97.95297851562506,
              42.78400299686918
            ],
            [
              -97.94199218749992,
              42.788275457806606
            ],
            [
              -97.92131347656237,
              42.801629949994116
            ],
            [
              -97.91484374999983,
              42.80446198124399
            ],
            [
              -97.91105957031237,
              42.80934479374412
            ],
            [
              -97.89836425781262,
              42.83580963749414
            ],
            [
              -97.89506835937489,
              42.84913971561904
            ],
            [
              -97.88671874999996,
              42.85761139530668
            ],
            [
              -97.87541503906239,
              42.86298248905655
            ],
            [
              -97.86362304687485,
              42.86713287968174
            ],
            [
              -97.83886718750009,
              42.871405340619056
            ],
            [
              -97.7705078125,
              42.85968659061909
            ],
            [
              -97.7295410156249,
              42.86713287968159
            ],
            [
              -97.71679687499994,
              42.86525299686926
            ],
            [
              -97.6965820312501,
              42.856146551556655
            ],
            [
              -97.68481445312503,
              42.85285065311905
            ],
            [
              -97.66130371093762,
              42.85402252811897
            ],
            [
              -97.62211914062502,
              42.869452215619035
            ],
            [
              -97.59985351562494,
              42.87335846561899
            ],
            [
              -97.52758789062509,
              42.86022369999407
            ],
            [
              -97.50048828124999,
              42.85968659061903
            ],
            [
              -97.30126953124994,
              42.88703034061904
            ],
            [
              -97.27592773437486,
              42.88422272343169
            ],
            [
              -97.2554687500001,
              42.87633698124421
            ],
            [
              -97.23828124999989,
              42.86432526249419
            ],
            [
              -97.20825195312503,
              42.83532135624405
            ],
            [
              -97.17172851562492,
              42.809833074994
            ],
            [
              -97.15043945312505,
              42.79828522343169
            ],
            [
              -97.12736816406256,
              42.78949616093169
            ],
            [
              -97.10368652343759,
              42.78534577030653
            ],
            [
              -97.05144042968736,
              42.78400299686909
            ],
            [
              -97.04160156249986,
              42.781927801556506
            ],
            [
              -97.01958007812506,
              42.77296784061899
            ],
            [
              -96.99248046874999,
              42.768817449994174
            ],
            [
              -96.98291015624994,
              42.763544012494044
            ],
            [
              -96.97583007812507,
              42.75665924686919
            ],
            [
              -96.96542968749996,
              42.74982330936909
            ],
            [
              -96.94719238281246,
              42.74506256718166
            ],
            [
              -96.85703125000008,
              42.740008856244245
            ],
            [
              -96.8394042968749,
              42.73212311405664
            ],
            [
              -96.82578124999988,
              42.72113678593161
            ],
            [
              -96.81469726562499,
              42.70885651249411
            ],
            [
              -96.80810546875009,
              42.69916412968162
            ],
            [
              -96.80473632812506,
              42.69215729374412
            ],
            [
              -96.79941406249989,
              42.68671295780668
            ],
            [
              -96.78735351562483,
              42.681586004681606
            ],
            [
              -96.77465820312491,
              42.67955963749416
            ],
            [
              -96.73300781250012,
              42.68158600468169
            ],
            [
              -96.72265625,
              42.680536199994094
            ],
            [
              -96.70891113281259,
              42.67743561405662
            ],
            [
              -96.69687499999993,
              42.67206452030669
            ],
            [
              -96.69174804687484,
              42.66449616093159
            ],
            [
              -96.69475097656263,
              42.65529205936919
            ],
            [
              -96.7008544921876,
              42.648211981243975
            ],
            [
              -96.70585937499986,
              42.63991119999406
            ],
            [
              -96.70541992187503,
              42.62697174686906
            ],
            [
              -96.69365234375007,
              42.61505768436899
            ],
            [
              -96.65234374999993,
              42.59149811405656
            ],
            [
              -96.64335937500012,
              42.57545807499406
            ],
            [
              -96.63950195312486,
              42.5560977234318
            ],
            [
              -96.62866210937514,
              42.5424990906192
            ],
            [
              -96.61142578124988,
              42.53419830936917
            ],
            [
              -96.43852539062492,
              42.512762762493985
            ],
            [
              -96.41464843750006,
              42.506537176556705
            ],
            [
              -96.39755859375005,
              42.496600653119216
            ],
            [
              -96.38359374999993,
              42.455267645306606
            ],
            [
              -96.39731445312505,
              42.41120026249403
            ],
            [
              -96.40227050781249,
              42.36891510624409
            ],
            [
              -96.36857910156232,
              42.33832428593149
            ],
            [
              -96.3672851562501,
              42.32221100468148
            ],
            [
              -96.35319824218769,
              42.31329987186906
            ],
            [
              -96.34245605468739,
              42.300116278119006
            ],
            [
              -96.33659667968766,
              42.28327057499399
            ],
            [
              -96.3348144531251,
              42.26007721561915
            ],
            [
              -96.33945312499998,
              42.240790106244134
            ],
            [
              -96.34775390624995,
              42.22406647343154
            ],
            [
              -96.35141601562495,
              42.20563385624418
            ],
            [
              -96.34228515624987,
              42.181268621869116
            ],
            [
              -96.327978515625,
              42.165716864056606
            ],
            [
              -96.29448242187505,
              42.148700262494195
            ],
            [
              -96.27678222656243,
              42.13659088749401
            ],
            [
              -96.26572265625006,
              42.11945221561912
            ],
            [
              -96.26391601562497,
              42.100604559368946
            ],
            [
              -96.26440429687503,
              42.080023504681435
            ],
            [
              -96.26035156249995,
              42.05780670780661
            ],
            [
              -96.23251953124986,
              42.02887604374419
            ],
            [
              -96.19072265624999,
              42.01007721561927
            ],
            [
              -96.15439453124989,
              41.987738348431634
            ],
            [
              -96.14306640624994,
              41.94794342655662
            ],
            [
              -96.1464111328124,
              41.93829987186915
            ],
            [
              -96.15634765624984,
              41.91876862186914
            ],
            [
              -96.15732421874989,
              41.90692780155656
            ],
            [
              -96.15356445312491,
              41.89801666874402
            ],
            [
              -96.13779296874995,
              41.87152741093159
            ],
            [
              -96.13310546874999,
              41.865985418744
            ],
            [
              -96.07414550781239,
              41.81879303593156
            ],
            [
              -96.06430664062515,
              41.79584381718163
            ],
            [
              -96.06811523437497,
              41.776434637494006
            ],
            [
              -96.07675781250005,
              41.75836823124403
            ],
            [
              -96.08164062500003,
              41.73937409061918
            ],
            [
              -96.08032226562511,
              41.725848699994124
            ],
            [
              -96.07910156249994,
              41.72016022343151
            ],
            [
              -96.08171386718743,
              41.71564362186896
            ],
            [
              -96.09213867187503,
              41.70526764530646
            ],
            [
              -96.09863281250013,
              41.69713776249412
            ],
            [
              -96.101318359375,
              41.68952057499421
            ],
            [
              -96.10205078125006,
              41.64699127811919
            ],
            [
              -96.09912109375001,
              41.62457916874407
            ],
            [
              -96.09165039062506,
              41.60656159061902
            ],
            [
              -96.0778808593749,
              41.59906647343149
            ],
            [
              -96.07773437499996,
              41.590350653119145
            ],
            [
              -96.08349609375011,
              41.570624090619305
            ],
            [
              -96.082275390625,
              41.54975006718157
            ],
            [
              -96.06113281250003,
              41.537665106244134
            ],
            [
              -96.04858398437503,
              41.53869049686917
            ],
            [
              -96.02861328124985,
              41.54828522343169
            ],
            [
              -96.02011718749992,
              41.550726629681535
            ],
            [
              -96.00822753906257,
              41.54755280155666
            ],
            [
              -95.9957763671874,
              41.540716864056705
            ],
            [
              -95.98779296875003,
              41.53388092655655
            ],
            [
              -95.9891113281249,
              41.53082916874415
            ],
            [
              -95.99423828125009,
              41.52594635624422
            ],
            [
              -95.9999267578123,
              41.51459381718152
            ],
            [
              -96.00463867187491,
              41.50177643436911
            ],
            [
              -96.00651855468743,
              41.492303778119236
            ],
            [
              -96.00058593750002,
              41.48029205936899
            ],
            [
              -95.98666992187506,
              41.47394440311901
            ],
            [
              -95.94580078125003,
              41.46698639530659
            ],
            [
              -95.93742675781242,
              41.467352606244006
            ],
            [
              -95.93100585937498,
              41.46486237186916
            ],
            [
              -95.92456054687514,
              41.45446198124422
            ],
            [
              -95.93417968749989,
              41.41351959843165
            ],
            [
              -95.93457031250006,
              41.40221588749425
            ],
            [
              -95.95810546875002,
              41.3383975281191
            ],
            [
              -95.94182128906257,
              41.331561590619
            ],
            [
              -95.89665527343732,
              41.31989166874411
            ],
            [
              -95.87924804687489,
              41.317938543744035
            ],
            [
              -95.86987304687491,
              41.30871002811913
            ],
            [
              -95.88457031249992,
              41.28925202030669
            ],
            [
              -95.90610351562496,
              41.2711856140566
            ],
            [
              -95.91708984374988,
              41.2664248718692
            ],
            [
              -95.92490234374993,
              41.22399323124415
            ],
            [
              -95.92392578124995,
              41.20758698124421
            ],
            [
              -95.91025390624992,
              41.19501373905666
            ],
            [
              -95.86547851562506,
              41.18385651249426
            ],
            [
              -95.85288085937496,
              41.175799871869195
            ],
            [
              -95.87614746093746,
              41.16710846561911
            ],
            [
              -95.87094726562485,
              41.15192291874425
            ],
            [
              -95.86882324218749,
              41.11998932499415
            ],
            [
              -95.86254882812501,
              41.10565827030661
            ],
            [
              -95.87626953124996,
              41.07746002811916
            ],
            [
              -95.88237304687483,
              41.070868231244205
            ],
            [
              -95.88237304687513,
              41.06464264530672
            ],
            [
              -95.87773437500002,
              41.06244537968161
            ],
            [
              -95.87578124999985,
              41.059442449994165
            ],
            [
              -95.87402343749996,
              41.05553619999421
            ],
            [
              -95.86997070312509,
              41.05040924686922
            ],
            [
              -95.86455078125012,
              41.04279205936922
            ],
            [
              -95.86801757812489,
              41.03746979374422
            ],
            [
              -95.87407226562497,
              41.03204987186916
            ],
            [
              -95.87614746093746,
              41.02370026249409
            ],
            [
              -95.87109375000011,
              41.012030340619106
            ],
            [
              -95.86271972656236,
              41.004413153119195
            ],
            [
              -95.84514160156255,
              40.99269440311911
            ],
            [
              -95.8383056640626,
              40.98224518436924
            ],
            [
              -95.83793945312499,
              40.972723699994205
            ],
            [
              -95.8420410156251,
              40.95172760624409
            ],
            [
              -95.8401855468749,
              40.93842194218158
            ],
            [
              -95.82773437499985,
              40.91383698124409
            ],
            [
              -95.82487792968749,
              40.88893463749416
            ],
            [
              -95.83037109375006,
              40.869940496869084
            ],
            [
              -95.83813476562506,
              40.851385809369106
            ],
            [
              -95.84204101562501,
              40.82789948124409
            ],
            [
              -95.83984375000013,
              40.815985418744056
            ],
            [
              -95.82993164062499,
              40.80243561405665
            ],
            [
              -95.82773437500009,
              40.794012762494205
            ],
            [
              -95.84824218750009,
              40.76984284061912
            ],
            [
              -95.86254882812496,
              40.758612371869205
            ],
            [
              -95.86694335937491,
              40.75299713749405
            ],
            [
              -95.86997070312492,
              40.74249909061899
            ],
            [
              -95.8694335937499,
              40.72882721561918
            ],
            [
              -95.864306640625,
              40.72081940311904
            ],
            [
              -95.85849609375006,
              40.71417877811904
            ],
            [
              -95.85571289062483,
              40.704657293744155
            ],
            [
              -95.84482421874998,
              40.688104559369215
            ],
            [
              -95.7921630859374,
              40.67096588749425
            ],
            [
              -95.7731201171874,
              40.66058991093151
            ],
            [
              -95.76318359375,
              40.63886139530651
            ],
            [
              -95.76425781250009,
              40.616888739056456
            ],
            [
              -95.77312011718763,
              40.574286199994134
            ],
            [
              -95.76831054687491,
              40.54865143436914
            ],
            [
              -95.75522460937488,
              40.53942291874398
            ],
            [
              -95.73564453125006,
              40.53644440311906
            ],
            [
              -95.71166992187496,
              40.529608465619134
            ],
            [
              -95.69628906249989,
              40.51818268436904
            ],
            [
              -95.69516601562503,
              40.50734284061909
            ],
            [
              -95.69897460937489,
              40.49567291874411
            ],
            [
              -95.69804687499999,
              40.481878973431705
            ],
            [
              -95.68906250000012,
              40.46705963749406
            ],
            [
              -95.67131347656235,
              40.45021393436919
            ],
            [
              -95.66386718750013,
              40.43410065311923
            ],
            [
              -95.66337890625007,
              40.427923895306705
            ],
            [
              -95.6649658203124,
              40.413348699994145
            ],
            [
              -95.66386718749996,
              40.40612213749411
            ],
            [
              -95.65959472656253,
              40.398211981244096
            ],
            [
              -95.64340820312512,
              40.37946198124405
            ],
            [
              -95.6316406250001,
              40.34918854374422
            ],
            [
              -95.62915039062507,
              40.34528229374411
            ],
            [
              -95.6343261718751,
              40.33820221561908
            ],
            [
              -95.6436035156249,
              40.33141510624422
            ],
            [
              -95.65642089843755,
              40.324237371869
            ],
            [
              -95.6500000000001,
              40.31090729374408
            ],
            [
              -95.63371582031237,
              40.30914948124415
            ],
            [
              -95.61337890624986,
              40.31146881718162
            ],
            [
              -95.59497070312504,
              40.310492254681506
            ],
            [
              -95.57731933593752,
              40.30109284061915
            ],
            [
              -95.56713867187511,
              40.28876373905656
            ],
            [
              -95.55876464843757,
              40.27521393436913
            ],
            [
              -95.54655761718743,
              40.26215241093166
            ],
            [
              -95.53173828125004,
              40.25621979374408
            ],
            [
              -95.4954101562499,
              40.25409577030651
            ],
            [
              -95.47832031249995,
              40.249090887494226
            ],
            [
              -95.46752929687513,
              40.2379824890565
            ],
            [
              -95.46875000000016,
              40.225604559369216
            ],
            [
              -95.48510742187506,
              40.20070221561911
            ],
            [
              -95.45732421875009,
              40.1742617859317
            ],
            [
              -95.44335937500004,
              40.15729401249419
            ],
            [
              -95.43730468749993,
              40.14264557499402
            ],
            [
              -95.40690917968735,
              40.11871979374409
            ],
            [
              -95.40385742187514,
              40.11408112186922
            ],
            [
              -95.40764160156243,
              40.10346100468169
            ],
            [
              -95.41748046875006,
              40.08458893436911
            ],
            [
              -95.42211914062504,
              40.062445379681506
            ],
            [
              -95.41967773437506,
              40.04494049686913
            ],
            [
              -95.4083740234374,
              40.0334658874941
            ],
            [
              -95.36174316406246,
              40.026629949994174
            ],
            [
              -95.3442871093751,
              40.019159246869116
            ],
            [
              -95.26054687499983,
              39.959662176556584
            ],
            [
              -95.24755859374989,
              39.9441592468691
            ],
            [
              -95.2362548828124,
              39.94152252811904
            ],
            [
              -95.22368164062499,
              39.94000885624399
            ],
            [
              -95.21484375000009,
              39.936883856244165
            ],
            [
              -95.2081054687499,
              39.92833893436901
            ],
            [
              -95.20434570312509,
              39.91998932499408
            ],
            [
              -95.19975585937512,
              39.91254303593159
            ],
            [
              -95.19091796874997,
              39.90643952030661
            ],
            [
              -95.18222656250003,
              39.90436432499415
            ],
            [
              -95.16137695312511,
              39.90260651249399
            ],
            [
              -95.14995117187513,
              39.898993231244106
            ],
            [
              -95.13901367187492,
              39.892694403119194
            ],
            [
              -95.1124023437499,
              39.86859772343157
            ],
            [
              -95.09130859375001,
              39.86061432499413
            ],
            [
              -95.06791992187486,
              39.8654971374942
            ],
            [
              -95.04697265625012,
              39.876044012494106
            ],
            [
              -95.01689453124989,
              39.896356512494066
            ],
            [
              -95.00195312499989,
              39.902777410931506
            ],
            [
              -94.98466796874989,
              39.9057070984315
            ],
            [
              -94.96127929687496,
              39.906439520306556
            ],
            [
              -94.9482421875,
              39.90131256718177
            ],
            [
              -94.94150390624993,
              39.88934967655669
            ],
            [
              -94.94199218749982,
              39.87560455936921
            ],
            [
              -94.950732421875,
              39.86554596561902
            ],
            [
              -94.93588867187512,
              39.85158112186916
            ],
            [
              -94.89177246093743,
              39.83112213749423
            ],
            [
              -94.88242187499986,
              39.820819403119096
            ],
            [
              -94.88347167968749,
              39.81061432499405
            ],
            [
              -94.88823242187489,
              39.79088776249415
            ],
            [
              -94.88925781250008,
              39.779559637494145
            ],
            [
              -94.88554687500005,
              39.76740143436914
            ],
            [
              -94.8781738281251,
              39.760199285931634
            ],
            [
              -94.87272949218735,
              39.75336334843165
            ],
            [
              -94.87499999999997,
              39.74201080936909
            ],
            [
              -94.89096679687498,
              39.72951080936911
            ],
            [
              -94.91303710937513,
              39.73090241093159
            ],
            [
              -94.96127929687506,
              39.742010809369035
            ],
            [
              -94.96948242187489,
              39.738641668744066
            ],
            [
              -94.97485351562504,
              39.730487371869046
            ],
            [
              -94.97778320312486,
              39.72028229374406
            ],
            [
              -94.98071289062511,
              39.695868231244106
            ],
            [
              -94.98657226562507,
              39.689520574994205
            ],
            [
              -94.99521484375013,
              39.68634674686901
            ],
            [
              -95.00595703124993,
              39.68048737186923
            ],
            [
              -95.03784179687482,
              39.65582916874406
            ],
            [
              -95.05375976562499,
              39.63873932499411
            ],
            [
              -95.06059570312503,
              39.621527410931606
            ],
            [
              -95.05949707031259,
              39.600043035931456
            ],
            [
              -95.0603027343751,
              39.5888858093692
            ],
            [
              -95.06396484374997,
              39.580633856244035
            ],
            [
              -95.07524414062499,
              39.574823309369215
            ],
            [
              -95.10180664062493,
              39.573602606244165
            ],
            [
              -95.10898437500006,
              39.57067291874411
            ],
            [
              -95.11064453125002,
              39.55023834843165
            ],
            [
              -95.09887695312491,
              39.530145574994165
            ],
            [
              -95.0809082031249,
              39.51471588749422
            ],
            [
              -95.06396484375,
              39.50861237186906
            ],
            [
              -95.05778808593766,
              39.501044012494134
            ],
            [
              -95.03557128906236,
              39.46539948124409
            ],
            [
              -95.02580566406263,
              39.453973699994194
            ],
            [
              -95.01787109375009,
              39.45001862186905
            ],
            [
              -94.99943847656263,
              39.44347565311914
            ],
            [
              -94.95756835937513,
              39.41986725468171
            ],
            [
              -94.95378417968742,
              39.41393463749413
            ],
            [
              -94.948583984375,
              39.398065496869116
            ],
            [
              -94.94389648437487,
              39.392523504681556
            ],
            [
              -94.89982910156239,
              39.38507721561908
            ],
            [
              -94.90869140625004,
              39.36696198124419
            ],
            [
              -94.90112304687504,
              39.32709381718147
            ],
            [
              -94.87915039062499,
              39.28717682499405
            ],
            [
              -94.84489746093747,
              39.26898834843175
            ],
            [
              -94.83513183593756,
              39.259393621869144
            ],
            [
              -94.83398437500001,
              39.238299871869195
            ],
            [
              -94.82968749999995,
              39.21723053593159
            ],
            [
              -94.81071777343746,
              39.20758698124406
            ],
            [
              -94.79057617187513,
              39.20270416874405
            ],
            [
              -94.74633789062491,
              39.17980377811915
            ],
            [
              -94.7241699218749,
              39.1727969421816
            ],
            [
              -94.69321289062482,
              39.17370026249402
            ],
            [
              -94.67827148437493,
              39.172430731244106
            ],
            [
              -94.66821289062486,
              39.173163153119276
            ],
            [
              -94.66333007812499,
              39.17279694218169
            ],
            [
              -94.6582519531249,
              39.16974518436905
            ],
            [
              -94.65605468750002,
              39.16095612186902
            ],
            [
              -94.65275878906247,
              39.159125067181634
            ],
            [
              -94.62900390625009,
              39.15758698124416
            ],
            [
              -94.61259765625002,
              39.15270416874405
            ],
            [
              -94.61059570312516,
              39.144232489056506
            ],
            [
              -94.62475585937494,
              39.13239166874412
            ],
            [
              -94.62333984375005,
              39.13080475468163
            ],
            [
              -94.62333984375014,
              39.12787506718166
            ],
            [
              -94.6223632812499,
              39.12438385624414
            ],
            [
              -94.60058593750007,
              39.11786530155658
            ],
            [
              -94.578173828125,
              39.12103912968168
            ],
            [
              -94.55810546875018,
              39.13038971561922
            ],
            [
              -94.54321289062494,
              39.14240143436918
            ],
            [
              -94.52587890624999,
              39.147333074994066
            ],
            [
              -94.50346679687483,
              39.13971588749416
            ],
            [
              -94.48129882812513,
              39.12892487186909
            ],
            [
              -94.46469726562506,
              39.124383856244044
            ],
            [
              -94.44743652343739,
              39.1313662781191
            ],
            [
              -94.41606445312503,
              39.154242254681535
            ],
            [
              -94.36923828124998,
              39.165057684369245
            ],
            [
              -94.35385742187496,
              39.1793887390567
            ],
            [
              -94.3281738281251,
              39.21381256718166
            ],
            [
              -94.29062500000008,
              39.231146551556556
            ],
            [
              -94.25310058593763,
              39.22308991093152
            ],
            [
              -94.18352050781235,
              39.17963287968149
            ],
            [
              -94.12216796875006,
              39.154901434369194
            ],
            [
              -94.10473632812509,
              39.142401434369035
            ],
            [
              -94.08505859375013,
              39.135614324994044
            ],
            [
              -94.01225585937509,
              39.15236237186914
            ],
            [
              -93.9667968749999,
              39.152411199994155
            ],
            [
              -93.94531249999993,
              39.15619537968159
            ],
            [
              -93.9228515624999,
              39.165961004681506
            ],
            [
              -93.90917968750009,
              39.17755768436915
            ],
            [
              -93.89609375000003,
              39.191278387494265
            ],
            [
              -93.88017578124986,
              39.202752996869094
            ],
            [
              -93.85766601562506,
              39.20758698124406
            ],
            [
              -93.76579589843756,
              39.2007510437442
            ],
            [
              -93.7443847656249,
              39.20153229374418
            ],
            [
              -93.71940917968736,
              39.20617096561911
            ],
            [
              -93.69873046875017,
              39.21569244999403
            ],
            [
              -93.69011230468759,
              39.231146551556556
            ],
            [
              -93.67773437500007,
              39.226922918744116
            ],
            [
              -93.60410156250013,
              39.24171784061916
            ],
            [
              -93.598486328125,
              39.23854401249419
            ],
            [
              -93.57988281249996,
              39.224432684369134
            ],
            [
              -93.57031250000007,
              39.2212588562442
            ],
            [
              -93.53056640625006,
              39.218573309369035
            ],
            [
              -93.51879882812504,
              39.221258856244056
            ],
            [
              -93.50219726562503,
              39.23366119999409
            ],
            [
              -93.50253906250006,
              39.24855377811911
            ],
            [
              -93.50512695312484,
              39.26598541874412
            ],
            [
              -93.49487304687499,
              39.28607819218164
            ],
            [
              -93.48271484375002,
              39.28388092655665
            ],
            [
              -93.43156738281242,
              39.26544830936908
            ],
            [
              -93.41635742187512,
              39.255975653119265
            ],
            [
              -93.42937011718743,
              39.24249909061917
            ],
            [
              -93.41691894531255,
              39.23029205936918
            ],
            [
              -93.39287109374987,
              39.22472565311915
            ],
            [
              -93.37138671875019,
              39.23114655155673
            ],
            [
              -93.36289062500012,
              39.23595612186904
            ],
            [
              -93.34477539062499,
              39.23986237186905
            ],
            [
              -93.33691406250007,
              39.24513580936923
            ],
            [
              -93.33164062499992,
              39.256659246869106
            ],
            [
              -93.33586425781262,
              39.265887762494174
            ],
            [
              -93.34311523437492,
              39.274042059369044
            ],
            [
              -93.34746093749992,
              39.28266022343165
            ],
            [
              -93.35019531250012,
              39.29371979374416
            ],
            [
              -93.34648437500003,
              39.29723541874404
            ],
            [
              -93.3338378906249,
              39.30316803593159
            ],
            [
              -93.32048339843755,
              39.306903387494124
            ],
            [
              -93.29985351562507,
              39.30812409061912
            ],
            [
              -93.28911132812485,
              39.31342194218168
            ],
            [
              -93.2784912109374,
              39.32184479374405
            ],
            [
              -93.2740234375001,
              39.324579168744165
            ],
            [
              -93.25498046875006,
              39.32367584843174
            ],
            [
              -93.24326171875012,
              39.325555731243995
            ],
            [
              -93.23520507812503,
              39.33058502811903
            ],
            [
              -93.22941894531239,
              39.3371768249941
            ],
            [
              -93.22460937499983,
              39.34411041874406
            ],
            [
              -93.21752929687504,
              39.362372137494106
            ],
            [
              -93.21428222656237,
              39.382757879681634
            ],
            [
              -93.20830078124989,
              39.39935944218162
            ],
            [
              -93.19321289062498,
              39.406195379681606
            ],
            [
              -93.18803710937512,
              39.40289948124423
            ],
            [
              -93.17783203124995,
              39.38837311405648
            ],
            [
              -93.173095703125,
              39.38507721561905
            ],
            [
              -93.12834472656237,
              39.38507721561905
            ],
            [
              -93.10795898437487,
              39.380194403119006
            ],
            [
              -93.09965820312512,
              39.37653229374413
            ],
            [
              -93.09360351562509,
              39.37145416874407
            ],
            [
              -93.09067382812496,
              39.3635440124942
            ],
            [
              -93.08837890624987,
              39.342962957806606
            ],
            [
              -93.083984375,
              39.33417389530648
            ],
            [
              -93.06267089843757,
              39.32025787968149
            ],
            [
              -93.04008789062482,
              39.31813385624418
            ],
            [
              -93.01628417968739,
              39.319525457806606
            ],
            [
              -92.99121093749997,
              39.31622955936912
            ],
            [
              -92.9774658203124,
              39.30878327030669
            ],
            [
              -92.97250976562508,
              39.299750067181606
            ],
            [
              -92.9700683593749,
              39.28864166874396
            ],
            [
              -92.96386718750003,
              39.2752139343692
            ],
            [
              -92.95288085937489,
              39.267645574994134
            ],
            [
              -92.93798828124987,
              39.26044342655665
            ],
            [
              -92.9293701171875,
              39.25226471561912
            ],
            [
              -92.93725585937509,
              39.24171784061919
            ],
            [
              -92.93725585937511,
              39.23424713749395
            ],
            [
              -92.91716308593756,
              39.23139069218147
            ],
            [
              -92.88940429687489,
              39.23366119999406
            ],
            [
              -92.86469726562508,
              39.23195221561907
            ],
            [
              -92.85400390625016,
              39.21747467655659
            ],
            [
              -92.8621093749999,
              39.203485418744236
            ],
            [
              -92.91552734374989,
              39.16596100468156
            ],
            [
              -92.94267578125002,
              39.12128327030662
            ],
            [
              -92.94438476562513,
              39.11554596561908
            ],
            [
              -92.94340820312496,
              39.10114166874418
            ],
            [
              -92.93808593749985,
              39.09723541874401
            ],
            [
              -92.91459960937496,
              39.091253973431535
            ],
            [
              -92.90927734374999,
              39.087176824993996
            ],
            [
              -92.91191406249993,
              39.078314520306506
            ],
            [
              -92.92480468749989,
              39.063788153119134
            ],
            [
              -92.929736328125,
              39.05670807499412
            ],
            [
              -92.92480468749994,
              39.02973053593152
            ],
            [
              -92.89721679687493,
              39.0018985046816
            ],
            [
              -92.85832519531237,
              38.97919342655655
            ],
            [
              -92.81987304687507,
              38.96735260624402
            ],
            [
              -92.62126464843759,
              38.97418854374423
            ],
            [
              -92.57285156249995,
              38.96735260624419
            ],
            [
              -92.54086914062489,
              38.948431707806655
            ],
            [
              -92.50766601562498,
              38.922967840619066
            ],
            [
              -92.49199218750009,
              38.90436432499408
            ],
            [
              -92.46298828125003,
              38.85065338749422
            ],
            [
              -92.45415039062502,
              38.83942291874419
            ],
            [
              -92.44946289062491,
              38.83490631718147
            ],
            [
              -92.44311523437506,
              38.83019440311921
            ],
            [
              -92.40776367187502,
              38.81818268436905
            ],
            [
              -92.3984375,
              38.813104559368966
            ],
            [
              -92.3918457031249,
              38.796087957806634
            ],
            [
              -92.40561523437502,
              38.75836823124423
            ],
            [
              -92.40214843749993,
              38.740790106244106
            ],
            [
              -92.39355468750004,
              38.73627350468179
            ],
            [
              -92.3720703124999,
              38.719745184369145
            ],
            [
              -92.35600585937507,
              38.70197174686904
            ],
            [
              -92.36401367187483,
              38.69367096561906
            ],
            [
              -92.36625976562493,
              38.690375067181634
            ],
            [
              -92.36240234374996,
              38.68312409061899
            ],
            [
              -92.35434570312489,
              38.6758486999942
            ],
            [
              -92.34379882812482,
              38.67255280155673
            ],
            [
              -92.32805175781245,
              38.67125885624405
            ],
            [
              -92.31616210937489,
              38.66803619999416
            ],
            [
              -92.29289550781243,
              38.65888092655651
            ],
            [
              -92.24707031250003,
              38.648065496869116
            ],
            [
              -92.22563476562496,
              38.63812897343163
            ],
            [
              -92.21660156249999,
              38.62135651249416
            ],
            [
              -92.20854492187499,
              38.61168854374404
            ],
            [
              -92.15512695312495,
              38.57697174686915
            ],
            [
              -92.1085693359376,
              38.5628115906191
            ],
            [
              -92.06723632812495,
              38.56183502811922
            ],
            [
              -92.02866210937505,
              38.57164948124421
            ],
            [
              -91.92993164062494,
              38.61598541874411
            ],
            [
              -91.91342773437496,
              38.63947174686915
            ],
            [
              -91.87377929687486,
              38.665838934369134
            ],
            [
              -91.86027832031262,
              38.67255280155656
            ],
            [
              -91.71220703124999,
              38.70587799686909
            ],
            [
              -91.68901367187512,
              38.707294012494096
            ],
            [
              -91.64226074218737,
              38.70006744999404
            ],
            [
              -91.61899414062498,
              38.69257233280668
            ],
            [
              -91.6033203125,
              38.68280670780662
            ],
            [
              -91.58408203125009,
              38.67565338749413
            ],
            [
              -91.55966796874996,
              38.68141510624411
            ],
            [
              -91.51831054687504,
              38.69989655155655
            ],
            [
              -91.49619140624988,
              38.70465729374418
            ],
            [
              -91.41357421875009,
              38.706122137494006
            ],
            [
              -91.39282226562506,
              38.70099518436916
            ],
            [
              -91.38046874999995,
              38.69989655155672
            ],
            [
              -91.35092773437492,
              38.7073428406192
            ],
            [
              -91.33952636718752,
              38.707294012494216
            ],
            [
              -91.29912109374996,
              38.69020416874412
            ],
            [
              -91.24560546874997,
              38.636786199994106
            ],
            [
              -91.20922851562509,
              38.6179385437441
            ],
            [
              -91.14018554687492,
              38.59962799686913
            ],
            [
              -91.11669921874994,
              38.597430731244216
            ],
            [
              -91.07231445312502,
              38.60216705936921
            ],
            [
              -91.05510253906247,
              38.59894440311906
            ],
            [
              -91.0378906250001,
              38.58380768436922
            ],
            [
              -91.017578125,
              38.55739166874415
            ],
            [
              -91.00229492187485,
              38.54699127811907
            ],
            [
              -90.9801513671875,
              38.54279205936895
            ],
            [
              -90.93164062499986,
              38.54450104374406
            ],
            [
              -90.90976562499984,
              38.54852936405649
            ],
            [
              -90.88769531250003,
              38.556463934369205
            ],
            [
              -90.83017578125005,
              38.58600494999412
            ],
            [
              -90.8082031249999,
              38.5900332703067
            ],
            [
              -90.79350585937507,
              38.59552643436913
            ],
            [
              -90.75668945312513,
              38.63844635624399
            ],
            [
              -90.7253417968749,
              38.664178778119165
            ],
            [
              -90.69218750000009,
              38.6818301453068
            ],
            [
              -90.65380859374991,
              38.68976471561896
            ],
            [
              -90.60710449218753,
              38.68622467655646
            ],
            [
              -90.58471679687487,
              38.68146393436921
            ],
            [
              -90.56718750000005,
              38.68024323124404
            ],
            [
              -90.555908203125,
              38.68805573124402
            ],
            [
              -90.55185546874993,
              38.71039459843149
            ],
            [
              -90.54565429687509,
              38.73102448124405
            ],
            [
              -90.53068847656253,
              38.74645416874425
            ],
            [
              -90.51269531250013,
              38.760199285931705
            ],
            [
              -90.49724121093736,
              38.775580145306634
            ],
            [
              -90.47753906249984,
              38.80731842655666
            ],
            [
              -90.46289062500014,
              38.818426824994106
            ],
            [
              -90.43857421874984,
              38.82277252811919
            ],
            [
              -90.41601562499997,
              38.8237490906191
            ],
            [
              -90.39550781250009,
              38.827264715619094
            ],
            [
              -90.3784667968751,
              38.83392975468162
            ],
            [
              -90.36630859374986,
              38.84450104374402
            ],
            [
              -90.35825195312493,
              38.861639715619106
            ],
            [
              -90.35532226562506,
              38.87592194218148
            ],
            [
              -90.34941406249986,
              38.886175848431506
            ],
            [
              -90.33212890624995,
              38.89166901249405
            ],
            [
              -90.31201171874986,
              38.89020416874414
            ],
            [
              -90.2933837890624,
              38.883319403119174
            ],
            [
              -90.26391601562507,
              38.86432526249423
            ],
            [
              -90.23632812500006,
              38.83978912968166
            ],
            [
              -90.22026367187503,
              38.8286319031192
            ],
            [
              -90.2018310546874,
              38.82277252811919
            ],
            [
              -90.18046875000009,
              38.82423737186913
            ],
            [
              -90.1611328125,
              38.828485418744094
            ],
            [
              -90.14355468750003,
              38.82831452030655
            ],
            [
              -90.13310546874993,
              38.81903717655651
            ]
          ],
          [
            [
              -111.69731445312493,
              46.66156647343155
            ],
            [
              -111.6884033203126,
              46.653876043744134
            ],
            [
              -111.67827148437485,
              46.64069244999408
            ],
            [
              -111.65410156249996,
              46.61354401249425
            ],
            [
              -111.59379882812496,
              46.56183502811926
            ],
            [
              -111.56845703125,
              46.535272528119236
            ],
            [
              -111.54809570312503,
              46.50458405155654
            ],
            [
              -111.5206787109375,
              46.45226471561906
            ],
            [
              -111.5135986328125,
              46.42409088749395
            ],
            [
              -111.5157226562498,
              46.36249420780666
            ]
          ],
          [
            [
              -108.19633789062493,
              47.60158112186916
            ],
            [
              -108.10083007812503,
              47.606756903119106
            ],
            [
              -107.99528808593735,
              47.605487371869145
            ],
            [
              -107.96176757812492,
              47.596747137494184
            ],
            [
              -107.92827148437496,
              47.58063385624417
            ],
            [
              -107.90390624999985,
              47.54559967655662
            ],
            [
              -107.89355468750004,
              47.501239324994025
            ],
            [
              -107.8935546874999,
              47.476996160931606
            ],
            [
              -107.87485351562516,
              47.46398346561895
            ],
            [
              -107.84433593749995,
              47.47438385624421
            ],
            [
              -107.83520507812483,
              47.49872467655649
            ],
            [
              -107.83286132812486,
              47.50849030155658
            ],
            [
              -107.83146972656237,
              47.52477448124422
            ],
            [
              -107.82153320312503,
              47.54479401249417
            ],
            [
              -107.80412597656257,
              47.550848699994134
            ],
            [
              -107.77897949218749,
              47.557562567181506
            ],
            [
              -107.74829101562489,
              47.56701080936905
            ],
            [
              -107.72221679687483,
              47.58204987186906
            ],
            [
              -107.70361328125007,
              47.60175202030661
            ],
            [
              -107.67749023437507,
              47.635321356244056
            ],
            [
              -107.65764160156245,
              47.645819403119226
            ],
            [
              -107.62656249999982,
              47.65636627811913
            ],
            [
              -107.58398437499996,
              47.66369049686908
            ],
            [
              -107.55339355468756,
              47.66261627811902
            ],
            [
              -107.51367187500006,
              47.65033600468163
            ],
            [
              -107.45158691406246,
              47.635321356244226
            ],
            [
              -107.42211914062499,
              47.64098541874408
            ],
            [
              -107.41679687499993,
              47.658880926556606
            ],
            [
              -107.41289062499992,
              47.676776434369096
            ],
            [
              -107.39775390625002,
              47.69835846561919
            ],
            [
              -107.37211914062485,
              47.711542059369094
            ],
            [
              -107.3480712890625,
              47.71076080936902
            ],
            [
              -107.318359375,
              47.70331452030666
            ],
            [
              -107.27768554687503,
              47.68800690311924
            ],
            [
              -107.23422851562486,
              47.67792389530664
            ],
            [
              -107.19694824218753,
              47.67560455936926
            ],
            [
              -107.11833496093757,
              47.681830145306485
            ],
            [
              -107.08129882812513,
              47.679217840619145
            ],
            [
              -107.0396484375001,
              47.67975494999391
            ],
            [
              -106.92993164062513,
              47.68800690311904
            ],
            [
              -106.8794433593749,
              47.71234772343166
            ],
            [
              -106.8677734374998,
              47.74596588749403
            ],
            [
              -106.84477539062506,
              47.75734284061905
            ],
            [
              -106.78300781250017,
              47.75629303593166
            ],
            [
              -106.72758789062503,
              47.76403229374413
            ],
            [
              -106.70012207031243,
              47.78119537968165
            ],
            [
              -106.63183593750007,
              47.812201239056684
            ],
            [
              -106.59140624999986,
              47.826727606244205
            ],
            [
              -106.55729980468767,
              47.84118073124412
            ],
            [
              -106.53117675781243,
              47.86786530155645
            ],
            [
              -106.50969238281255,
              47.90534088749408
            ],
            [
              -106.47893066406269,
              47.93410065311921
            ],
            [
              -106.43730468749992,
              47.96120026249414
            ],
            [
              -106.40898437500005,
              48.00050690311906
            ],
            [
              -106.40561523437502,
              48.02033112186917
            ]
          ],
          [
            [
              -100.77719726562513,
              46.71332428593161
            ],
            [
              -100.77739257812497,
              46.70241119999413
            ],
            [
              -100.76010742187512,
              46.68024323124409
            ],
            [
              -100.72807617187505,
              46.663885809369134
            ],
            [
              -100.69597167968763,
              46.656512762494074
            ],
            [
              -100.65617675781262,
              46.64105866093158
            ],
            [
              -100.62712402343742,
              46.625677801556535
            ],
            [
              -100.59741210937497,
              46.60578034061918
            ],
            [
              -100.57480468749986,
              46.57343170780656
            ],
            [
              -100.57187500000002,
              46.540716864056705
            ],
            [
              -100.57250976562493,
              46.51166412968158
            ],
            [
              -100.5778076171876,
              46.48668854374425
            ],
            [
              -100.58056640624993,
              46.46588776249426
            ],
            [
              -100.58708496093743,
              46.45226471561923
            ],
            [
              -100.58427734375003,
              46.43117096561917
            ],
            [
              -100.56616210937497,
              46.40350983280653
            ],
            [
              -100.55449218749987,
              46.377752996869184
            ],
            [
              -100.55014648437505,
              46.35358307499399
            ],
            [
              -100.54956054687493,
              46.33307526249407
            ],
            [
              -100.55664062499997,
              46.31569244999419
            ],
            [
              -100.56567382812509,
              46.30206940311921
            ],
            [
              -100.57231445312506,
              46.285467840619056
            ],
            [
              -100.57060546875,
              46.266058660931634
            ],
            [
              -100.56535644531246,
              46.23859284061913
            ],
            [
              -100.5730957031251,
              46.21393463749419
            ],
            [
              -100.58911132812497,
              46.201483465619106
            ],
            [
              -100.6078369140624,
              46.18537018436909
            ],
            [
              -100.62944335937513,
              46.16847565311901
            ],
            [
              -100.63518066406253,
              46.15058014530669
            ],
            [
              -100.62309570312486,
              46.12794830936912
            ],
            [
              -100.61284179687495,
              46.10346100468167
            ],
            [
              -100.60612792968759,
              46.07611725468169
            ],
            [
              -100.59301757812513,
              46.05255768436899
            ],
            [
              -100.5658447265624,
              46.027533270306535
            ],
            [
              -100.54331054687503,
              45.99791901249401
            ],
            [
              -100.52482910156252,
              45.9654483093691
            ],
            [
              -100.49985351562513,
              45.93956940311902
            ],
            [
              -100.47209472656252,
              45.91954987186911
            ],
            [
              -100.44150390624999,
              45.902289129681634
            ],
            [
              -100.4112304687499,
              45.88092682499419
            ],
            [
              -100.3931152343749,
              45.85761139530667
            ],
            [
              -100.38266601562503,
              45.82179596561919
            ],
            [
              -100.36582031249998,
              45.786883856244174
            ],
            [
              -100.3470214843749,
              45.76329987186901
            ],
            [
              -100.33105468749994,
              45.73595612186908
            ],
            [
              -100.32097167968749,
              45.7128360046816
            ],
            [
              -100.3285400390624,
              45.69257233280657
            ],
            [
              -100.35571289062503,
              45.68012116093172
            ],
            [
              -100.38566894531252,
              45.66766998905652
            ],
            [
              -100.41142578124983,
              45.6609072937441
            ],
            [
              -100.43156738281247,
              45.639178778119046
            ],
            [
              -100.45048828124999,
              45.609491278119165
            ],
            [
              -100.46757812499987,
              45.59198639530658
            ],
            [
              -100.48266601562489,
              45.57306549686922
            ],
            [
              -100.47631835937493,
              45.548529364056435
            ],
            [
              -100.45500488281236,
              45.52912018436916
            ],
            [
              -100.39169921874984,
              45.50304596561908
            ],
            [
              -100.35710449218733,
              45.485223699994066
            ],
            [
              -100.30761718749994,
              45.42750885624402
            ],
            [
              -100.29501953125002,
              45.40700104374427
            ],
            [
              -100.28959960937485,
              45.38666412968153
            ],
            [
              -100.29997558593755,
              45.36359284061912
            ],
            [
              -100.31567382812507,
              45.34630768436918
            ],
            [
              -100.31738281250001,
              45.33002350468162
            ],
            [
              -100.30639648437493,
              45.303534246869106
            ],
            [
              -100.29252929687506,
              45.27418854374417
            ],
            [
              -100.28012695312485,
              45.255560614056506
            ],
            [
              -100.28256835937496,
              45.23322174686909
            ],
            [
              -100.2910156250002,
              45.210272528119155
            ],
            [
              -100.29379882812508,
              45.183539129681584
            ],
            [
              -100.30307617187488,
              45.157538153119035
            ],
            [
              -100.31616210937513,
              45.127704168744245
            ],
            [
              -100.32871093750006,
              45.09264557499406
            ],
            [
              -100.32358398437485,
              45.066839910931755
            ],
            [
              -100.30371093750013,
              45.04254791874415
            ],
            [
              -100.33969726562484,
              45.035834051556606
            ],
            [
              -100.39885253906245,
              45.03029205936916
            ],
            [
              -100.41796875000009,
              45.00231354374416
            ],
            [
              -100.42724609375006,
              44.975043035931655
            ],
            [
              -100.42539062500016,
              44.95143463749406
            ],
            [
              -100.41171874999993,
              44.89923737186919
            ],
            [
              -100.41342773437486,
              44.88068268436906
            ],
            [
              -100.45078125000012,
              44.83832428593173
            ],
            [
              -100.47250976562515,
              44.82855866093165
            ],
            [
              -100.49487304687499,
              44.82726471561911
            ],
            [
              -100.50981445312512,
              44.81115143436901
            ],
            [
              -100.5349609375001,
              44.77374909061906
            ],
            [
              -100.58427734374992,
              44.77265045780668
            ],
            [
              -100.63793945312493,
              44.813983465618996
            ],
            [
              -100.67114257812513,
              44.83100006718158
            ],
            [
              -100.70581054687483,
              44.83270905155658
            ],
            [
              -100.72827148437511,
              44.81115143436915
            ],
            [
              -100.72250976562493,
              44.78119537968166
            ],
            [
              -100.64755859374993,
              44.72919342655663
            ],
            [
              -100.63640136718762,
              44.709344793744165
            ],
            [
              -100.63640136718762,
              44.68573639530663
            ],
            [
              -100.64291992187484,
              44.651800848431606
            ],
            [
              -100.64389648437512,
              44.615008856244216
            ],
            [
              -100.63217773437484,
              44.59020416874417
            ],
            [
              -100.60661621093753,
              44.57282135624403
            ],
            [
              -100.57109374999989,
              44.56300690311918
            ],
            [
              -100.54575195312512,
              44.55414459843152
            ],
            [
              -100.53759765624987,
              44.54332916874398
            ],
            [
              -100.5507812500001,
              44.523138739056606
            ],
            [
              -100.58146972656242,
              44.504217840619035
            ],
            [
              -100.58427734375014,
              44.48712799686926
            ],
            [
              -100.55771484374989,
              44.47028229374408
            ],
            [
              -100.52470703124996,
              44.46723053593152
            ],
            [
              -100.48510742187507,
              44.4707217468692
            ],
            [
              -100.45395507812485,
              44.47223541874424
            ],
            [
              -100.42075195312499,
              44.466498114056726
            ],
            [
              -100.39311523437479,
              44.44494049686895
            ],
            [
              -100.39287109374985,
              44.44440338749426
            ],
            [
              -100.39267578124989,
              44.44379303593159
            ]
          ],
          [
            [
              -101.40014648437503,
              47.50580475468167
            ],
            [
              -101.39982910156246,
              47.505975653119215
            ],
            [
              -101.39965820312503,
              47.506170965619056
            ],
            [
              -101.38713378906259,
              47.53644440311912
            ],
            [
              -101.40356445312506,
              47.554559637494144
            ],
            [
              -101.41801757812492,
              47.56317780155655
            ],
            [
              -101.43710937500009,
              47.567010809369194
            ],
            [
              -101.46933593749993,
              47.570135809369056
            ],
            [
              -101.50537109375007,
              47.56952545780673
            ],
            [
              -101.53703613281245,
              47.56342194218175
            ],
            [
              -101.6073486328124,
              47.53937409061905
            ],
            [
              -101.63574218749997,
              47.533514715619006
            ],
            [
              -101.66801757812505,
              47.52802155155664
            ],
            [
              -101.70395507812518,
              47.527289129681584
            ],
            [
              -101.73796386718753,
              47.53082916874408
            ],
            [
              -101.77475585937486,
              47.52973053593158
            ],
            [
              -101.81323242187482,
              47.52355377811926
            ],
            [
              -101.84799804687508,
              47.52106354374416
            ],
            [
              -101.88371582031237,
              47.52204010624421
            ],
            [
              -101.9496337890626,
              47.53546784061909
            ],
            [
              -101.98081054687518,
              47.53966705936915
            ],
            [
              -102.0540527343748,
              47.56701080936908
            ],
            [
              -102.08481445312512,
              47.57697174686912
            ],
            [
              -102.11735839843746,
              47.59059479374419
            ],
            [
              -102.15214843750019,
              47.59650299686919
            ],
            [
              -102.19060058593735,
              47.60053131718179
            ],
            [
              -102.22368164062505,
              47.61078522343165
            ],
            [
              -102.25395507812497,
              47.622870184369205
            ],
            [
              -102.26616210937499,
              47.64288971561909
            ],
            [
              -102.24755859374986,
              47.685126043744035
            ],
            [
              -102.24272460937512,
              47.6998233093691
            ],
            [
              -102.25004882812492,
              47.71845123905665
            ],
            [
              -102.267578125,
              47.737079168744046
            ],
            [
              -102.28232421875,
              47.755877996869174
            ],
            [
              -102.29240722656237,
              47.79047272343154
            ],
            [
              -102.31333007812512,
              47.806097723431584
            ],
            [
              -102.34082031249989,
              47.792914129681705
            ],
            [
              -102.36181640625004,
              47.78673737186912
            ],
            [
              -102.40690917968746,
              47.77899811405663
            ],
            [
              -102.44140625,
              47.779242254681684
            ],
            [
              -102.47739257812499,
              47.78795807499412
            ],
            [
              -102.51708984374991,
              47.80036041874407
            ],
            [
              -102.55747070312498,
              47.8062686218691
            ],
            [
              -102.59404296874997,
              47.81032135624426
            ],
            [
              -102.62077636718746,
              47.82228424686917
            ],
            [
              -102.63999023437502,
              47.838885809369266
            ],
            [
              -102.64160156250006,
              47.868182684369074
            ],
            [
              -102.63037109374989,
              47.91351959843181
            ],
            [
              -102.62883300781245,
              47.92951080936904
            ],
            [
              -102.62216796874989,
              47.94874909061923
            ],
            [
              -102.60898437500016,
              47.96422760624411
            ],
            [
              -102.59672851562509,
              47.96954987186922
            ],
            [
              -102.5779296874999,
              47.98407623905668
            ],
            [
              -102.55961914062496,
              48.00709869999413
            ],
            [
              -102.56552734374998,
              48.01886627811909
            ],
            [
              -102.58286132812502,
              48.02721588749422
            ],
            [
              -102.60771484375012,
              48.03375885624416
            ],
            [
              -102.62973632812484,
              48.04430573124412
            ],
            [
              -102.70207519531236,
              48.09581940311919
            ],
            [
              -102.74052734374999,
              48.11603424686929
            ],
            [
              -102.77905273437496,
              48.130633856244145
            ],
            [
              -102.88085937499986,
              48.15045807499425
            ],
            [
              -102.96770019531257,
              48.16041901249412
            ],
            [
              -103.01303710937502,
              48.162543035931606
            ],
            [
              -103.06206054687505,
              48.162909246869106
            ],
            [
              -103.15390625000008,
              48.15790436405662
            ],
            [
              -103.19145507812507,
              48.138373114056556
            ],
            [
              -103.21599121093742,
              48.10578034061911
            ],
            [
              -103.23398437499989,
              48.08649323124419
            ],
            [
              -103.25571289062509,
              48.07099030155662
            ],
            [
              -103.28671874999984,
              48.061395574994165
            ],
            [
              -103.32524414062503,
              48.06110260624409
            ],
            [
              -103.35502929687483,
              48.05919830936908
            ],
            [
              -103.38481445312505,
              48.053656317181755
            ],
            [
              -103.466796875,
              48.023871160931634
            ],
            [
              -103.5083496093749,
              48.03624909061906
            ],
            [
              -103.53129882812482,
              48.07099030155662
            ],
            [
              -103.54306640624995,
              48.095819403119066
            ],
            [
              -103.55112304687492,
              48.12811920780649
            ],
            [
              -103.58471679687486,
              48.1436221374941
            ],
            [
              -103.62565917968746,
              48.13307526249408
            ],
            [
              -103.67778320312512,
              48.108221746869134
            ],
            [
              -103.70883789062502,
              48.088983465619265
            ],
            [
              -103.73984374999996,
              48.06603424686901
            ],
            [
              -103.75957031250016,
              48.04584381718169
            ],
            [
              -103.77124023437513,
              48.02899811405662
            ]
          ],
          [
            [
              -99.36484375000005,
              43.990912176556535
            ],
            [
              -99.36442871093753,
              43.990594793743995
            ],
            [
              -99.35966796875005,
              43.98585846561912
            ],
            [
              -99.35864257812486,
              43.966131903118935
            ],
            [
              -99.36149902343736,
              43.94240143436918
            ],
            [
              -99.36191406249999,
              43.92975494999406
            ],
            [
              -99.36088867187506,
              43.91925690311915
            ],
            [
              -99.34375000000013,
              43.89996979374408
            ],
            [
              -99.32529296874984,
              43.88341705936923
            ],
            [
              -99.32055664062493,
              43.871844793744174
            ],
            [
              -99.31518554687511,
              43.86163971561898
            ],
            [
              -99.3271484375,
              43.84533112186919
            ],
            [
              -99.34848632812486,
              43.82570221561926
            ],
            [
              -99.35864257812494,
              43.812201239056535
            ],
            [
              -99.3691894531249,
              43.80275299686918
            ],
            [
              -99.38842773437486,
              43.79572174686916
            ],
            [
              -99.41386718749992,
              43.78517487186926
            ],
            [
              -99.42319335937498,
              43.77086823124413
            ],
            [
              -99.42148437500015,
              43.75263092655672
            ],
            [
              -99.41489257812493,
              43.739447332806634
            ],
            [
              -99.40642089843747,
              43.72716705936913
            ],
            [
              -99.42644042968742,
              43.71124909061904
            ],
            [
              -99.45317382812485,
              43.70319244999412
            ],
            [
              -99.46123046874987,
              43.69640534061895
            ],
            [
              -99.46801757812487,
              43.68541901249419
            ],
            [
              -99.46123046874987,
              43.67316315311903
            ],
            [
              -99.44011230468732,
              43.66596100468169
            ],
            [
              -99.416552734375,
              43.664911199994066
            ],
            [
              -99.38754882812492,
              43.659540106243995
            ],
            [
              -99.36357421875009,
              43.6417910828065
            ],
            [
              -99.3528320312498,
              43.61896393436912
            ],
            [
              -99.34702148437489,
              43.598700262494084
            ],
            [
              -99.33750000000015,
              43.58092682499421
            ],
            [
              -99.32055664062493,
              43.56561920780668
            ],
            [
              -99.29697265625008,
              43.54657623905652
            ],
            [
              -99.29077148437494,
              43.5276065124942
            ],
            [
              -99.30380859375012,
              43.50995514530645
            ],
            [
              -99.30566406250009,
              43.49115631718159
            ],
            [
              -99.29575195312509,
              43.47252838749415
            ],
            [
              -99.28081054687507,
              43.46137116093155
            ],
            [
              -99.25146484375003,
              43.45355866093166
            ],
            [
              -99.17758789062506,
              43.429877020306634
            ],
            [
              -99.1417724609376,
              43.411688543744155
            ],
            [
              -99.11547851562516,
              43.37714264530652
            ],
            [
              -99.08056640625011,
              43.338885809369074
            ],
            [
              -99.04973144531252,
              43.311151434369066
            ],
            [
              -99.02263183593746,
              43.29083893436916
            ],
            [
              -99.00212402343735,
              43.27697174686905
            ],
            [
              -98.97294921874987,
              43.26442291874413
            ],
            [
              -98.92001953124984,
              43.25446198124423
            ],
            [
              -98.89707031249984,
              43.241644598431535
            ],
            [
              -98.88029785156239,
              43.21637604374416
            ],
            [
              -98.88481445312513,
              43.19135162968144
            ],
            [
              -98.87695312499983,
              43.17499420780669
            ],
            [
              -98.85605468749989,
              43.16669342655662
            ],
            [
              -98.82895507812484,
              43.16339752811905
            ],
            [
              -98.78588867187493,
              43.15595123905677
            ],
            [
              -98.75781250000006,
              43.1435733093692
            ],
            [
              -98.74309082031247,
              43.12306549686908
            ],
            [
              -98.71972656249987,
              43.10382721561918
            ],
            [
              -98.69653320312493,
              43.09020416874409
            ],
            [
              -98.66838378906256,
              43.08234284061923
            ],
            [
              -98.60327148437513,
              43.07294342655668
            ],
            [
              -98.55966796874982,
              43.059881903119035
            ]
          ]
        ]
      }
    },
    {
      "type": "Feature",
      "properties": {
        "id": "ohio-river",
        "label": "Ohio River",
        "name": "Ohio River",
        "sourceName": "Ohio",
        "type": "river",
        "kind": "river",
        "sourceDataset": "Natural Earth 10m Rivers, lake centerlines",
        "sourceFile": "ne_10m_rivers_lake_centerlines.shp",
        "sourceUrl": "https://naciscdn.org/naturalearth/10m/physical/ne_10m_rivers_lake_centerlines.zip",
        "naturalEarthFeatureClass": "River",
        "naturalEarthRiverNumber": 92,
        "naturalEarthRiverNumbers": [
          92
        ],
        "naturalEarthId": 1159128673,
        "naturalEarthIds": [
          1159128673
        ],
        "sourceRecords": [
          {
            "naturalEarthId": 1159128673,
            "naturalEarthRiverNumber": 92,
            "featureClass": "River",
            "sourceName": "Ohio",
            "partStart": 0,
            "partCount": 2,
            "bounds": [
              -89.17880859375,
              36.979559637494184,
              -79.99089355468743,
              40.70558502811919
            ]
          }
        ],
        "playableExposure": {
          "status": "memory-trail",
          "reason": "Verified Natural Earth geometry is accepted for normal Memory Trail use."
        },
        "lineWidthPx": 2,
        "highlightWidthPx": 5,
        "hitWidthPx": 30
      },
      "geometry": {
        "type": "MultiLineString",
        "coordinates": [
          [
            [
              -79.99089355468743,
              40.44769928593156
            ],
            [
              -80.00083007812484,
              40.44281647343146
            ],
            [
              -80.01230468750028,
              40.441278387494194
            ],
            [
              -80.02172851562501,
              40.44379303593149
            ],
            [
              -80.02563476562526,
              40.45079987186905
            ],
            [
              -80.03354492187472,
              40.45917389530659
            ],
            [
              -80.0808593749999,
              40.496161199994134
            ],
            [
              -80.12070312500012,
              40.515204168744006
            ],
            [
              -80.16284179687506,
              40.528583074994
            ],
            [
              -80.20170898437475,
              40.54621002811898
            ],
            [
              -80.23168945312511,
              40.57807037968162
            ],
            [
              -80.23991699218737,
              40.59796784061898
            ],
            [
              -80.2501708984376,
              40.648138739056606
            ],
            [
              -80.25156250000023,
              40.67023346561905
            ],
            [
              -80.26237792968732,
              40.68629791874416
            ],
            [
              -80.28564453125006,
              40.69928619999405
            ],
            [
              -80.30754394531255,
              40.70558502811919
            ],
            [
              -80.31425781250013,
              40.70160553593172
            ],
            [
              -80.34140625000008,
              40.69171784061919
            ],
            [
              -80.38554687499993,
              40.65997955936919
            ],
            [
              -80.42888183593735,
              40.65001862186917
            ],
            [
              -80.45402832031266,
              40.63605377811922
            ],
            [
              -80.46445312500003,
              40.63263580936895
            ],
            [
              -80.4792480468752,
              40.63544342655658
            ],
            [
              -80.50205078124972,
              40.64728424686916
            ],
            [
              -80.51909179687479,
              40.64691803593169
            ],
            [
              -80.53588867187518,
              40.64337799686912
            ],
            [
              -80.58056640625011,
              40.61901276249411
            ],
            [
              -80.5974121093747,
              40.62653229374402
            ],
            [
              -80.62265624999992,
              40.62592194218172
            ],
            [
              -80.64836425781243,
              40.61925690311902
            ],
            [
              -80.66650390625,
              40.608758856244165
            ],
            [
              -80.67700195312523,
              40.588690496869035
            ],
            [
              -80.66960449218749,
              40.57147858280658
            ],
            [
              -80.63640136718766,
              40.53705475468173
            ],
            [
              -80.61418457031269,
              40.50360748905665
            ],
            [
              -80.60527343749999,
              40.4858584656192
            ],
            [
              -80.60161132812502,
              40.47130768436911
            ],
            [
              -80.60673828124985,
              40.44879791874395
            ],
            [
              -80.62719726562486,
              40.409613348431726
            ],
            [
              -80.62895507812513,
              40.38629791874415
            ],
            [
              -80.62622070312528,
              40.386419989056506
            ],
            [
              -80.61972656250022,
              40.38537018436925
            ],
            [
              -80.61279296875003,
              40.38300202030663
            ],
            [
              -80.60844726562497,
              40.379461981244106
            ],
            [
              -80.60766601562493,
              40.37462799686902
            ],
            [
              -80.60898437499974,
              40.36383698124418
            ],
            [
              -80.60844726562497,
              40.358954168744134
            ],
            [
              -80.60197753906232,
              40.336542059369066
            ],
            [
              -80.60063476562482,
              40.32330963749418
            ],
            [
              -80.60502929687499,
              40.317401434369145
            ],
            [
              -80.61469726562473,
              40.28632233280654
            ],
            [
              -80.62028808593739,
              40.28029205936901
            ],
            [
              -80.64746093749972,
              40.26320221561923
            ],
            [
              -80.65683593749998,
              40.25531647343156
            ],
            [
              -80.67797851562514,
              40.21613190311918
            ],
            [
              -80.6871826171876,
              40.19306061405659
            ],
            [
              -80.69443359374999,
              40.15741608280669
            ],
            [
              -80.70305175781228,
              40.13934967655668
            ],
            [
              -80.72453613281235,
              40.104510809369025
            ],
            [
              -80.73544921874998,
              40.07990143436919
            ],
            [
              -80.73918457031246,
              40.06073639530657
            ],
            [
              -80.73820800781223,
              40.019476629681684
            ],
            [
              -80.74145507812506,
              39.99669830936909
            ],
            [
              -80.74902343749996,
              39.98278229374415
            ],
            [
              -80.75805664062531,
              39.970770574994056
            ],
            [
              -80.76547851562512,
              39.953631903119025
            ],
            [
              -80.76396484374985,
              39.9470401062441
            ],
            [
              -80.7600097656251,
              39.93866608280653
            ],
            [
              -80.7587890624999,
              39.92931549686898
            ],
            [
              -80.76547851562512,
              39.91950104374422
            ],
            [
              -80.77812499999966,
              39.91815827030666
            ],
            [
              -80.7915039062501,
              39.923895574994035
            ],
            [
              -80.8020996093749,
              39.92487213749412
            ],
            [
              -80.80644531249999,
              39.90961334843166
            ],
            [
              -80.8037109374998,
              39.89923737186899
            ],
            [
              -80.798193359375,
              39.88771393436903
            ],
            [
              -80.79443359375011,
              39.87682526249415
            ],
            [
              -80.7968750000002,
              39.86859772343169
            ],
            [
              -80.81552734374984,
              39.85077545780668
            ],
            [
              -80.82187499999982,
              39.84230377811904
            ],
            [
              -80.82817382812502,
              39.83075592655653
            ],
            [
              -80.83164062500012,
              39.82042877811922
            ],
            [
              -80.835791015625,
              39.800653387494066
            ],
            [
              -80.84116210937509,
              39.79035065311916
            ],
            [
              -80.86296386718735,
              39.77948639530669
            ],
            [
              -80.87114257812482,
              39.771112371869265
            ],
            [
              -80.86540527343742,
              39.759100653119305
            ],
            [
              -80.84953613281274,
              39.74518463749403
            ],
            [
              -80.83911132812506,
              39.733587957806535
            ],
            [
              -80.83574218749987,
              39.72028229374406
            ],
            [
              -80.84116210937509,
              39.701044012494165
            ],
            [
              -80.85722656249993,
              39.69093659061902
            ],
            [
              -80.86166992187495,
              39.68671295780654
            ],
            [
              -80.86271972656269,
              39.68231842655652
            ],
            [
              -80.86132812500003,
              39.67108795780649
            ],
            [
              -80.86166992187495,
              39.6662783874941
            ],
            [
              -80.87346191406255,
              39.638934637494124
            ],
            [
              -80.87534179687482,
              39.62872955936914
            ],
            [
              -80.94426269531237,
              39.597967840619276
            ],
            [
              -81.05541992187483,
              39.52997467655665
            ],
            [
              -81.08764648437506,
              39.50177643436896
            ],
            [
              -81.11076660156274,
              39.46886627811915
            ],
            [
              -81.12590332031246,
              39.4536319031191
            ],
            [
              -81.16569824218759,
              39.442206121869205
            ],
            [
              -81.18344726562484,
              39.43048737186907
            ],
            [
              -81.21176757812484,
              39.40619537968149
            ],
            [
              -81.22705078125026,
              39.39838287968157
            ],
            [
              -81.24716796875009,
              39.39166901249403
            ],
            [
              -81.26909179687496,
              39.38690827030651
            ],
            [
              -81.28996582031243,
              39.38507721561916
            ],
            [
              -81.3103027343748,
              39.378778387493995
            ],
            [
              -81.34506835937503,
              39.35338776249415
            ],
            [
              -81.36882324218739,
              39.35094635624415
            ],
            [
              -81.38852539062509,
              39.36212799686899
            ],
            [
              -81.40166015625023,
              39.38080475468156
            ],
            [
              -81.41123046875002,
              39.39838287968163
            ],
            [
              -81.42065429687509,
              39.406195379681634
            ],
            [
              -81.46323242187518,
              39.40643952030655
            ],
            [
              -81.47900390624991,
              39.40045807499423
            ],
            [
              -81.55437011718769,
              39.34411041874403
            ],
            [
              -81.56235351562499,
              39.326361395306705
            ],
            [
              -81.56950683593746,
              39.287616278119145
            ],
            [
              -81.5811035156249,
              39.27521393436911
            ],
            [
              -81.58903808593769,
              39.280585028119184
            ],
            [
              -81.59501953124973,
              39.28229401249406
            ],
            [
              -81.60100097656246,
              39.2805850281191
            ],
            [
              -81.60898437500006,
              39.27521393436902
            ],
            [
              -81.61582031250002,
              39.28266022343159
            ],
            [
              -81.63762207031256,
              39.27606842655655
            ],
            [
              -81.6623535156248,
              39.27550690311919
            ],
            [
              -81.68254394531246,
              39.27086823124408
            ],
            [
              -81.69816894531249,
              39.23700592655657
            ],
            [
              -81.74619140624986,
              39.19330475468155
            ],
            [
              -81.75385742187497,
              39.17760651249396
            ],
            [
              -81.7552246093749,
              39.165155340619165
            ],
            [
              -81.7523681640624,
              39.12811920780649
            ],
            [
              -81.75468750000014,
              39.10524323124409
            ],
            [
              -81.76254882812512,
              39.09601471561902
            ],
            [
              -81.81267089843766,
              39.080023504681506
            ],
            [
              -81.81860351562493,
              39.079657293744035
            ],
            [
              -81.81901855468733,
              39.07611725468169
            ],
            [
              -81.81445312500003,
              39.06293366093149
            ],
            [
              -81.81059570312522,
              39.05683014530668
            ],
            [
              -81.80395507812511,
              39.05011627811903
            ],
            [
              -81.79648437499988,
              39.04474518436901
            ],
            [
              -81.79028320312523,
              39.04249909061912
            ],
            [
              -81.77719726562489,
              39.03485748905659
            ],
            [
              -81.77539062499984,
              39.01710846561901
            ],
            [
              -81.7803222656251,
              38.981024481244155
            ],
            [
              -81.77387695312486,
              38.964422918744084
            ],
            [
              -81.76464843750028,
              38.94874909061896
            ],
            [
              -81.76408691406247,
              38.93712799686906
            ],
            [
              -81.78374023437507,
              38.93263580936907
            ],
            [
              -81.7946777343748,
              38.936053778119
            ],
            [
              -81.81225585937523,
              38.95087311405679
            ],
            [
              -81.82438964843774,
              38.954364324994124
            ],
            [
              -81.83488769531235,
              38.949286199994006
            ],
            [
              -81.8409179687498,
              38.93744537968154
            ],
            [
              -81.84863281250006,
              38.913397528119106
            ],
            [
              -81.86064453124992,
              38.89923737186903
            ],
            [
              -81.88012695312506,
              38.88307526249412
            ],
            [
              -81.90178222656225,
              38.87413971561908
            ],
            [
              -81.92058105468726,
              38.881708074994066
            ],
            [
              -81.927734375,
              38.89264557499422
            ],
            [
              -81.925830078125,
              38.89752838749426
            ],
            [
              -81.92050781250003,
              38.903143621869134
            ],
            [
              -81.91748046875009,
              38.91652252811925
            ],
            [
              -81.91528320312499,
              38.91930573124425
            ],
            [
              -81.91032714843735,
              38.921014715619016
            ],
            [
              -81.9054443359375,
              38.923700262494094
            ],
            [
              -81.90317382812488,
              38.92951080936906
            ],
            [
              -81.90429687499984,
              38.93622467655666
            ],
            [
              -81.90659179687486,
              38.94159577030659
            ],
            [
              -81.91000976562515,
              38.94684479374405
            ],
            [
              -81.91489257812496,
              38.962713934369205
            ],
            [
              -81.92412109375019,
              38.97846100468149
            ],
            [
              -81.93754882812509,
              38.99049713749412
            ],
            [
              -81.96904296875009,
              39.000751043744174
            ],
            [
              -81.98442382812482,
              39.0119815124942
            ],
            [
              -82.00310058593749,
              39.02160065311915
            ],
            [
              -82.0267089843748,
              39.02199127811906
            ],
            [
              -82.05844726562509,
              39.00311920780656
            ],
            [
              -82.09228515625023,
              38.96852448124409
            ],
            [
              -82.12084960937489,
              38.92987702030665
            ],
            [
              -82.13657226562515,
              38.89911530155665
            ],
            [
              -82.14340820312509,
              38.85817291874418
            ],
            [
              -82.14836425781242,
              38.8488955749942
            ],
            [
              -82.1613037109377,
              38.83131744999425
            ],
            [
              -82.17290039062514,
              38.808172918744106
            ],
            [
              -82.1918945312497,
              38.797919012494134
            ],
            [
              -82.20883789062515,
              38.78590729374423
            ],
            [
              -82.21171874999972,
              38.76251862186905
            ],
            [
              -82.20444335937496,
              38.745306707806506
            ],
            [
              -82.19536132812512,
              38.73163483280675
            ],
            [
              -82.18759765624975,
              38.715204168744194
            ],
            [
              -82.18437499999993,
              38.689960028119145
            ],
            [
              -82.19077148437506,
              38.6756533874941
            ],
            [
              -82.19255371093742,
              38.66539948124401
            ],
            [
              -82.18327636718739,
              38.64801666874401
            ],
            [
              -82.1791992187497,
              38.63532135624416
            ],
            [
              -82.17685546874989,
              38.621771551556584
            ],
            [
              -82.17753906250002,
              38.61168854374413
            ],
            [
              -82.19287109374993,
              38.59523346561911
            ],
            [
              -82.21525878906236,
              38.59191315311915
            ],
            [
              -82.26323242187524,
              38.5974307312441
            ],
            [
              -82.27719726562523,
              38.58820221561906
            ],
            [
              -82.28833007812514,
              38.56659577030662
            ],
            [
              -82.30961914062469,
              38.47863190311911
            ],
            [
              -82.31706542968755,
              38.4608828796815
            ],
            [
              -82.33183593749997,
              38.443475653119094
            ],
            [
              -82.3496582031251,
              38.43786041874411
            ],
            [
              -82.42460937499999,
              38.43292877811925
            ],
            [
              -82.50913085937492,
              38.40905182499418
            ],
            [
              -82.55278320312485,
              38.40546295780659
            ],
            [
              -82.58911132812496,
              38.41871979374404
            ],
            [
              -82.59960937500004,
              38.431219793744106
            ],
            [
              -82.61601562499987,
              38.46344635624408
            ],
            [
              -82.62631835937512,
              38.477655340619144
            ],
            [
              -82.69829101562517,
              38.5353457703065
            ],
            [
              -82.7367431640626,
              38.55438873905668
            ],
            [
              -82.78325195312486,
              38.56715729374402
            ],
            [
              -82.8267089843749,
              38.58637116093162
            ],
            [
              -82.85595703124999,
              38.624774481244
            ],
            [
              -82.88017578125003,
              38.69098541874407
            ],
            [
              -82.88330078125003,
              38.71039459843146
            ],
            [
              -82.88315429687486,
              38.730292059369106
            ],
            [
              -82.88647460937514,
              38.74474518436909
            ],
            [
              -82.89836425781242,
              38.75153229374408
            ],
            [
              -82.92424316406246,
              38.74830963749416
            ],
            [
              -82.98510742187504,
              38.723993231244116
            ],
            [
              -83.01054687500005,
              38.720965887494
            ],
            [
              -83.03110351562489,
              38.715765692181506
            ],
            [
              -83.04697265625003,
              38.70380280155676
            ],
            [
              -83.06083984375012,
              38.68996002811903
            ],
            [
              -83.07504882812495,
              38.67938873905669
            ],
            [
              -83.1020507812499,
              38.67133209843159
            ],
            [
              -83.10986328124986,
              38.66632721561899
            ],
            [
              -83.11533203124996,
              38.6587588562441
            ],
            [
              -83.12578124999995,
              38.6377627624941
            ],
            [
              -83.13371582031247,
              38.627875067181655
            ],
            [
              -83.1516601562501,
              38.61884186405662
            ],
            [
              -83.17270507812498,
              38.61803619999402
            ],
            [
              -83.21845703124988,
              38.624774481244
            ],
            [
              -83.24194335937487,
              38.62323639530649
            ],
            [
              -83.25693359374978,
              38.61591217655669
            ],
            [
              -83.26914062500012,
              38.60797760624409
            ],
            [
              -83.30517578124993,
              38.60138580936899
            ],
            [
              -83.31284179687489,
              38.60394928593149
            ],
            [
              -83.32519531249994,
              38.614813543744106
            ],
            [
              -83.3491210937501,
              38.645697332806606
            ],
            [
              -83.3562500000001,
              38.65265534061906
            ],
            [
              -83.36882324218736,
              38.65968659061896
            ],
            [
              -83.39738769531257,
              38.669794012494116
            ],
            [
              -83.41147460937515,
              38.672552801556506
            ],
            [
              -83.44687500000005,
              38.67194244999406
            ],
            [
              -83.45615234374999,
              38.675970770306726
            ],
            [
              -83.47265624999994,
              38.68873932499423
            ],
            [
              -83.49155273437492,
              38.69899323124409
            ],
            [
              -83.51237792968755,
              38.705511785931535
            ],
            [
              -83.53435058593743,
              38.707294012494096
            ],
            [
              -83.60498046874999,
              38.68932526249418
            ],
            [
              -83.61630859374988,
              38.68280670780648
            ],
            [
              -83.62094726562503,
              38.66412994999403
            ],
            [
              -83.63330078124997,
              38.647772528119134
            ],
            [
              -83.65080566406264,
              38.635931707806634
            ],
            [
              -83.67094726562492,
              38.63097565311894
            ],
            [
              -83.71440429687495,
              38.63844635624417
            ],
            [
              -83.75400390625015,
              38.65968659061899
            ],
            [
              -83.8217773437501,
              38.71349518436905
            ],
            [
              -83.83708496093737,
              38.72975494999403
            ],
            [
              -83.85043945312506,
              38.747626043744035
            ],
            [
              -83.86596679687503,
              38.76215241093166
            ],
            [
              -83.90854492187513,
              38.771673895306584
            ],
            [
              -83.94907226562485,
              38.78656647343152
            ],
            [
              -83.9725830078124,
              38.78925202030648
            ],
            [
              -84.06201171874997,
              38.77558014530658
            ],
            [
              -84.08408203124992,
              38.77765534061906
            ],
            [
              -84.19565429687508,
              38.81041901249408
            ],
            [
              -84.21770019531253,
              38.82335846561905
            ],
            [
              -84.22709960937497,
              38.84076569218172
            ],
            [
              -84.22812500000008,
              38.86469147343168
            ],
            [
              -84.23168945312486,
              38.88519928593156
            ],
            [
              -84.23796386718759,
              38.903143621869106
            ],
            [
              -84.24755859374999,
              38.91962311405656
            ],
            [
              -84.25798339843762,
              38.92921784061913
            ],
            [
              -84.27158203124989,
              38.93878815311915
            ],
            [
              -84.283447265625,
              38.94989655155668
            ],
            [
              -84.28850097656255,
              38.963934637494205
            ],
            [
              -84.2905273437501,
              38.98139069218159
            ],
            [
              -84.29655761718752,
              38.999872137494066
            ],
            [
              -84.30698242187492,
              39.01679108280673
            ],
            [
              -84.3220214843749,
              39.02948639530658
            ],
            [
              -84.36418457031266,
              39.046820379681535
            ],
            [
              -84.38872070312489,
              39.05390045780655
            ],
            [
              -84.40830078124982,
              39.05670807499409
            ],
            [
              -84.4196044921873,
              39.06488678593166
            ],
            [
              -84.43017578125001,
              39.08307526249402
            ],
            [
              -84.44426269531246,
              39.10167877811914
            ],
            [
              -84.46606445312509,
              39.11139557499409
            ],
            [
              -84.50871582031257,
              39.104681707806606
            ],
            [
              -84.59489746093737,
              39.073993231244
            ],
            [
              -84.63737792968757,
              39.0772158874941
            ],
            [
              -84.6883300781249,
              39.11786530155675
            ],
            [
              -84.70312500000003,
              39.124383856244016
            ],
            [
              -84.70849609375007,
              39.12780182499404
            ],
            [
              -84.7212402343749,
              39.14269440311908
            ],
            [
              -84.7301513671875,
              39.14611237186916
            ],
            [
              -84.74228515624986,
              39.14374420780645
            ],
            [
              -84.75156249999999,
              39.13788483280666
            ],
            [
              -84.76767578124989,
              39.124383856244194
            ],
            [
              -84.84294433593737,
              39.08795807499421
            ],
            [
              -84.87314453124986,
              39.06154205936903
            ],
            [
              -84.87070312500013,
              39.02948639530658
            ],
            [
              -84.8428222656251,
              39.00646393436911
            ],
            [
              -84.82822265625002,
              38.99132721561906
            ],
            [
              -84.82292480468732,
              38.97418854374412
            ],
            [
              -84.83305664062507,
              38.95690338749421
            ],
            [
              -84.86865234375004,
              38.92938873905673
            ],
            [
              -84.87753906250006,
              38.91962311405659
            ],
            [
              -84.86533203124992,
              38.907171942181535
            ],
            [
              -84.84929199218759,
              38.90114166874403
            ],
            [
              -84.80590820312513,
              38.899115301556705
            ],
            [
              -84.78403320312485,
              38.892840887494174
            ],
            [
              -84.78540039062499,
              38.8781192078065
            ],
            [
              -84.79875488281252,
              38.86095612186912
            ],
            [
              -84.81267089843755,
              38.847601629681435
            ],
            [
              -84.81992187499992,
              38.828070379681606
            ],
            [
              -84.80625000000002,
              38.79486725468158
            ],
            [
              -84.81950683593749,
              38.78925202030656
            ],
            [
              -84.90146484375008,
              38.79608795780669
            ],
            [
              -84.93596191406243,
              38.792303778119205
            ],
            [
              -84.99956054687514,
              38.77167389530647
            ],
            [
              -85.14550781249993,
              38.70062897343166
            ],
            [
              -85.18613281249995,
              38.69367096561906
            ]
          ],
          [
            [
              -85.18603515625006,
              38.69367096561923
            ],
            [
              -85.20566406249998,
              38.703192449994184
            ],
            [
              -85.23991699218752,
              38.73419830936925
            ],
            [
              -85.25742187500006,
              38.74079010624399
            ],
            [
              -85.32097167968735,
              38.74323151249422
            ],
            [
              -85.4361328125001,
              38.734637762494195
            ],
            [
              -85.45476074218737,
              38.726336981244046
            ],
            [
              -85.45524902343752,
              38.70739166874407
            ],
            [
              -85.44711914062508,
              38.686590887494226
            ],
            [
              -85.4398681640624,
              38.67255280155665
            ],
            [
              -85.43132324218752,
              38.61102936405673
            ],
            [
              -85.41032714843743,
              38.57196686405672
            ],
            [
              -85.41489257812482,
              38.55333893436902
            ],
            [
              -85.42895507812503,
              38.53851959843149
            ],
            [
              -85.48222656249993,
              38.5075869812442
            ],
            [
              -85.49594726562506,
              38.49506256718169
            ],
            [
              -85.5112792968748,
              38.477655340619144
            ],
            [
              -85.52666015624999,
              38.46857330936915
            ],
            [
              -85.569580078125,
              38.46527741093152
            ],
            [
              -85.59013671874987,
              38.4608828796815
            ],
            [
              -85.61987304687504,
              38.43183014530658
            ],
            [
              -85.64340820312509,
              38.3434512390565
            ],
            [
              -85.66520996093757,
              38.30944244999411
            ],
            [
              -85.7006103515626,
              38.28754303593156
            ],
            [
              -85.72055664062484,
              38.278827215619216
            ],
            [
              -85.7583984375001,
              38.26964752811915
            ],
            [
              -85.7700195312501,
              38.26996491093172
            ],
            [
              -85.77507324218752,
              38.278680731244194
            ],
            [
              -85.78020019531256,
              38.28253815311916
            ],
            [
              -85.79216308593729,
              38.28632233280668
            ],
            [
              -85.8058349609376,
              38.28893463749399
            ],
            [
              -85.81601562499998,
              38.28893463749402
            ],
            [
              -85.82951660156249,
              38.277118231244074
            ],
            [
              -85.85124511718757,
              38.23590729374418
            ],
            [
              -85.86101074218737,
              38.22687409061902
            ],
            [
              -85.87802734375,
              38.219671942181634
            ],
            [
              -85.89140624999996,
              38.201971746869035
            ],
            [
              -85.90073242187512,
              38.17987702030673
            ],
            [
              -85.90544433593752,
              38.15924713749418
            ],
            [
              -85.91472167968737,
              38.06354401249409
            ],
            [
              -85.92480468749991,
              38.03766510624422
            ],
            [
              -85.93107910156243,
              38.028876043744184
            ],
            [
              -85.93889160156245,
              38.020819403119205
            ],
            [
              -85.94848632812503,
              38.01378815311918
            ],
            [
              -85.96005859375008,
              38.00775787968162
            ],
            [
              -86.00878906249997,
              38.0009219421817
            ],
            [
              -86.03208007812506,
              37.993915106244
            ],
            [
              -86.0419921875,
              37.97706940311916
            ],
            [
              -86.05144042968743,
              37.96954987186902
            ],
            [
              -86.072998046875,
              37.98317291874409
            ],
            [
              -86.11083984374993,
              38.01525299686904
            ],
            [
              -86.13334960937506,
              38.01996491093165
            ],
            [
              -86.18383789062514,
              38.02282135624424
            ],
            [
              -86.20366210937507,
              38.032001043744074
            ],
            [
              -86.21972656250004,
              38.04210846561911
            ],
            [
              -86.25952148437487,
              38.058905340619106
            ],
            [
              -86.27539062500009,
              38.069891668744134
            ],
            [
              -86.28452148437508,
              38.08429596561909
            ],
            [
              -86.2861816406251,
              38.09979889530652
            ],
            [
              -86.28276367187503,
              38.14186432499409
            ],
            [
              -86.29184570312499,
              38.15350983280666
            ],
            [
              -86.34360351562509,
              38.18590729374412
            ],
            [
              -86.36181640625,
              38.192816473431705
            ],
            [
              -86.38298339843735,
              38.1945254578067
            ],
            [
              -86.39404296875003,
              38.18776276249426
            ],
            [
              -86.38183593750011,
              38.169134832806535
            ],
            [
              -86.36174316406243,
              38.15954010624405
            ],
            [
              -86.34106445312483,
              38.15436432499419
            ],
            [
              -86.33286132812489,
              38.14704010624406
            ],
            [
              -86.35043945312484,
              38.13129303593169
            ],
            [
              -86.39262695312496,
              38.11701080936906
            ],
            [
              -86.41625976562486,
              38.11517975468168
            ],
            [
              -86.42839355468752,
              38.11823151249418
            ],
            [
              -86.43364257812509,
              38.12787506718162
            ],
            [
              -86.43881835937512,
              38.13165924686925
            ],
            [
              -86.45036621093743,
              38.136590887494194
            ],
            [
              -86.46191406250003,
              38.137225653119074
            ],
            [
              -86.46713867187486,
              38.12787506718159
            ],
            [
              -86.46337890625001,
              38.11720612186913
            ],
            [
              -86.44548339843767,
              38.101385809369134
            ],
            [
              -86.43979492187512,
              38.09035065311909
            ],
            [
              -86.4438476562499,
              38.06891510624419
            ],
            [
              -86.46093750000006,
              38.05646393436908
            ],
            [
              -86.48388671874999,
              38.05072662968156
            ],
            [
              -86.50529785156269,
              38.04938385624401
            ],
            [
              -86.51865234375013,
              38.04035065311918
            ],
            [
              -86.52353515624992,
              38.019110418744205
            ],
            [
              -86.52036132812506,
              37.95338776249417
            ],
            [
              -86.52336425781257,
              37.93817780155669
            ],
            [
              -86.53593750000007,
              37.92858307499398
            ],
            [
              -86.58977050781243,
              37.919256903119106
            ],
            [
              -86.59575195312496,
              37.90436432499411
            ],
            [
              -86.59555664062498,
              37.88463776249427
            ],
            [
              -86.60368652343759,
              37.86437409061904
            ],
            [
              -86.62451171875001,
              37.853631903119066
            ],
            [
              -86.64853515624986,
              37.85402252811923
            ],
            [
              -86.66308593750011,
              37.86371491093158
            ],
            [
              -86.65551757812501,
              37.88117096561918
            ],
            [
              -86.64404296875017,
              37.90131256718156
            ],
            [
              -86.66308593750003,
              37.90546295780667
            ],
            [
              -86.70737304687479,
              37.89855377811921
            ],
            [
              -86.74228515624993,
              37.90375397343153
            ],
            [
              -86.77294921874993,
              37.92365143436926
            ],
            [
              -86.79467773437493,
              37.95062897343158
            ],
            [
              -86.80297851562506,
              37.977069403119046
            ],
            [
              -86.81894531250002,
              37.995135809369145
            ],
            [
              -86.85498046874989,
              37.983905340619145
            ],
            [
              -86.89331054687513,
              37.960711981244145
            ],
            [
              -86.9161865234374,
              37.94293854374413
            ],
            [
              -86.9296875,
              37.937616278119066
            ],
            [
              -86.98789062499985,
              37.93268463749424
            ],
            [
              -87.00566406249999,
              37.92658112186911
            ],
            [
              -87.01958007812497,
              37.91901276249408
            ],
            [
              -87.03149414062499,
              37.90802643436922
            ],
            [
              -87.0431396484375,
              37.89171784061914
            ],
            [
              -87.07055664062489,
              37.828729559369016
            ],
            [
              -87.08684082031243,
              37.80536530155656
            ],
            [
              -87.11826171875002,
              37.788690496869236
            ],
            [
              -87.12919921874995,
              37.794256903119205
            ],
            [
              -87.13774414062492,
              37.800360418744106
            ],
            [
              -87.15300292968737,
              37.81598541874415
            ],
            [
              -87.15820312500006,
              37.826605535931506
            ],
            [
              -87.16044921875,
              37.83795807499418
            ],
            [
              -87.16496582031257,
              37.84704010624402
            ],
            [
              -87.17685546874986,
              37.85077545780664
            ],
            [
              -87.19531249999989,
              37.85182526249409
            ],
            [
              -87.2093994140624,
              37.854852606244066
            ],
            [
              -87.21989746093737,
              37.858954168744205
            ],
            [
              -87.25541992187495,
              37.87804596561906
            ],
            [
              -87.32309570312513,
              37.8993594421816
            ],
            [
              -87.34106445312501,
              37.909125067181485
            ],
            [
              -87.35917968749996,
              37.921576239056506
            ],
            [
              -87.38168945312512,
              37.933124090619216
            ],
            [
              -87.40532226562483,
              37.94196198124422
            ],
            [
              -87.42675781250007,
              37.94635651249423
            ],
            [
              -87.46874999999996,
              37.93776276249409
            ],
            [
              -87.51010742187509,
              37.91974518436905
            ],
            [
              -87.54899902343749,
              37.91327545780659
            ],
            [
              -87.58378906249996,
              37.93952057499405
            ],
            [
              -87.58691406250001,
              37.94940827030649
            ],
            [
              -87.58579101562515,
              37.96613190311923
            ],
            [
              -87.59123535156246,
              37.973651434369174
            ],
            [
              -87.59868164062489,
              37.976385809369006
            ],
            [
              -87.60771484374997,
              37.9751162781191
            ],
            [
              -87.6152832031249,
              37.968768621869216
            ],
            [
              -87.61850585937512,
              37.956317449994046
            ],
            [
              -87.61450195312503,
              37.93390534061898
            ],
            [
              -87.59619140625003,
              37.904852606244056
            ],
            [
              -87.59123535156257,
              37.88422272343155
            ],
            [
              -87.60148925781264,
              37.85687897343174
            ],
            [
              -87.62719726562511,
              37.8344912781192
            ],
            [
              -87.65715332031232,
              37.82514069218156
            ],
            [
              -87.67998046875005,
              37.837103582806535
            ],
            [
              -87.68229980468733,
              37.8522403015567
            ],
            [
              -87.671923828125,
              37.88483307499399
            ],
            [
              -87.67375488281233,
              37.89855377811912
            ],
            [
              -87.68681640624999,
              37.90680573124402
            ],
            [
              -87.70361328125014,
              37.90553619999412
            ],
            [
              -87.71909179687489,
              37.899042059369236
            ],
            [
              -87.72836914062493,
              37.89171784061914
            ],
            [
              -87.73779296875004,
              37.890985418743995
            ],
            [
              -87.77744140624992,
              37.880243231244194
            ],
            [
              -87.79729003906255,
              37.8780459656192
            ],
            [
              -87.81962890624999,
              37.881610418744074
            ],
            [
              -87.83813476562503,
              37.889471746869035
            ],
            [
              -87.85400390625001,
              37.90099518436902
            ],
            [
              -87.86865234375016,
              37.915594793744084
            ],
            [
              -87.88779296874996,
              37.928534246869134
            ],
            [
              -87.90917968750004,
              37.931512762494116
            ],
            [
              -87.92668457031243,
              37.923211981243995
            ],
            [
              -87.93383789062503,
              37.90228912968148
            ],
            [
              -87.92978515625013,
              37.888861395306684
            ],
            [
              -87.89970703125,
              37.82965729374397
            ],
            [
              -87.94589843749992,
              37.78851959843152
            ],
            [
              -87.95092773437487,
              37.781854559368995
            ],
            [
              -87.96940917968735,
              37.78571198124418
            ],
            [
              -88.00517578124997,
              37.803778387494184
            ],
            [
              -88.02255859375006,
              37.80914948124408
            ],
            [
              -88.04541015624991,
              37.80665924686899
            ],
            [
              -88.04980468750007,
              37.79340241093168
            ],
            [
              -88.05004882812507,
              37.77355377811911
            ],
            [
              -88.06047363281235,
              37.75116608280668
            ],
            [
              -88.07592773437511,
              37.73761627811916
            ],
            [
              -88.13242187499999,
              37.699286199994035
            ],
            [
              -88.14396972656247,
              37.68573639530657
            ],
            [
              -88.15678710937506,
              37.66383698124408
            ],
            [
              -88.16342773437492,
              37.63996002811899
            ],
            [
              -88.15666503906239,
              37.620794989056655
            ],
            [
              -88.13989257812494,
              37.59345123905665
            ],
            [
              -88.13476562499996,
              37.587909246869174
            ],
            [
              -88.10515136718746,
              37.56276276249406
            ],
            [
              -88.08310546874989,
              37.51959869999399
            ],
            [
              -88.09111328124995,
              37.4912295593692
            ],
            [
              -88.12321777343742,
              37.47455475468168
            ],
            [
              -88.30722656249992,
              37.44806549686905
            ],
            [
              -88.36577148437502,
              37.42140534061913
            ],
            [
              -88.38261718749993,
              37.41759674686903
            ],
            [
              -88.42758789062498,
              37.41815827030663
            ],
            [
              -88.44843749999993,
              37.41571686405655
            ],
            [
              -88.46508789062504,
              37.40875885624406
            ],
            [
              -88.47827148437496,
              37.39821198124416
            ],
            [
              -88.48876953124986,
              37.384588934369134
            ],
            [
              -88.5079833984375,
              37.342596746869184
            ],
            [
              -88.51254882812506,
              37.303241278119245
            ],
            [
              -88.50351562499984,
              37.266913153119106
            ],
            [
              -88.48193359374989,
              37.23383209843158
            ],
            [
              -88.45175781250006,
              37.1986758484317
            ],
            [
              -88.43408203125018,
              37.168475653119174
            ],
            [
              -88.43352050781259,
              37.136419989056606
            ],
            [
              -88.4545898437499,
              37.09596588749405
            ],
            [
              -88.48442382812505,
              37.072333074994106
            ],
            [
              -88.52153320312487,
              37.06745026249423
            ],
            [
              -88.56120605468762,
              37.07684967655665
            ],
            [
              -88.63310546874996,
              37.11481354374405
            ],
            [
              -88.90708007812486,
              37.22016022343164
            ],
            [
              -88.95561523437502,
              37.22772858280662
            ],
            [
              -89.00200195312503,
              37.223211981244106
            ],
            [
              -89.04379882812508,
              37.208514715619216
            ],
            [
              -89.07836914062513,
              37.18537018436915
            ],
            [
              -89.08862304687504,
              37.174627996869205
            ],
            [
              -89.12280273437494,
              37.12409088749408
            ],
            [
              -89.15690917968757,
              37.09288971561921
            ],
            [
              -89.17880859375,
              37.06220123905669
            ],
            [
              -89.17636718750009,
              37.03583405155659
            ],
            [
              -89.15820312500009,
              37.01149323124422
            ],
            [
              -89.12382812499999,
              36.979559637494184
            ]
          ]
        ]
      }
    },
    {
      "type": "Feature",
      "properties": {
        "id": "rio-grande-river",
        "label": "Rio Grande River",
        "name": "Rio Grande River",
        "sourceName": "Rio Grande",
        "type": "river",
        "kind": "river",
        "sourceDataset": "Natural Earth 10m Rivers, lake centerlines",
        "sourceFile": "ne_10m_rivers_lake_centerlines.shp",
        "sourceUrl": "https://naciscdn.org/naturalearth/10m/physical/ne_10m_rivers_lake_centerlines.zip",
        "naturalEarthFeatureClass": "River",
        "naturalEarthRiverNumber": 110,
        "naturalEarthRiverNumbers": [
          110
        ],
        "naturalEarthId": 1159111317,
        "naturalEarthIds": [
          1159111317,
          1159111297
        ],
        "sourceRecords": [
          {
            "naturalEarthId": 1159111317,
            "naturalEarthRiverNumber": 110,
            "featureClass": "River",
            "sourceName": "Grande",
            "partStart": 0,
            "partCount": 6,
            "bounds": [
              -107.42656249999999,
              25.844183660931577,
              -97.1392578125,
              37.837713934369205
            ]
          },
          {
            "naturalEarthId": 1159111297,
            "naturalEarthRiverNumber": 110,
            "featureClass": "Lake Centerline",
            "sourceName": "Grande",
            "partStart": 6,
            "partCount": 4,
            "bounds": [
              -107.29516601562496,
              26.56593659061928,
              -99.17236328124994,
              33.35573151249404
            ]
          }
        ],
        "playableExposure": {
          "status": "memory-trail",
          "reason": "Verified Natural Earth geometry is accepted for normal Memory Trail use."
        },
        "lineWidthPx": 2,
        "highlightWidthPx": 5,
        "hitWidthPx": 30
      },
      "geometry": {
        "type": "MultiLineString",
        "coordinates": [
          [
            [
              -107.42656249999999,
              37.775946356244205
            ],
            [
              -107.40007324218756,
              37.75768463749421
            ],
            [
              -107.38598632812517,
              37.75263092655668
            ],
            [
              -107.27128906250009,
              37.75397369999409
            ],
            [
              -107.22006835937508,
              37.74860260624422
            ],
            [
              -107.20463867187507,
              37.749823309369006
            ],
            [
              -107.15844726562489,
              37.76019928593163
            ],
            [
              -107.13803710937498,
              37.76117584843159
            ],
            [
              -107.06694335937495,
              37.74396393436914
            ],
            [
              -107.0419921875,
              37.73927643436925
            ],
            [
              -107.01904296875006,
              37.73986237186908
            ],
            [
              -106.99936523437503,
              37.74865143436906
            ],
            [
              -106.98437500000001,
              37.76850006718166
            ],
            [
              -106.9696533203126,
              37.813006903119145
            ],
            [
              -106.96176757812493,
              37.82562897343168
            ],
            [
              -106.94902343750002,
              37.83478424686904
            ],
            [
              -106.93442382812486,
              37.837713934369205
            ],
            [
              -106.88510742187488,
              37.83246491093166
            ],
            [
              -106.87680664062502,
              37.83051178593158
            ],
            [
              -106.82609863281249,
              37.806024481243966
            ],
            [
              -106.79545898437513,
              37.797235418744194
            ],
            [
              -106.77172851562493,
              37.7875430359317
            ],
            [
              -106.76433105468735,
              37.78331940311902
            ],
            [
              -106.75805664062516,
              37.77794830936921
            ],
            [
              -106.75297851562507,
              37.770624090619116
            ],
            [
              -106.74594726562496,
              37.75158112186902
            ],
            [
              -106.74199218749999,
              37.74567291874405
            ],
            [
              -106.7308837890624,
              37.73602936405655
            ],
            [
              -106.62524414062506,
              37.67731354374409
            ],
            [
              -106.61132812500013,
              37.675970770306535
            ],
            [
              -106.59709472656259,
              37.67824127811896
            ],
            [
              -106.49516601562479,
              37.67914459843153
            ],
            [
              -106.42607421874992,
              37.67230866093149
            ],
            [
              -106.40268554687515,
              37.674335028119025
            ],
            [
              -106.35791015625011,
              37.68366119999416
            ],
            [
              -106.333837890625,
              37.68590729374408
            ],
            [
              -106.29052734375001,
              37.67877838749426
            ],
            [
              -106.24829101562491,
              37.660711981244134
            ],
            [
              -106.17619628906257,
              37.61762116093149
            ],
            [
              -106.13437500000006,
              37.598260809369066
            ],
            [
              -105.96562500000012,
              37.56017487186908
            ],
            [
              -105.9380859375,
              37.55829498905668
            ],
            [
              -105.91228027343745,
              37.55280182499419
            ],
            [
              -105.88347167968756,
              37.53375885624422
            ],
            [
              -105.85864257812484,
              37.52418854374411
            ],
            [
              -105.83073730468735,
              37.49249909061907
            ],
            [
              -105.79223632812511,
              37.45778229374406
            ],
            [
              -105.77758789062491,
              37.44142487186919
            ],
            [
              -105.77153320312507,
              37.42213776249413
            ],
            [
              -105.76840820312489,
              37.41620514530666
            ],
            [
              -105.75473632812499,
              37.39879791874405
            ],
            [
              -105.75170898437487,
              37.38800690311918
            ],
            [
              -105.75048828125006,
              37.374774481244195
            ],
            [
              -105.72111816406259,
              37.299920965618966
            ],
            [
              -105.72124023437497,
              37.27838776249407
            ],
            [
              -105.73430175781255,
              37.25792877811902
            ],
            [
              -105.74072265624999,
              37.2509219421815
            ],
            [
              -105.74357910156247,
              37.24420807499422
            ],
            [
              -105.74418945312509,
              37.223822332806485
            ],
            [
              -105.74301757812502,
              37.21925690311901
            ],
            [
              -105.74028320312497,
              37.213568426556634
            ],
            [
              -105.73691406249998,
              37.20880768436914
            ],
            [
              -105.73430175781249,
              37.206732489056535
            ],
            [
              -105.72917480468739,
              37.203729559369265
            ],
            [
              -105.73105468749999,
              37.196893621869194
            ],
            [
              -105.73803710937494,
              37.18561432499418
            ],
            [
              -105.75463867187507,
              37.07977936405668
            ],
            [
              -105.76010742187509,
              37.06945221561913
            ],
            [
              -105.76293945312487,
              37.05829498905665
            ],
            [
              -105.75786132812487,
              37.042254949994145
            ],
            [
              -105.75048828124996,
              37.03454010624414
            ],
            [
              -105.72836914062495,
              37.0175967468692
            ],
            [
              -105.72373046875013,
              37.01124909061902
            ],
            [
              -105.72844238281257,
              36.93976471561906
            ],
            [
              -105.72373046874989,
              36.918768621869035
            ],
            [
              -105.69511718750005,
              36.872186590619116
            ],
            [
              -105.68791503906256,
              36.84791901249403
            ],
            [
              -105.69707031249995,
              36.823187567181705
            ],
            [
              -105.68662109374993,
              36.80617096561906
            ],
            [
              -105.68261718750011,
              36.78620026249404
            ],
            [
              -105.68278808593757,
              36.74401276249408
            ],
            [
              -105.68474121093763,
              36.73822662968167
            ],
            [
              -105.69389648437502,
              36.72724030155661
            ],
            [
              -105.69677734375009,
              36.72096588749409
            ],
            [
              -105.69645996093743,
              36.70990631718155
            ],
            [
              -105.68950195312512,
              36.68915436405654
            ],
            [
              -105.68779296875006,
              36.67833893436906
            ],
            [
              -105.69238281249991,
              36.637274481244184
            ],
            [
              -105.7305664062501,
              36.50787994999413
            ],
            [
              -105.73332519531237,
              36.49108307499411
            ],
            [
              -105.72990722656256,
              36.37804596561912
            ],
            [
              -105.73100585937495,
              36.370721746869194
            ],
            [
              -105.73437499999994,
              36.36090729374429
            ],
            [
              -105.74370117187497,
              36.34215729374407
            ],
            [
              -105.75017089843739,
              36.322943426556606
            ],
            [
              -105.75424804687502,
              36.31427643436901
            ],
            [
              -105.75952148437506,
              36.306268621869194
            ],
            [
              -105.76591796875014,
              36.29860260624401
            ],
            [
              -105.78574218750002,
              36.28143952030649
            ],
            [
              -105.8498535156251,
              36.243524481243995
            ],
            [
              -105.86137695312495,
              36.23717682499415
            ],
            [
              -105.88835449218749,
              36.21788971561897
            ],
            [
              -105.89941406250003,
              36.21203034061911
            ],
            [
              -105.91105957031255,
              36.20990631718145
            ],
            [
              -105.92124023437495,
              36.209491278119074
            ],
            [
              -105.93120117187493,
              36.207953192181684
            ],
            [
              -105.94206542968757,
              36.202411199994216
            ],
            [
              -105.95605468749996,
              36.18866608280679
            ],
            [
              -105.97832031250003,
              36.157977606244046
            ],
            [
              -105.99423828124986,
              36.14489166874414
            ],
            [
              -106.02885742187495,
              36.12428619999413
            ],
            [
              -106.04472656250012,
              36.11183502811911
            ],
            [
              -106.05839843749987,
              36.09650299686905
            ],
            [
              -106.06542968749999,
              36.08063385624421
            ],
            [
              -106.06625976562513,
              36.064715887494145
            ],
            [
              -106.06445312500001,
              36.031561590619056
            ],
            [
              -106.06748046875006,
              36.01710846561919
            ],
            [
              -106.07316894531245,
              36.00597565311905
            ],
            [
              -106.088720703125,
              35.9835147156192
            ],
            [
              -106.09252929687509,
              35.975897528119035
            ],
            [
              -106.1057128906249,
              35.92296784061905
            ],
            [
              -106.10922851562484,
              35.913763739056556
            ],
            [
              -106.11528320312489,
              35.90265534061911
            ],
            [
              -106.17587890625006,
              35.82081940311909
            ],
            [
              -106.26628417968739,
              35.73854401249419
            ],
            [
              -106.27636718749987,
              35.73302643436898
            ],
            [
              -106.30820312499993,
              35.72028229374412
            ],
            [
              -106.31853027343756,
              35.712958074994106
            ],
            [
              -106.32548828125002,
              35.703680731244106
            ],
            [
              -106.32504882812512,
              35.69337799686909
            ],
            [
              -106.32226562499999,
              35.6898867859317
            ],
            [
              -106.31523437500007,
              35.684442449994144
            ],
            [
              -106.31279296874987,
              35.68043854374406
            ],
            [
              -106.31186523437495,
              35.674383856244006
            ],
            [
              -106.31249999999994,
              35.667987371869096
            ],
            [
              -106.31552734374992,
              35.65558502811915
            ],
            [
              -106.3191894531249,
              35.64679596561908
            ],
            [
              -106.32421874999994,
              35.642401434369006
            ],
            [
              -106.33041992187493,
              35.63873932499416
            ],
            [
              -106.33813476562489,
              35.632269598431705
            ],
            [
              -106.39331054687487,
              35.53583405155665
            ],
            [
              -106.39653320312497,
              35.52404205936923
            ],
            [
              -106.402587890625,
              35.48473541874411
            ],
            [
              -106.40722656250004,
              35.47204010624411
            ],
            [
              -106.41716308593762,
              35.45441315311908
            ],
            [
              -106.42968749999986,
              35.437860418744116
            ],
            [
              -106.44418945312492,
              35.42304108280646
            ],
            [
              -106.51660156249997,
              35.37250397343151
            ],
            [
              -106.53305664062513,
              35.36427643436916
            ],
            [
              -106.54289550781239,
              35.356805731244016
            ],
            [
              -106.55070800781237,
              35.34767487186909
            ],
            [
              -106.56176757812506,
              35.3274111999942
            ],
            [
              -106.57944335937489,
              35.315692449994174
            ],
            [
              -106.58708496093762,
              35.30805084843158
            ],
            [
              -106.59277343750011,
              35.29796784061909
            ],
            [
              -106.59367675781249,
              35.29242584843153
            ],
            [
              -106.5931884765624,
              35.28620026249405
            ],
            [
              -106.59709472656236,
              35.261053778119084
            ],
            [
              -106.5998535156251,
              35.25182526249412
            ],
            [
              -106.60490722656249,
              35.24335358280669
            ],
            [
              -106.61442871093743,
              35.23292877811923
            ],
            [
              -106.6218261718751,
              35.22760651249406
            ],
            [
              -106.63999023437488,
              35.21869537968158
            ],
            [
              -106.64921875000013,
              35.21246979374407
            ],
            [
              -106.65366210937496,
              35.20648834843165
            ],
            [
              -106.66904296874995,
              35.177752996869145
            ],
            [
              -106.69023437500002,
              35.15558502811905
            ],
            [
              -106.69775390624989,
              35.13959381718168
            ],
            [
              -106.69633789062495,
              35.116278387494155
            ],
            [
              -106.68979492187506,
              35.103631903119094
            ],
            [
              -106.68083496093766,
              35.09308502811902
            ],
            [
              -106.6727783203125,
              35.08051178593169
            ],
            [
              -106.66904296875,
              35.061639715619094
            ],
            [
              -106.67016601562509,
              35.04035065311905
            ],
            [
              -106.67392578124985,
              35.01818268436904
            ],
            [
              -106.68059082031249,
              34.9973330749942
            ],
            [
              -106.69018554687494,
              34.97975494999416
            ],
            [
              -106.67766113281243,
              34.94728424686896
            ],
            [
              -106.676513671875,
              34.93873932499416
            ],
            [
              -106.68164062499993,
              34.92653229374413
            ],
            [
              -106.69980468749984,
              34.90416901249411
            ],
            [
              -106.70688476562496,
              34.88805573124412
            ],
            [
              -106.71289062500009,
              34.87860748905675
            ],
            [
              -106.7168945312499,
              34.86818268436903
            ],
            [
              -106.7140380859376,
              34.859320379681684
            ],
            [
              -106.70849609374994,
              34.85016510624406
            ],
            [
              -106.70737304687496,
              34.83954498905656
            ],
            [
              -106.70878906249987,
              34.829535223431705
            ],
            [
              -106.71062011718757,
              34.82208893436903
            ],
            [
              -106.71879882812512,
              34.803729559369174
            ],
            [
              -106.7408935546876,
              34.76564362186916
            ],
            [
              -106.7454101562501,
              34.743231512494035
            ],
            [
              -106.7454101562501,
              34.65692780155648
            ],
            [
              -106.75156250000006,
              34.616522528119035
            ],
            [
              -106.78134765624993,
              34.54218170780662
            ],
            [
              -106.79252929687503,
              34.499286199994074
            ],
            [
              -106.79790039062496,
              34.449286199994134
            ],
            [
              -106.8047851562501,
              34.42230866093156
            ],
            [
              -106.81674804687495,
              34.410589910931535
            ],
            [
              -106.82871093749978,
              34.40309479374413
            ],
            [
              -106.84204101562514,
              34.38495514530658
            ],
            [
              -106.85222167968743,
              34.36249420780655
            ],
            [
              -106.85458984374985,
              34.342303778119145
            ],
            [
              -106.84848632812509,
              34.330755926556606
            ],
            [
              -106.83964843750002,
              34.31989166874402
            ],
            [
              -106.83562011718764,
              34.30731842655665
            ],
            [
              -106.84404296874989,
              34.29108307499416
            ],
            [
              -106.8545898437499,
              34.281927801556506
            ],
            [
              -106.89250488281237,
              34.256610418744174
            ],
            [
              -106.8885986328125,
              34.24342682499419
            ],
            [
              -106.86142578124984,
              34.03717682499406
            ],
            [
              -106.86289062500009,
              34.00123932499406
            ],
            [
              -106.85539550781242,
              33.93385651249415
            ],
            [
              -106.85600585937503,
              33.907733465619046
            ],
            [
              -106.86386718750009,
              33.86627838749406
            ],
            [
              -106.8645019531249,
              33.83331940311912
            ],
            [
              -106.86801757812499,
              33.818377996869
            ],
            [
              -106.87656250000005,
              33.80573151249417
            ],
            [
              -106.89999999999984,
              33.785028387494066
            ],
            [
              -106.90991210937507,
              33.773065496869016
            ],
            [
              -106.91411132812493,
              33.76378815311901
            ],
            [
              -106.91904296874996,
              33.74689362186909
            ],
            [
              -106.92290039062502,
              33.73956940311915
            ],
            [
              -106.95207519531267,
              33.71935455936919
            ],
            [
              -106.95703125000009,
              33.715033270306535
            ],
            [
              -106.98730468749986,
              33.69489166874415
            ],
            [
              -106.99492187499997,
              33.69118073124412
            ],
            [
              -107.001708984375,
              33.68598053593168
            ],
            [
              -107.00366210937516,
              33.67394440311922
            ],
            [
              -107.00366210937499,
              33.66022369999422
            ],
            [
              -107.00480957031245,
              33.65021393436898
            ],
            [
              -107.01799316406264,
              33.63397858280661
            ],
            [
              -107.05297851562503,
              33.60846588749415
            ],
            [
              -107.06005859374996,
              33.59186432499408
            ],
            [
              -107.06669921874992,
              33.58336823124404
            ],
            [
              -107.09794921874987,
              33.55260651249412
            ],
            [
              -107.10791015624994,
              33.54035065311905
            ],
            [
              -107.14091796875007,
              33.463690496868935
            ],
            [
              -107.16723632812496,
              33.362738348431506
            ],
            [
              -107.16992187499994,
              33.356024481244084
            ]
          ],
          [
            [
              -107.27978515625006,
              33.11579010624409
            ],
            [
              -107.26909179687513,
              33.12526276249417
            ],
            [
              -107.23789062500009,
              33.14220612186916
            ],
            [
              -107.22587890625002,
              33.16437409061919
            ],
            [
              -107.21269531250005,
              33.171454168744205
            ],
            [
              -107.1968749999999,
              33.17370026249413
            ],
            [
              -107.18139648437509,
              33.17316315311911
            ]
          ],
          [
            [
              -106.56625976562499,
              31.81952545780654
            ],
            [
              -106.58012695312507,
              31.821600653119063
            ],
            [
              -106.59155273437506,
              31.827093817181577
            ],
            [
              -106.60083007812494,
              31.835882879681556
            ],
            [
              -106.6078369140625,
              31.847479559369024
            ],
            [
              -106.60039062499995,
              31.85492584843162
            ],
            [
              -106.62504882812513,
              31.88544342655668
            ],
            [
              -106.63242187499984,
              31.903021551556606
            ],
            [
              -106.63518066406249,
              31.925970770306744
            ],
            [
              -106.6404785156251,
              31.94721100468154
            ],
            [
              -106.66147460937485,
              31.98327057499402
            ],
            [
              -106.66245117187493,
              32.00573151249425
            ],
            [
              -106.6847412109375,
              32.07204010624406
            ],
            [
              -106.73210449218757,
              32.151971746868966
            ],
            [
              -106.73447265624982,
              32.16278717655656
            ],
            [
              -106.74902343750004,
              32.1745791687441
            ],
            [
              -106.79038085937508,
              32.230414129681535
            ],
            [
              -106.80590820312506,
              32.26203034061898
            ],
            [
              -106.83781738281257,
              32.30187409061908
            ],
            [
              -106.84746093750012,
              32.31976959843158
            ],
            [
              -106.84941406249987,
              32.38275787968149
            ],
            [
              -106.85766601562483,
              32.39894440311919
            ],
            [
              -106.85922851562512,
              32.406317449994134
            ],
            [
              -106.84482421874999,
              32.417987371869145
            ],
            [
              -106.84604492187488,
              32.42584869999419
            ],
            [
              -106.89926757812496,
              32.49347565311901
            ],
            [
              -106.9072265624999,
              32.50031159061902
            ],
            [
              -106.9160644531251,
              32.505389715619074
            ],
            [
              -106.92602539062514,
              32.50783112186919
            ],
            [
              -106.94645996093752,
              32.5099551453065
            ],
            [
              -106.95590820312506,
              32.51320221561912
            ],
            [
              -106.96501464843756,
              32.51964752811908
            ],
            [
              -106.97160644531239,
              32.52716705936906
            ],
            [
              -106.99150390625002,
              32.5589541687442
            ],
            [
              -106.99309082031256,
              32.564398504681634
            ],
            [
              -107.00097656249997,
              32.613299871869216
            ],
            [
              -107.00488281250001,
              32.62233307499414
            ],
            [
              -107.01840820312505,
              32.63654205936906
            ],
            [
              -107.0358886718749,
              32.64552643436919
            ],
            [
              -107.05527343749998,
              32.65106842655652
            ],
            [
              -107.18168945312502,
              32.67023346561926
            ],
            [
              -107.20231933593763,
              32.67614166874423
            ],
            [
              -107.2147705078126,
              32.68158600468161
            ],
            [
              -107.22270507812487,
              32.687079168744155
            ],
            [
              -107.22827148437507,
              32.6943545593692
            ],
            [
              -107.23583984374997,
              32.710028387494006
            ],
            [
              -107.250537109375,
              32.72467682499414
            ],
            [
              -107.25205078124993,
              32.726752020306634
            ],
            [
              -107.25334472656262,
              32.72912018436897
            ],
            [
              -107.25419921875005,
              32.73187897343162
            ],
            [
              -107.25541992187505,
              32.73822662968152
            ],
            [
              -107.25644531249992,
              32.740668035931655
            ],
            [
              -107.26000976562499,
              32.74445221561912
            ],
            [
              -107.26884765624999,
              32.75099518436899
            ],
            [
              -107.27263183593753,
              32.75490143436902
            ],
            [
              -107.299169921875,
              32.80841705936923
            ],
            [
              -107.29965820312486,
              32.812933660931606
            ],
            [
              -107.29858398437506,
              32.82282135624419
            ],
            [
              -107.29868164062498,
              32.82746002811906
            ],
            [
              -107.30510253906247,
              32.85919830936915
            ],
            [
              -107.30400390625009,
              32.87103912968159
            ],
            [
              -107.29345703124996,
              32.910345770306456
            ]
          ],
          [
            [
              -106.5663330078125,
              31.819525457806627
            ],
            [
              -106.55322265624987,
              31.812127996869165
            ],
            [
              -106.4936523437501,
              31.759222723431645
            ],
            [
              -106.47397460937512,
              31.755243231244116
            ],
            [
              -106.42978515625013,
              31.758661199994222
            ],
            [
              -106.3925781249999,
              31.74616119999415
            ],
            [
              -106.3593017578126,
              31.717792059369096
            ],
            [
              -106.33212890624993,
              31.682391668744046
            ],
            [
              -106.31308593750003,
              31.648871160931538
            ],
            [
              -106.28710937499996,
              31.580340887494064
            ],
            [
              -106.27556152343736,
              31.56286041874403
            ],
            [
              -106.23344726562506,
              31.520135809369
            ],
            [
              -106.22373046875008,
              31.504828192181638
            ],
            [
              -106.21958007812489,
              31.494818426556492
            ],
            [
              -106.21826171875009,
              31.48895905155668
            ],
            [
              -106.21623535156255,
              31.48414948124415
            ],
            [
              -106.21005859375006,
              31.477484442181655
            ],
            [
              -106.17534179687499,
              31.460467840619184
            ],
            [
              -106.16513671874986,
              31.44801666874413
            ],
            [
              -106.14194335937503,
              31.43939850468164
            ],
            [
              -106.10019531249998,
              31.429144598431698
            ],
            [
              -106.066162109375,
              31.41120026249413
            ],
            [
              -106.04711914062503,
              31.404901434369194
            ],
            [
              -106.02202148437497,
              31.402411199994038
            ],
            [
              -106.00561523437497,
              31.397162176556524
            ],
            [
              -105.96208496093746,
              31.371161199994066
            ],
            [
              -105.94938964843737,
              31.361444403119197
            ],
            [
              -105.94262695312484,
              31.352557684369213
            ],
            [
              -105.93540039062505,
              31.335760809369045
            ],
            [
              -105.92888183593737,
              31.326678778118996
            ],
            [
              -105.90966796874994,
              31.317206121869212
            ],
            [
              -105.89799804687507,
              31.30968659061896
            ],
            [
              -105.89787597656263,
              31.306219793744127
            ],
            [
              -105.8809570312499,
              31.301092840619198
            ],
            [
              -105.86284179687493,
              31.288592840619128
            ],
            [
              -105.78569335937497,
              31.211200262494163
            ],
            [
              -105.77866210937489,
              31.19293854374414
            ],
            [
              -105.76904296875014,
              31.180243231244148
            ],
            [
              -105.69311523437506,
              31.137811590619222
            ],
            [
              -105.67607421875009,
              31.13214752811896
            ],
            [
              -105.66879882812493,
              31.128045965619133
            ],
            [
              -105.64462890624988,
              31.103876043744197
            ],
            [
              -105.62436523437493,
              31.090594793743968
            ],
            [
              -105.6067382812499,
              31.082147528119027
            ],
            [
              -105.59179687499999,
              31.071649481244055
            ],
            [
              -105.57944335937493,
              31.052313543744088
            ],
            [
              -105.56650390624986,
              31.016913153119212
            ],
            [
              -105.55681152343757,
              31.002801824994183
            ],
            [
              -105.5316650390624,
              30.991961981244003
            ],
            [
              -105.4975585937499,
              30.956805731244128
            ],
            [
              -105.41635742187486,
              30.902655340619173
            ],
            [
              -105.37700195312492,
              30.859735418744165
            ],
            [
              -105.36459960937485,
              30.850653387494
            ],
            [
              -105.33520507812504,
              30.844012762494142
            ],
            [
              -105.27783203125006,
              30.81959869999418
            ],
            [
              -105.27158203124988,
              30.81452057499424
            ],
            [
              -105.26665039062493,
              30.80866119999408
            ],
            [
              -105.26035156249993,
              30.8030947937442
            ],
            [
              -105.24985351562502,
              30.799090887494177
            ],
            [
              -105.24479980468737,
              30.79933502811912
            ],
            [
              -105.24064941406247,
              30.801776434368996
            ],
            [
              -105.23374023437489,
              30.809393621869052
            ],
            [
              -105.23015136718759,
              30.810419012494094
            ],
            [
              -105.2190917968749,
              30.807001043744016
            ],
            [
              -105.21293945312499,
              30.805975653119088
            ],
            [
              -105.20581054687499,
              30.80260651249406
            ],
            [
              -105.19609375000006,
              30.78815338749408
            ],
            [
              -105.18596191406242,
              30.784857489056677
            ],
            [
              -105.17558593750006,
              30.784198309369014
            ],
            [
              -105.16806640624998,
              30.781366278119116
            ],
            [
              -105.16350097656259,
              30.775165106244184
            ],
            [
              -105.16171874999985,
              30.764349676556527
            ],
            [
              -105.15861816406249,
              30.76588776249418
            ],
            [
              -105.15410156249995,
              30.763373114056616
            ],
            [
              -105.14121093749993,
              30.750677801556538
            ],
            [
              -105.13444824218746,
              30.758124090619017
            ],
            [
              -105.08789062500001,
              30.710028387494173
            ],
            [
              -105.06894531249999,
              30.70289948124412
            ],
            [
              -105.0503417968751,
              30.6994815124941
            ],
            [
              -105.02880859375,
              30.690301824993984
            ],
            [
              -105.0093261718749,
              30.67719147343153
            ],
            [
              -104.9966308593749,
              30.66193268436913
            ],
            [
              -104.99375000000002,
              30.651678778118985
            ],
            [
              -104.99243164062513,
              30.64044830936919
            ],
            [
              -104.9899169921876,
              30.629754949994147
            ],
            [
              -104.98364257812507,
              30.620965887494027
            ],
            [
              -104.97355957031247,
              30.618231512494017
            ],
            [
              -104.94194335937506,
              30.614276434369156
            ],
            [
              -104.93515624999989,
              30.610711981244144
            ],
            [
              -104.92905273437488,
              30.5997256531192
            ],
            [
              -104.89902343749995,
              30.56964752811912
            ],
            [
              -104.88737792968759,
              30.552069403119052
            ],
            [
              -104.88481445312497,
              30.542108465619037
            ],
            [
              -104.8829833984376,
              30.52118561405652
            ],
            [
              -104.8805419921876,
              30.511102606244037
            ],
            [
              -104.8638671874999,
              30.502557684369204
            ],
            [
              -104.86010742187489,
              30.497430731244073
            ],
            [
              -104.86044921875003,
              30.491327215618888
            ],
            [
              -104.86606445312513,
              30.480047918744248
            ],
            [
              -104.86752929687495,
              30.47326080936905
            ],
            [
              -104.8653320312499,
              30.462274481243995
            ],
            [
              -104.85546875000001,
              30.448919989056513
            ],
            [
              -104.85327148437493,
              30.439081121869
            ],
            [
              -104.8544921874999,
              30.42418854374404
            ],
            [
              -104.85588378906243,
              30.417743231244195
            ],
            [
              -104.85410156249999,
              30.412372137494124
            ],
            [
              -104.84580078124995,
              30.401239324994158
            ],
            [
              -104.83837890625006,
              30.394305731244057
            ],
            [
              -104.82504882812489,
              30.38746979374419
            ],
            [
              -104.8191406250001,
              30.380731512494098
            ],
            [
              -104.81689453124989,
              30.372186590619034
            ],
            [
              -104.81577148437509,
              30.36085846561903
            ],
            [
              -104.81376953125014,
              30.35089752811919
            ],
            [
              -104.80859374999999,
              30.34662506718147
            ],
            [
              -104.78959960937497,
              30.336127020306645
            ],
            [
              -104.77495117187505,
              30.311835028118978
            ],
            [
              -104.76249999999999,
              30.28444244999412
            ],
            [
              -104.75024414062486,
              30.26471588749419
            ],
            [
              -104.74301757812495,
              30.26007721561906
            ],
            [
              -104.72543945312488,
              30.25246002811915
            ],
            [
              -104.71606445312493,
              30.24420807499399
            ],
            [
              -104.69663085937489,
              30.208612371869158
            ],
            [
              -104.68242187499995,
              30.193182684369184
            ],
            [
              -104.67949218749983,
              30.170599676556513
            ],
            [
              -104.68132324218762,
              30.13434479374408
            ],
            [
              -104.68554687500006,
              30.11134674686901
            ],
            [
              -104.69938964843752,
              30.075506903119038
            ],
            [
              -104.70244140625,
              30.055536199993966
            ],
            [
              -104.69995117187503,
              30.031683660931627
            ],
            [
              -104.6813232421875,
              29.976678778119062
            ],
            [
              -104.68095703124992,
              29.968036199994167
            ],
            [
              -104.68334960937496,
              29.952337957806524
            ],
            [
              -104.68132324218739,
              29.942572332806552
            ],
            [
              -104.67734374999992,
              29.93707916874415
            ],
            [
              -104.66430664062503,
              29.923285223431545
            ],
            [
              -104.66147460937502,
              29.918646551556527
            ],
            [
              -104.65722656250011,
              29.908465887494096
            ],
            [
              -104.63842773437501,
              29.888128973431698
            ],
            [
              -104.62456054687499,
              29.84174225468159
            ],
            [
              -104.62053222656259,
              29.833319403119027
            ],
            [
              -104.60205078125011,
              29.81500885624405
            ],
            [
              -104.58439941406236,
              29.802801824994198
            ],
            [
              -104.57114257812495,
              29.787665106244035
            ],
            [
              -104.56225585937511,
              29.745672918744035
            ],
            [
              -104.54453124999996,
              29.716620184368995
            ],
            [
              -104.53793945312486,
              29.702337957806563
            ],
            [
              -104.53598632812512,
              29.688055731244187
            ],
            [
              -104.535888671875,
              29.677997137494025
            ],
            [
              -104.53159179687505,
              29.668085028119087
            ],
            [
              -104.51743164062492,
              29.65455963749409
            ],
            [
              -104.47021484374989,
              29.62560455936894
            ],
            [
              -104.4560546875001,
              29.613592840619074
            ],
            [
              -104.45288085937506,
              29.607294012493906
            ],
            [
              -104.44938964843759,
              29.597919012493954
            ],
            [
              -104.44482421875009,
              29.58937409061886
            ],
            [
              -104.43864746093762,
              29.585638739056705
            ],
            [
              -104.43125000000009,
              29.583026434369195
            ],
            [
              -104.34985351562504,
              29.537787176556776
            ],
            [
              -104.3393554687499,
              29.524237371869226
            ],
            [
              -104.32138671874998,
              29.532489324994216
            ],
            [
              -104.2935546875,
              29.53302643436897
            ],
            [
              -104.26799316406237,
              29.526800848431606
            ],
            [
              -104.25180664062506,
              29.50880768436905
            ],
            [
              -104.22795410156246,
              29.49328034061898
            ],
            [
              -104.21953125000005,
              29.490057684369173
            ],
            [
              -104.21313476562507,
              29.48488190311894
            ],
            [
              -104.19536132812499,
              29.449090887493984
            ],
            [
              -104.16245117187512,
              29.417010809369124
            ],
            [
              -104.14062500000006,
              29.400824285931627
            ],
            [
              -104.10625,
              29.38593170780687
            ],
            [
              -104.05815429687493,
              29.33922760624428
            ],
            [
              -104.0200195312499,
              29.320575262494323
            ],
            [
              -103.92895507812489,
              29.29328034061904
            ],
            [
              -103.86499023437503,
              29.28161041874406
            ],
            [
              -103.79497070312503,
              29.27777741093167
            ],
            [
              -103.78452148437499,
              29.27501862186911
            ],
            [
              -103.77507324218737,
              29.267694403119215
            ],
            [
              -103.77026367187506,
              29.257757879681783
            ],
            [
              -103.77856445312494,
              29.235541082806492
            ],
            [
              -103.77158203124985,
              29.230047918744383
            ],
            [
              -103.75986328124988,
              29.22706940311891
            ],
            [
              -103.75029296875009,
              29.223211981244113
            ],
            [
              -103.703369140625,
              29.188055731244177
            ],
            [
              -103.67399902343757,
              29.17377350468169
            ],
            [
              -103.58579101562509,
              29.154901434369172
            ],
            [
              -103.55883789062487,
              29.156439520306535
            ],
            [
              -103.55102539062511,
              29.154901434369172
            ],
            [
              -103.54257812499986,
              29.148993231244
            ],
            [
              -103.53906249999989,
              29.142645574994013
            ],
            [
              -103.53642578124992,
              29.13532135624409
            ],
            [
              -103.53056640624987,
              29.12697174686918
            ],
            [
              -103.47934570312486,
              29.082294012494245
            ],
            [
              -103.43652343750009,
              29.061346746869262
            ],
            [
              -103.4244140625,
              29.058050848431947
            ],
            [
              -103.41545410156257,
              29.052679754681527
            ],
            [
              -103.38745117187493,
              29.028998114056705
            ],
            [
              -103.37290039062506,
              29.023944403119117
            ],
            [
              -103.36137695312493,
              29.030047918744124
            ],
            [
              -103.35253906249984,
              29.039618231244233
            ],
            [
              -103.34343261718753,
              29.041449285931414
            ],
            [
              -103.33134765625005,
              29.023944403119117
            ],
            [
              -103.3256103515624,
              29.02704498905659
            ],
            [
              -103.31083984374997,
              29.03136627811893
            ],
            [
              -103.3170654296876,
              29.01032135624434
            ],
            [
              -103.30241699218736,
              29.002630926556513
            ],
            [
              -103.24260253906257,
              29.00372955936904
            ],
            [
              -103.18798828125006,
              28.990423895306783
            ],
            [
              -103.14885253906236,
              28.985296942181677
            ],
            [
              -103.12358398437505,
              28.99669830936925
            ],
            [
              -103.11003417968745,
              29.023553778119094
            ],
            [
              -103.1055175781251,
              29.058050848431627
            ],
            [
              -103.0961914062499,
              29.060492254681705
            ],
            [
              -103.09233398437496,
              29.058050848431627
            ],
            [
              -103.08642578124987,
              29.075946356243946
            ],
            [
              -103.0815917968751,
              29.085467840619238
            ],
            [
              -103.07341308593755,
              29.091620184369063
            ],
            [
              -103.03344726562501,
              29.11041901249407
            ],
            [
              -103.0250732421875,
              29.116327215619243
            ],
            [
              -103.0166503906251,
              29.12697174686918
            ],
            [
              -102.98918457031245,
              29.17736237186911
            ],
            [
              -102.97055664062499,
              29.19306061405667
            ],
            [
              -102.94833984374993,
              29.18219635624414
            ],
            [
              -102.94311523437489,
              29.190448309369124
            ],
            [
              -102.89775390625002,
              29.22052643436909
            ],
            [
              -102.8707031249999,
              29.224920965619255
            ],
            [
              -102.85961914062503,
              29.229364324993945
            ],
            [
              -102.86874999999989,
              29.240594793744087
            ],
            [
              -102.89291992187502,
              29.25465729374401
            ],
            [
              -102.90056152343752,
              29.2641787781193
            ],
            [
              -102.90024414062506,
              29.2763125671815
            ],
            [
              -102.88627929687493,
              29.31500885624407
            ],
            [
              -102.88603515625003,
              29.333563543744106
            ],
            [
              -102.88388671874988,
              29.343939520306662
            ],
            [
              -102.877783203125,
              29.3510928406191
            ],
            [
              -102.86582031250016,
              29.35973541874411
            ],
            [
              -102.86069335937506,
              29.36134674686933
            ],
            [
              -102.8546630859374,
              29.361151434369177
            ],
            [
              -102.84741210937511,
              29.36200592655673
            ],
            [
              -102.83847656249988,
              29.36652252811893
            ],
            [
              -102.83886718749996,
              29.370721746869282
            ],
            [
              -102.84636230468737,
              29.38495514530664
            ],
            [
              -102.84538574218755,
              29.39074127811917
            ],
            [
              -102.83603515625,
              29.404071356244156
            ],
            [
              -102.83579101562484,
              29.41588776249416
            ],
            [
              -102.83959960937487,
              29.427118231243988
            ],
            [
              -102.84196777343736,
              29.438544012494283
            ],
            [
              -102.83989257812495,
              29.45221588749419
            ],
            [
              -102.834814453125,
              29.46154205936901
            ],
            [
              -102.82812499999987,
              29.470770574994226
            ],
            [
              -102.7963134765625,
              29.544501043744084
            ],
            [
              -102.78735351562504,
              29.55072662968174
            ],
            [
              -102.78159179687509,
              29.558465887494066
            ],
            [
              -102.7867187500001,
              29.57204010624402
            ],
            [
              -102.77727050781256,
              29.57619049686924
            ],
            [
              -102.77490234375009,
              29.579779364056662
            ],
            [
              -102.78051757812489,
              29.59247467655666
            ],
            [
              -102.76840820312484,
              29.597479559369116
            ],
            [
              -102.76220703125011,
              29.603705145306485
            ],
            [
              -102.75253906250012,
              29.620428778119024
            ],
            [
              -102.75244140624997,
              29.62267487186892
            ],
            [
              -102.73632812500016,
              29.649725653119148
            ],
            [
              -102.7321044921875,
              29.650824285931673
            ],
            [
              -102.72753906249991,
              29.664667059369155
            ],
            [
              -102.698583984375,
              29.709784246869013
            ],
            [
              -102.695556640625,
              29.720819403119233
            ],
            [
              -102.69443359374998,
              29.729608465618977
            ],
            [
              -102.69189453124996,
              29.7370059265567
            ],
            [
              -102.68432617187491,
              29.74396393436898
            ],
            [
              -102.67685546875003,
              29.744696356244095
            ],
            [
              -102.63964843749993,
              29.743963934369123
            ],
            [
              -102.6220703125,
              29.7475039734315
            ],
            [
              -102.58618164062501,
              29.764960028119212
            ],
            [
              -102.56762695312494,
              29.77125885624412
            ],
            [
              -102.56372070312496,
              29.76959869999417
            ],
            [
              -102.55913085937502,
              29.759295965619035
            ],
            [
              -102.55395507812499,
              29.756952215618963
            ],
            [
              -102.54741210937505,
              29.758075262494213
            ],
            [
              -102.54418945312486,
              29.760321356244024
            ],
            [
              -102.54233398437493,
              29.762713934369113
            ],
            [
              -102.53198242187499,
              29.770086981244024
            ],
            [
              -102.52392578125011,
              29.782538153118992
            ],
            [
              -102.51611328125009,
              29.784930731244053
            ],
            [
              -102.40690917968746,
              29.777460028119023
            ],
            [
              -102.40495605468746,
              29.781024481244152
            ],
            [
              -102.38090820312497,
              29.811590887494056
            ],
            [
              -102.37744140624986,
              29.82164948124416
            ],
            [
              -102.3754150390624,
              29.848260809369005
            ],
            [
              -102.37158203125001,
              29.85802643436915
            ],
            [
              -102.36406249999985,
              29.864520574994014
            ],
            [
              -102.35190429687489,
              29.866815496869098
            ],
            [
              -102.34057617187497,
              29.8708682312442
            ],
            [
              -102.33110351562499,
              29.889178778119177
            ],
            [
              -102.32182617187505,
              29.894110418744123
            ],
            [
              -102.30297851562506,
              29.88966705936903
            ],
            [
              -102.28984374999999,
              29.87829010624407
            ],
            [
              -102.27702636718752,
              29.86974518436912
            ],
            [
              -102.259130859375,
              29.87365143436905
            ],
            [
              -102.25424804687496,
              29.855536199993967
            ],
            [
              -102.24064941406262,
              29.849310614056716
            ],
            [
              -102.20451660156249,
              29.84630768436907
            ],
            [
              -102.15805664062486,
              29.824774481244223
            ],
            [
              -102.14648437499996,
              29.815936590619145
            ],
            [
              -102.11020507812503,
              29.802313543744084
            ],
            [
              -102.0154296875,
              29.81122467655656
            ],
            [
              -101.98876953124994,
              29.805365301556748
            ],
            [
              -101.97307128906236,
              29.81842682499398
            ],
            [
              -101.95786132812492,
              29.814276434369138
            ],
            [
              -101.94353027343742,
              29.803827215619066
            ],
            [
              -101.93041992187504,
              29.79791901249418
            ],
            [
              -101.92099609374988,
              29.798407293744006
            ],
            [
              -101.91171874999988,
              29.80011627811906
            ],
            [
              -101.90317382812492,
              29.803485418744064
            ],
            [
              -101.89628906250007,
              29.808783270306595
            ],
            [
              -101.88823242187495,
              29.812518621869067
            ],
            [
              -101.87834472656245,
              29.81105377811907
            ],
            [
              -101.858447265625,
              29.805365301556776
            ],
            [
              -101.82495117187493,
              29.805365301556574
            ],
            [
              -101.81352539062495,
              29.812274481244096
            ],
            [
              -101.8068115234374,
              29.8121279968691
            ],
            [
              -101.80380859375008,
              29.80170319218167
            ],
            [
              -101.79533691406264,
              29.796087957806655
            ],
            [
              -101.63305664062499,
              29.775824285931655
            ],
            [
              -101.58110351562493,
              29.781805731244223
            ],
            [
              -101.56577148437493,
              29.786688543744095
            ],
            [
              -101.55478515625012,
              29.796893621869195
            ],
            [
              -101.55058593750002,
              29.815936590618943
            ],
            [
              -101.54729003906253,
              29.820379949994205
            ],
            [
              -101.54003906249989,
              29.818182684369038
            ],
            [
              -101.53276367187489,
              29.811346746869116
            ],
            [
              -101.52946777343743,
              29.801703192181584
            ],
            [
              -101.53134765625012,
              29.7966983093691
            ],
            [
              -101.54052734374989,
              29.779364324994173
            ],
            [
              -101.54375000000007,
              29.77125885624412
            ],
            [
              -101.52263183593753,
              29.766180731244123
            ],
            [
              -101.50659179687509,
              29.774115301556574
            ],
            [
              -101.49106445312508,
              29.78576080936903
            ],
            [
              -101.47172851562512,
              29.791693426556613
            ],
            [
              -101.4633056640624,
              29.789081121869042
            ],
            [
              -101.4564697265626,
              29.776068426556712
            ],
            [
              -101.4469482421874,
              29.77125885624415
            ],
            [
              -101.4359619140626,
              29.770331121868995
            ],
            [
              -101.42504882812497,
              29.77167389530661
            ],
            [
              -101.41484374999986,
              29.774603582806687
            ],
            [
              -101.40593261718739,
              29.778680731244194
            ],
            [
              -101.41020507812487,
              29.765985418743966
            ],
            [
              -101.40739746093733,
              29.753119207806627
            ],
            [
              -101.40048828124995,
              29.740912176556545
            ],
            [
              -101.3842041015625,
              29.718695379681577
            ],
            [
              -101.37744140625004,
              29.700873114056655
            ],
            [
              -101.3651611328125,
              29.676874090619062
            ],
            [
              -101.3585693359376,
              29.667596746869233
            ],
            [
              -101.34985351562511,
              29.660345770306563
            ],
            [
              -101.33708496093757,
              29.654559637494145
            ],
            [
              -101.31059570312503,
              29.65473053593152
            ],
            [
              -101.30192871093753,
              29.64972565311906
            ],
            [
              -101.30351562499987,
              29.634100653119248
            ]
          ],
          [
            [
              -99.4625732421876,
              27.057147528119224
            ],
            [
              -99.44287109374994,
              27.089862371869103
            ],
            [
              -99.44023437499987,
              27.098578192181627
            ],
            [
              -99.44223632812492,
              27.107733465619333
            ],
            [
              -99.44658203124992,
              27.114935614056584
            ],
            [
              -99.45102539062506,
              27.120672918744297
            ],
            [
              -99.45322265625006,
              27.12526276249433
            ],
            [
              -99.45117187500003,
              27.145331121869035
            ],
            [
              -99.43662109374999,
              27.188666082806442
            ],
            [
              -99.43278808593749,
              27.207831121869063
            ],
            [
              -99.4348632812501,
              27.227167059369144
            ],
            [
              -99.44169921874999,
              27.244989324994243
            ],
            [
              -99.45263671874991,
              27.261419989056392
            ],
            [
              -99.4668945312499,
              27.276678778119084
            ],
            [
              -99.46977539062492,
              27.278387762494248
            ],
            [
              -99.48120117187501,
              27.283514715619035
            ],
            [
              -99.48374023437492,
              27.286932684369027
            ],
            [
              -99.48569335937509,
              27.294989324994148
            ],
            [
              -99.48740234375003,
              27.297796942181527
            ],
            [
              -99.49399414062506,
              27.301459051556485
            ],
            [
              -99.52214355468745,
              27.311468817181428
            ],
            [
              -99.5156738281249,
              27.321966864056634
            ],
            [
              -99.49838867187489,
              27.33898346561928
            ],
            [
              -99.49487304687509,
              27.348407293744017
            ],
            [
              -99.49370117187502,
              27.359076239056705
            ],
            [
              -99.48857421874992,
              27.37208893436918
            ],
            [
              -99.48544921874992,
              27.391913153119205
            ],
            [
              -99.47648925781246,
              27.414984442181755
            ],
            [
              -99.47373046874989,
              27.42687409061898
            ],
            [
              -99.47446289062492,
              27.46405670780657
            ],
            [
              -99.47373046874995,
              27.468524481243982
            ],
            [
              -99.47722167968752,
              27.482684637494117
            ],
            [
              -99.48120117187501,
              27.490985418744238
            ],
            [
              -99.48911132812502,
              27.494891668744167
            ],
            [
              -99.50444335937505,
              27.49579498905654
            ],
            [
              -99.51030273437497,
              27.500262762494266
            ],
            [
              -99.5108398437499,
              27.510809637494255
            ],
            [
              -99.50786132812499,
              27.53363678593152
            ],
            [
              -99.50798339843743,
              27.57399323124413
            ],
            [
              -99.51586914062503,
              27.588812567181378
            ],
            [
              -99.53581542968747,
              27.60504791874429
            ],
            [
              -99.55583496093756,
              27.613714910931712
            ],
            [
              -99.57304687499996,
              27.61871979374417
            ],
            [
              -99.57902832031262,
              27.623065496869252
            ],
            [
              -99.59111328125005,
              27.64227936405669
            ],
            [
              -99.60100097656257,
              27.646600653119023
            ],
            [
              -99.61328125,
              27.64386627811919
            ],
            [
              -99.63432617187513,
              27.633246160931627
            ],
            [
              -99.64567871093735,
              27.63292877811915
            ],
            [
              -99.64946289062507,
              27.637152410931563
            ],
            [
              -99.65952148437498,
              27.654242254681428
            ],
            [
              -99.66552734375009,
              27.65968659061904
            ],
            [
              -99.7012207031249,
              27.659442449994074
            ],
            [
              -99.70654296874996,
              27.663397528119106
            ],
            [
              -99.72387695312497,
              27.687567449994212
            ],
            [
              -99.73144531249991,
              27.692010809369222
            ],
            [
              -99.7348632812499,
              27.702264715618817
            ],
            [
              -99.73710937499989,
              27.713885809368954
            ],
            [
              -99.74125976562493,
              27.722357489056854
            ],
            [
              -99.74814453124988,
              27.726263739056755
            ],
            [
              -99.76604003906249,
              27.73139069218157
            ],
            [
              -99.77539062500009,
              27.736029364056442
            ],
            [
              -99.78764648437487,
              27.74872467655672
            ],
            [
              -99.79624023437489,
              27.762152410931655
            ],
            [
              -99.8090087890624,
              27.77265045780654
            ],
            [
              -99.83374023437487,
              27.776971746869194
            ],
            [
              -99.83378906249986,
              27.782416082806485
            ],
            [
              -99.84555664062502,
              27.793817449994087
            ],
            [
              -99.85905761718749,
              27.8037783874939
            ],
            [
              -99.86411132812499,
              27.804950262493996
            ],
            [
              -99.86552734375003,
              27.814520574994106
            ],
            [
              -99.86264648437489,
              27.836297918744236
            ],
            [
              -99.86411132812493,
              27.845892645306776
            ],
            [
              -99.87175292968737,
              27.85468170780652
            ],
            [
              -99.88103027343735,
              27.859442449994013
            ],
            [
              -99.88884277343762,
              27.865057684369084
            ],
            [
              -99.89208984374989,
              27.876288153119198
            ],
            [
              -99.88347167968746,
              27.89179108280657
            ],
            [
              -99.87963867187494,
              27.902044989056797
            ],
            [
              -99.88217773437509,
              27.90668366093167
            ],
            [
              -99.89755859374985,
              27.913153387493985
            ],
            [
              -99.91508789062502,
              27.92848541874421
            ],
            [
              -99.9307617187499,
              27.94655182499431
            ],
            [
              -99.94052734374999,
              27.961297918744016
            ],
            [
              -99.92905273437499,
              27.976019598431655
            ],
            [
              -99.94150390624996,
              27.983465887494198
            ],
            [
              -99.96264648437499,
              27.98766510624388
            ],
            [
              -99.97739257812503,
              27.992694403119067
            ],
            [
              -99.99194335937501,
              28.008002020306918
            ],
            [
              -100.00139160156249,
              28.02062409061906
            ],
            [
              -100.00830078125009,
              28.033758856244177
            ],
            [
              -100.01499023437505,
              28.050653387494208
            ],
            [
              -100.0143310546875,
              28.057196356244056
            ],
            [
              -100.01132812499995,
              28.063836981244144
            ],
            [
              -100.01103515624999,
              28.069110418744295
            ],
            [
              -100.01840820312509,
              28.071161199994037
            ],
            [
              -100.03232421874995,
              28.08204987186894
            ],
            [
              -100.04589843749999,
              28.095526434368978
            ],
            [
              -100.04882812499987,
              28.10272858280655
            ],
            [
              -100.04973144531247,
              28.116229559368996
            ],
            [
              -100.05729980468747,
              28.13812897343145
            ],
            [
              -100.07568359375009,
              28.15460846561905
            ],
            [
              -100.17368164062488,
              28.19879791874402
            ],
            [
              -100.19003906250003,
              28.2015322937442
            ],
            [
              -100.19848632812493,
              28.207342840619113
            ],
            [
              -100.20200195312484,
              28.22057526249418
            ],
            [
              -100.20378417968737,
              28.234686590619212
            ],
            [
              -100.20678710937507,
              28.243109442181662
            ],
            [
              -100.21362304687506,
              28.24530670780645
            ],
            [
              -100.24155273437508,
              28.249945379681613
            ],
            [
              -100.25878906249987,
              28.260760809369323
            ],
            [
              -100.2759277343751,
              28.277460028119144
            ],
            [
              -100.28520507812497,
              28.296698309369305
            ],
            [
              -100.27880859374994,
              28.315130926556698
            ],
            [
              -100.27939453124986,
              28.331317449993875
            ],
            [
              -100.29472656249989,
              28.35363190311908
            ],
            [
              -100.32348632812493,
              28.387079168743902
            ],
            [
              -100.33251953124989,
              28.42218659061902
            ],
            [
              -100.33715820312501,
              28.458807684369127
            ],
            [
              -100.3409912109376,
              28.46447174686933
            ],
            [
              -100.34916992187503,
              28.47052643436892
            ],
            [
              -100.35644531250001,
              28.47833893436907
            ],
            [
              -100.35759277343756,
              28.48952057499408
            ],
            [
              -100.35246582031246,
              28.496942449994243
            ],
            [
              -100.32348632812511,
              28.510614324994123
            ],
            [
              -100.36484375000009,
              28.52501862186925
            ],
            [
              -100.38505859374987,
              28.537420965619148
            ],
            [
              -100.39853515624993,
              28.557806707806648
            ],
            [
              -100.39951171874993,
              28.568866278119017
            ],
            [
              -100.39794921875006,
              28.592962957806584
            ],
            [
              -100.40227050781253,
              28.602484442181584
            ],
            [
              -100.41228027343742,
              28.609564520306506
            ],
            [
              -100.43564453124989,
              28.61940338749431
            ],
            [
              -100.44702148437489,
              28.626727606244202
            ],
            [
              -100.44565429687492,
              28.643988348431535
            ],
            [
              -100.48222656250007,
              28.686297918744216
            ],
            [
              -100.4947998046876,
              28.708612371869137
            ],
            [
              -100.51987304687502,
              28.8051944031193
            ],
            [
              -100.52580566406257,
              28.815057684369194
            ],
            [
              -100.53007812499995,
              28.82018463749398
            ],
            [
              -100.53525390625003,
              28.830438543744208
            ],
            [
              -100.53947753906245,
              28.835882879681506
            ],
            [
              -100.54594726562502,
              28.83917877811914
            ],
            [
              -100.56047363281245,
              28.839667059369113
            ],
            [
              -100.56706542968755,
              28.842718817181776
            ],
            [
              -100.57055664062507,
              28.849872137494238
            ],
            [
              -100.5642089843751,
              28.862323309368918
            ],
            [
              -100.56706542968752,
              28.869989324994044
            ],
            [
              -100.57260742187508,
              28.87340729374401
            ],
            [
              -100.58740234374991,
              28.879950262494177
            ],
            [
              -100.59038085937505,
              28.883661199993924
            ],
            [
              -100.59580078124986,
              28.899530340619222
            ],
            [
              -100.60776367187495,
              28.91034577030662
            ],
            [
              -100.61967773437485,
              28.918158270306456
            ],
            [
              -100.62509765625008,
              28.924920965619187
            ],
            [
              -100.62558593749985,
              28.938006903119202
            ],
            [
              -100.62749023437497,
              28.94855377811922
            ],
            [
              -100.63159179687491,
              28.956903387494158
            ],
            [
              -100.63876953125,
              28.963153387494224
            ],
            [
              -100.62973632812495,
              28.98456452030642
            ],
            [
              -100.63359374999989,
              29.00538971561908
            ],
            [
              -100.65307617187491,
              29.04503815311915
            ],
            [
              -100.66166992187493,
              29.102850653119205
            ],
            [
              -100.66977539062496,
              29.116400457806755
            ],
            [
              -100.67900390625009,
              29.119574285931463
            ],
            [
              -100.69165039062496,
              29.121161199994276
            ],
            [
              -100.70288085937501,
              29.12389557499411
            ],
            [
              -100.70769042968755,
              29.130389715619174
            ],
            [
              -100.71054687500005,
              29.135760809369245
            ],
            [
              -100.76328124999993,
              29.17394440311915
            ],
            [
              -100.77092285156243,
              29.18751862186911
            ],
            [
              -100.76293945312501,
              29.208929754681336
            ],
            [
              -100.783984375,
              29.243280340619137
            ],
            [
              -100.79697265624993,
              29.257879949994106
            ],
            [
              -100.81689453125004,
              29.27101471561894
            ],
            [
              -100.86474609374989,
              29.290838934369276
            ],
            [
              -100.87260742187492,
              29.29669830936932
            ],
            [
              -100.8920166015625,
              29.318793035931677
            ],
            [
              -100.91557617187503,
              29.337274481243853
            ],
            [
              -100.98820800781242,
              29.36652252811893
            ],
            [
              -100.99912109375005,
              29.372674871869076
            ],
            [
              -101.0088867187499,
              29.380804754681737
            ],
            [
              -101.01708984374997,
              29.39032623905674
            ],
            [
              -101.02299804687486,
              29.40070221561898
            ],
            [
              -101.02670898437486,
              29.414569403119042
            ],
            [
              -101.03044433593742,
              29.443182684369127
            ],
            [
              -101.03862304687507,
              29.460272528118995
            ]
          ],
          [
            [
              -97.1392578125,
              25.965838934368904
            ],
            [
              -97.20573730468746,
              25.960809637494037
            ],
            [
              -97.25390624999996,
              25.96373932499406
            ],
            [
              -97.2671875,
              25.960809637494357
            ],
            [
              -97.27001953124994,
              25.94459869999413
            ],
            [
              -97.28842773437513,
              25.928900457806606
            ],
            [
              -97.31176757812489,
              25.922308660931655
            ],
            [
              -97.32927246093753,
              25.93353912968177
            ],
            [
              -97.35190429687508,
              25.91864655155669
            ],
            [
              -97.35595703125011,
              25.91303131718162
            ],
            [
              -97.353125,
              25.894720770306556
            ],
            [
              -97.34599609374987,
              25.87194244999411
            ],
            [
              -97.34653320312503,
              25.852411199994187
            ],
            [
              -97.36679687499992,
              25.844183660931577
            ],
            [
              -97.37680664062512,
              25.846991278118956
            ],
            [
              -97.38095703124999,
              25.853461004681606
            ],
            [
              -97.3839599609375,
              25.860711981244307
            ],
            [
              -97.39072265625009,
              25.865838934369094
            ],
            [
              -97.39868164062497,
              25.866083074994066
            ],
            [
              -97.4003173828124,
              25.861395574994084
            ],
            [
              -97.40073242187495,
              25.855292059369077
            ],
            [
              -97.40502929687513,
              25.85162994999414
            ],
            [
              -97.42626953125004,
              25.855169989056748
            ],
            [
              -97.43652343750013,
              25.86950104374405
            ],
            [
              -97.44213867187494,
              25.885199285931584
            ],
            [
              -97.44907226562503,
              25.892523504681478
            ],
            [
              -97.47026367187493,
              25.893182684369194
            ],
            [
              -97.487158203125,
              25.895941473431755
            ],
            [
              -97.50302734374986,
              25.90211823124399
            ],
            [
              -97.52104492187503,
              25.91303131718162
            ],
            [
              -97.56596679687497,
              25.954950262494314
            ],
            [
              -97.59514160156239,
              25.96657135624416
            ],
            [
              -97.60563964843759,
              25.9801699890565
            ],
            [
              -97.61386718750009,
              25.996161199994155
            ],
            [
              -97.62346191406255,
              26.00929596561896
            ],
            [
              -97.64233398437489,
              26.02272369999418
            ],
            [
              -97.66074218749999,
              26.03087799686925
            ],
            [
              -97.68041992187496,
              26.034857489056407
            ],
            [
              -97.76774902343756,
              26.039862371869184
            ],
            [
              -97.78110351562495,
              26.04340241093147
            ],
            [
              -97.7831298828124,
              26.05885651249403
            ],
            [
              -97.80278320312487,
              26.06391022343162
            ],
            [
              -97.87900390624998,
              26.06398346561916
            ],
            [
              -97.94248046874995,
              26.057074285931698
            ],
            [
              -98.00009765625009,
              26.064520574993914
            ],
            [
              -98.01391601562504,
              26.06391022343162
            ],
            [
              -98.04501953125005,
              26.04901764530654
            ],
            [
              -98.06633300781245,
              26.04235260624405
            ],
            [
              -98.07597656250007,
              26.046820379681783
            ],
            [
              -98.08408203125003,
              26.07111237186887
            ],
            [
              -98.10393066406235,
              26.0752139343693
            ],
            [
              -98.1510498046876,
              26.06391022343162
            ],
            [
              -98.18583984375009,
              26.065497137494113
            ],
            [
              -98.223486328125,
              26.075628973431705
            ],
            [
              -98.3012695312499,
              26.111639715618935
            ],
            [
              -98.3105957031251,
              26.12128327030655
            ],
            [
              -98.33383789062505,
              26.1531924499943
            ],
            [
              -98.34008789062497,
              26.16010162968145
            ],
            [
              -98.3665527343751,
              26.160419012493954
            ],
            [
              -98.37810058593756,
              26.163836981243918
            ],
            [
              -98.37810058593747,
              26.17384674686918
            ],
            [
              -98.37016601562499,
              26.19420807499396
            ],
            [
              -98.39794921874999,
              26.2012881531192
            ],
            [
              -98.42968749999996,
              26.217962957806634
            ],
            [
              -98.45737304687509,
              26.226141668744113
            ],
            [
              -98.47319335937503,
              26.20787994999418
            ],
            [
              -98.49382324218742,
              26.230780340618956
            ],
            [
              -98.52231445312486,
              26.241156317181513
            ],
            [
              -98.5536376953124,
              26.248602606244056
            ],
            [
              -98.5824462890625,
              26.262518621868928
            ],
            [
              -98.64140625000007,
              26.2420108093691
            ],
            [
              -98.65446777343736,
              26.244501043743966
            ],
            [
              -98.66552734375013,
              26.250848699994293
            ],
            [
              -98.68608398437497,
              26.268670965619073
            ],
            [
              -98.69414062499987,
              26.270770574993918
            ],
            [
              -98.70312500000003,
              26.271918035931577
            ],
            [
              -98.70512695312507,
              26.276874090618932
            ],
            [
              -98.69230957031249,
              26.2903994812441
            ],
            [
              -98.70224609374984,
              26.299335028119216
            ],
            [
              -98.7140380859374,
              26.303583074994037
            ],
            [
              -98.72705078124997,
              26.304559637494265
            ],
            [
              -98.74072265625004,
              26.303485418744117
            ],
            [
              -98.7367431640624,
              26.32025787968179
            ],
            [
              -98.7472412109374,
              26.332391668743988
            ],
            [
              -98.78166503906255,
              26.35187409061912
            ],
            [
              -98.7966796875,
              26.36852448124383
            ],
            [
              -98.8021728515624,
              26.37238190311895
            ],
            [
              -98.81113281249989,
              26.37267487186905
            ],
            [
              -98.8181152343751,
              26.368719793743992
            ],
            [
              -98.82578124999996,
              26.366644598431556
            ],
            [
              -98.83691406250001,
              26.37238190311895
            ],
            [
              -98.84311523437498,
              26.366034246868942
            ],
            [
              -98.85166015624984,
              26.36427643436901
            ],
            [
              -98.86132812500013,
              26.366522528118907
            ],
            [
              -98.8710937500001,
              26.37238190311895
            ],
            [
              -98.8938476562499,
              26.36810944218172
            ],
            [
              -98.93071289062502,
              26.392450262494258
            ],
            [
              -98.9461425781251,
              26.378534246869094
            ],
            [
              -98.95493164062488,
              26.39415924686908
            ],
            [
              -98.96367187499996,
              26.39972565311905
            ],
            [
              -98.98779296874996,
              26.400262762494123
            ],
            [
              -99.00493164062502,
              26.394061590618847
            ],
            [
              -99.01132812499999,
              26.39284088749428
            ],
            [
              -99.01726074218755,
              26.39472077030659
            ],
            [
              -99.023779296875,
              26.403583074993847
            ],
            [
              -99.02873535156257,
              26.406512762494188
            ],
            [
              -99.04843750000006,
              26.40717194218159
            ],
            [
              -99.0671874999999,
              26.405047918744337
            ],
            [
              -99.0862792968751,
              26.407831121868988
            ],
            [
              -99.10722656250003,
              26.42321198124403
            ],
            [
              -99.10971679687489,
              26.434442449994144
            ],
            [
              -99.10332031249997,
              26.447211004681684
            ],
            [
              -99.09453124999995,
              26.45997955936887
            ],
            [
              -99.09018554687495,
              26.47138092655679
            ],
            [
              -99.09228515625003,
              26.484198309369084
            ],
            [
              -99.10380859374992,
              26.512323309369222
            ],
            [
              -99.11589355468747,
              26.52589752811887
            ],
            [
              -99.14169921874995,
              26.5316104187442
            ],
            [
              -99.1656982421876,
              26.540643621869236
            ],
            [
              -99.17211914062491,
              26.5641543640566
            ]
          ],
          [
            [
              -107.16997070312493,
              33.35573151249404
            ],
            [
              -107.1709472656251,
              33.345965887493946
            ],
            [
              -107.17099609374986,
              33.32594635624406
            ],
            [
              -107.16899414062502,
              33.303412176556634
            ],
            [
              -107.16606445312495,
              33.28375885624422
            ],
            [
              -107.16357421874984,
              33.25983307499405
            ],
            [
              -107.17221679687509,
              33.237811590619124
            ],
            [
              -107.17937011718746,
              33.22479889530659
            ],
            [
              -107.17724609374999,
              33.20802643436903
            ],
            [
              -107.17612304687496,
              33.189520574994184
            ],
            [
              -107.18139648437509,
              33.17316315311911
            ]
          ],
          [
            [
              -107.2808105468751,
              33.11427643436923
            ],
            [
              -107.28393554687516,
              33.105975653119046
            ],
            [
              -107.28276367187486,
              33.091327215619145
            ],
            [
              -107.28227539062503,
              33.06354401249395
            ],
            [
              -107.2939453124999,
              32.97833893436918
            ],
            [
              -107.29516601562496,
              32.93610260624406
            ],
            [
              -107.29345703124996,
              32.910345770306456
            ]
          ],
          [
            [
              -101.30351562499987,
              29.634100653119248
            ],
            [
              -101.31169433593733,
              29.61298248905649
            ],
            [
              -101.3129882812501,
              29.59808991093141
            ],
            [
              -101.30180664062492,
              29.594354559368938
            ],
            [
              -101.284423828125,
              29.608026434369133
            ],
            [
              -101.25961914062498,
              29.620428778119024
            ],
            [
              -101.23471679687508,
              29.622870184369106
            ],
            [
              -101.21982421874986,
              29.61046784061921
            ],
            [
              -101.218603515625,
              29.584418035931506
            ],
            [
              -101.22729492187501,
              29.554632879681673
            ],
            [
              -101.22355957031256,
              29.54096100468145
            ],
            [
              -101.21367187499995,
              29.53180573124409
            ],
            [
              -101.20263671875001,
              29.530877996868995
            ],
            [
              -101.19223632812488,
              29.528338934369312
            ],
            [
              -101.18352050781242,
              29.52252838749406
            ],
            [
              -101.16440429687512,
              29.50153229374397
            ],
            [
              -101.13559570312503,
              29.487860418744063
            ],
            [
              -101.06877441406235,
              29.46967194218167
            ],
            [
              -101.0389892578126,
              29.46039459843132
            ]
          ],
          [
            [
              -99.17236328124994,
              26.56593659061928
            ],
            [
              -99.17919921875013,
              26.613885809369123
            ],
            [
              -99.18193359374989,
              26.63014557499416
            ],
            [
              -99.2221679687499,
              26.7359561218692
            ],
            [
              -99.23491210937506,
              26.78388092655664
            ],
            [
              -99.24912109374995,
              26.827264715619187
            ],
            [
              -99.2636718749999,
              26.84430573124392
            ],
            [
              -99.28051757812509,
              26.859930731244255
            ],
            [
              -99.29477539062506,
              26.876532293744177
            ],
            [
              -99.3267578125,
              26.91173737186893
            ],
            [
              -99.33774414062506,
              26.92499420780669
            ],
            [
              -99.37768554687489,
              26.95392487186929
            ],
            [
              -99.38701171874985,
              26.96242096561896
            ],
            [
              -99.39116210937496,
              26.97333405155659
            ],
            [
              -99.390966796875,
              26.99384186405674
            ],
            [
              -99.39360351562495,
              27.004950262494233
            ],
            [
              -99.40014648437503,
              27.0128115906192
            ],
            [
              -99.40812988281252,
              27.014715887494184
            ],
            [
              -99.41684570312496,
              27.015082098431826
            ],
            [
              -99.4255371093751,
              27.01813385624417
            ],
            [
              -99.44067382812506,
              27.029120184369
            ],
            [
              -99.44458007812511,
              27.034857489056712
            ],
            [
              -99.46257324218735,
              27.057074285931712
            ]
          ]
        ]
      }
    },
    {
      "type": "Feature",
      "properties": {
        "id": "st-lawrence-river",
        "label": "St. Lawrence River",
        "name": "St. Lawrence River",
        "sourceName": "St. Lawrence",
        "type": "river",
        "kind": "river",
        "sourceDataset": "Natural Earth 10m Rivers, lake centerlines",
        "sourceFile": "ne_10m_rivers_lake_centerlines.shp",
        "sourceUrl": "https://naciscdn.org/naturalearth/10m/physical/ne_10m_rivers_lake_centerlines.zip",
        "naturalEarthFeatureClass": "River",
        "naturalEarthRiverNumber": 23,
        "naturalEarthRiverNumbers": [
          23
        ],
        "naturalEarthId": 1159114637,
        "naturalEarthIds": [
          1159114637
        ],
        "sourceRecords": [
          {
            "naturalEarthId": 1159114637,
            "naturalEarthRiverNumber": 23,
            "featureClass": "River",
            "sourceName": "St. Lawrence",
            "partStart": 0,
            "partCount": 1,
            "bounds": [
              -75.79199218749999,
              44.497015692181506,
              -74.71293945312482,
              45.01032135624406
            ]
          }
        ],
        "playableExposure": {
          "status": "memory-trail",
          "reason": "Verified Natural Earth geometry is accepted for normal Memory Trail use."
        },
        "lineWidthPx": 2,
        "highlightWidthPx": 5,
        "hitWidthPx": 30
      },
      "geometry": {
        "type": "LineString",
        "coordinates": [
          [
            -75.79199218749999,
            44.497015692181506
          ],
          [
            -75.75541992187499,
            44.527850653119216
          ],
          [
            -75.70048828125013,
            44.58190338749411
          ],
          [
            -75.27099609375017,
            44.864032293744
          ],
          [
            -75.1304199218749,
            44.92540924686899
          ],
          [
            -75.07641601562516,
            44.935736395306535
          ],
          [
            -75.05949707031243,
            44.94127838749415
          ],
          [
            -75.01567382812505,
            44.966180731244165
          ],
          [
            -74.99943847656245,
            44.972674871869174
          ],
          [
            -74.94091796875017,
            44.98798248905659
          ],
          [
            -74.90454101562504,
            45.00543854374425
          ],
          [
            -74.8872558593747,
            45.00958893436918
          ],
          [
            -74.86923828125006,
            45.01032135624406
          ],
          [
            -74.74228515625018,
            44.99909088749412
          ],
          [
            -74.71293945312482,
            44.99928619999413
          ]
        ]
      }
    }
  ]
}
